product_id,sku,product_name,category,subcategory,brand,unit_cost,selling_price,supplier_id,standard_lead_time_days,minimum_order_quantity,shelf_life_days,is_seasonal,launch_date,product_status,total_net_sales,total_units_sold,ABC_class,fast_moving_flag,slow_moving_flag,high_value_flag
P00001,HOM-00001-5270,Timbercrest X200 Stock Pot,Home & Kitchen,Cookware,Timbercrest,6.61,10.99,SUP026,32,398,,False,2025-10-03,Active,1425.89,137,C,0,0,0
P00002,HOM-00002-9258,Harborlight Elite Comforter,Home & Kitchen,Bedding & Linens,Harborlight,85.45,188.99,SUP176,52,85,,False,2025-06-06,Active,58564.13,331,A,1,0,1
P00003,BEA-00003-5891,Ostrom Advanced Styling Cream,Beauty,Haircare,Ostrom,9.76,21.99,SUP018,49,331,146.0,False,2025-12-25,Active,11002.12,535,A,1,0,0
P00004,HOM-00004-5980,Willowbrook Deluxe Shelving Unit,Home & Kitchen,Storage & Organization,Willowbrook,5.01,7.99,SUP194,3,399,,False,2025-06-14,Active,3322.87,455,B,1,0,0
P00005,ELE-00005-8377,Sunneva Max Sleep Tracker Ring,Electronics,Wearable Tech,Sunneva,29.24,45.99,SUP159,15,133,,False,2024-04-24,Active,13862.13,322,A,1,0,0
P00006,ELE-00006-4155,Fernwood Pro Screen Protector 2-Pack,Electronics,Mobile Accessories,Fernwood,25.42,46.99,SUP211,24,166,,False,2025-01-07,Active,1976.15,44,C,0,0,0
P00007,PER-00007-4146,Ashford Pro Smart Scale,Personal Care,Health Monitoring,Ashford,1.92,3.99,SUP215,14,592,545.0,False,2026-06-19,Active,6473.54,1741,B,1,0,0
P00008,ELE-00008-7712,NorthPoint Everyday Plus Smart Plug,Electronics,Smart Home Devices,NorthPoint,115.29,194.99,SUP028,52,50,,False,2026-01-21,Active,9131.1,50,A,0,0,1
P00009,ELE-00009-3199,Vaultis Elite Camera Backpack,Electronics,Cameras & Accessories,Vaultis,12.8,27.99,SUP068,29,217,,False,2024-11-16,Active,8340.0,319,A,1,0,0
P00010,BEA-00010-8452,Sunneva Compact Body Wash,Beauty,Bath & Body,Sunneva,4.93,12.99,SUP060,27,521,289.0,False,2026-04-28,Active,3795.93,316,B,1,0,0
P00011,HOM-00011-5938,BlueStone Ultra Pillow 2-Pack,Home & Kitchen,Bedding & Linens,BlueStone,16.96,32.99,SUP171,57,205,,False,2024-01-07,Active,529.67,16,C,0,1,0
P00012,PER-00012-3748,Ironclad Ultra Blood Pressure Monitor,Personal Care,Health Monitoring,Ironclad,8.47,15.99,SUP064,12,335,251.0,False,2025-05-01,Active,1237.46,84,C,0,0,1
P00013,PER-00013-9478,Crestmark Everyday Whitening Kit,Personal Care,Oral Care,Crestmark,3.5,6.99,SUP152,10,516,213.0,False,2025-12-06,Active,992.29,153,C,0,0,0
P00014,BEA-00014-2306,Palisade Deluxe Shampoo & Conditioner Set,Beauty,Haircare,Palisade,10.2,29.99,SUP117,11,244,209.0,False,2025-09-06,Active,1287.36,46,C,0,0,0
P00015,BEA-00015-8514,Aurelia Essential Eau de Parfum,Beauty,Fragrances,Aurelia,28.84,52.99,SUP164,28,131,434.0,False,2024-06-12,Active,2988.35,61,B,0,0,1
P00016,BEA-00016-5783,Cedarwood Everyday Plus Bath Bomb Set,Beauty,Bath & Body,Cedarwood,11.7,24.99,SUP093,18,174,449.0,True,2024-05-13,Seasonal,16777.21,719,A,1,0,0
P00017,ELE-00017-3188,Glacier Premium Wireless Mouse,Electronics,Laptop Accessories,Glacier,24.2,51.99,SUP274,21,92,,False,2025-11-09,Active,3149.85,64,B,0,0,0
P00018,GRO-00018-6544,Novara Series 2 Breakfast Bar Box,Grocery,Breakfast Foods,Novara,2.68,4.07,SUP288,37,691,116.0,False,2026-06-29,Active,50.43,13,C,0,1,0
P00019,ELE-00019-9591,Harborlight Deluxe Action Camera,Electronics,Cameras & Accessories,Harborlight,79.82,156.99,SUP093,17,66,,True,2025-11-27,Seasonal,2932.68,20,B,0,1,1
P00020,ELE-00020-2557,Novara Elite Wireless Mouse,Electronics,Laptop Accessories,Novara,12.08,18.99,SUP274,20,248,,True,2026-02-21,Seasonal,7837.94,441,B,1,0,0
P00021,CLO-00021-5724,Comet X200 High-Waist Jeans,Clothing,Women's Apparel,Comet,22.3,43.99,SUP236,2,159,,False,2026-04-10,Active,10647.47,264,A,1,0,1
P00022,ELE-00022-7365,Comet Premium Wireless Charger,Electronics,Mobile Accessories,Comet,180.88,317.99,SUP052,49,35,,False,2026-05-15,Active,46071.95,154,A,0,0,1
P00023,ELE-00023-4788,Ostrom Deluxe Wireless Earbuds,Electronics,Headphones & Audio,Ostrom,30.11,48.99,SUP159,13,84,,False,2025-12-21,Active,18897.76,415,A,1,0,0
P00024,CLO-00024-3062,Willowbrook Elite Ankle Boots,Clothing,Footwear,Willowbrook,51.85,114.99,SUP102,19,142,,False,2025-12-10,Active,6055.07,56,B,0,0,1
P00025,BEA-00025-3593,UrbanNest Signature Makeup Brush Set,Beauty,Makeup,UrbanNest,14.32,38.99,SUP241,27,185,235.0,True,2025-12-21,Seasonal,1240.52,34,C,0,1,1
P00026,HOM-00026-4746,Glacier Ultra Cookware Set,Home & Kitchen,Cookware,Glacier,4.01,8.99,SUP270,25,355,,False,2024-10-21,Active,495.2,60,C,0,0,0
P00027,ELE-00027-6643,Cedarwood Essential Laptop Sleeve,Electronics,Laptop Accessories,Cedarwood,80.4,163.99,SUP171,45,52,,True,2025-05-07,Seasonal,783.84,6,C,0,1,1
P00028,HOM-00028-6380,Ashford Lite Area Rug,Home & Kitchen,Home Decor,Ashford,22.57,50.99,SUP171,47,94,,False,2024-07-21,Active,2268.52,49,B,0,0,0
P00029,HOM-00029-6209,Lumino Advanced Area Rug,Home & Kitchen,Home Decor,Lumino,10.88,24.99,SUP210,22,291,,False,2025-04-29,Active,6337.08,278,B,1,0,0
P00030,TOY-00030-4271,Ridgeline Max Magnetic Tile Set,Toys,Building Sets,Ridgeline,6.32,13.99,SUP148,29,438,,False,2025-04-11,Active,2098.93,159,B,0,0,0
P00031,PER-00031-8424,Quinley Everyday Plus Electric Toothbrush,Personal Care,Oral Care,Quinley,8.98,16.99,SUP137,54,214,122.0,False,2024-03-03,Active,1067.79,69,C,0,0,1
P00032,BEA-00032-4984,Kestrel Premium Fragrance Gift Set,Beauty,Fragrances,Kestrel,2.42,5.99,SUP159,13,532,390.0,False,2024-03-16,Active,227.15,42,C,0,0,0
P00033,BEA-00033-9232,BlueStone Pro Hair Dryer,Beauty,Haircare,BlueStone,9.69,23.99,SUP245,15,287,161.0,True,2026-05-17,Seasonal,67453.0,3015,A,1,0,0
P00034,SPO-00034-3859,Novara Lite Adjustable Dumbbell Set,Sports,Fitness Equipment,Novara,8.51,13.99,SUP176,41,199,,True,2025-05-18,Seasonal,491.67,38,C,0,1,0
P00035,BOO-00035-7717,Trailhaven Everyday Plus Activity Book,Books,Children's Books,Trailhaven,7.1,10.99,SUP028,54,274,,True,2024-01-30,Seasonal,1328.24,131,C,0,0,0
P00036,HOM-00036-6002,Norwell Deluxe Coffee Maker,Home & Kitchen,Small Appliances,Norwell,35.0,59.99,SUP028,58,127,,False,2024-12-03,Active,21401.61,388,A,1,0,1
P00037,ELE-00037-2664,Ironclad Elite Over-Ear Headphones,Electronics,Headphones & Audio,Ironclad,80.25,110.99,SUP115,42,91,,False,2026-03-23,Active,8272.09,82,A,0,0,1
P00038,BEA-00038-1800,Aurelia Advanced Loofah & Soap Set,Beauty,Bath & Body,Aurelia,6.13,14.99,SUP185,16,472,73.0,False,2025-10-25,Active,705.97,51,C,0,0,0
P00039,CLO-00039-2192,Copperfield Max High-Waist Jeans,Clothing,Women's Apparel,Copperfield,10.59,24.99,SUP109,38,247,,False,2026-01-21,Active,6715.38,286,B,1,0,0
P00040,HOM-00040-5220,Everline Series 2 Area Rug,Home & Kitchen,Home Decor,Everline,17.92,40.99,SUP104,25,147,,False,2025-07-24,Active,307.97,8,C,0,1,0
P00041,GRO-00041-5824,Foundry Everyday Herbal Tea Sampler,Grocery,Beverages,Foundry,5.24,8.99,SUP270,21,412,380.0,False,2025-09-30,Active,7490.31,909,B,1,0,0
P00042,GRO-00042-7072,Ironclad Pro Trail Mix,Grocery,Snacks,Ironclad,3.66,5.99,SUP261,63,297,488.0,True,2024-08-12,Seasonal,709.42,127,C,0,0,0
P00043,GRO-00043-2382,Glacier Elite Hot Sauce Set,Grocery,Condiments & Sauces,Glacier,4.84,8.99,SUP138,18,219,72.0,False,2026-02-06,Active,555.12,67,C,0,0,0
P00044,CLO-00044-2658,Glacier Series 2 Training Jacket,Clothing,Activewear,Glacier,23.97,62.99,SUP210,23,141,,False,2025-10-30,Active,434.9,7,C,0,1,1
P00045,SPO-00045-6553,Vaultis Max Shin Guards,Sports,Team Sports Gear,Vaultis,6.95,12.99,SUP122,14,197,,False,2024-08-06,Discontinued,43.94,4,C,0,1,0
P00046,CLO-00046-6190,Aurelia Essential Running Shoes,Clothing,Footwear,Aurelia,61.21,123.99,SUP171,46,92,,False,2024-10-10,Active,6787.53,58,B,0,0,1
P00047,HOM-00047-2454,Kestrel Classic Sheet Set,Home & Kitchen,Bedding & Linens,Kestrel,53.54,92.99,SUP068,25,86,,False,2025-11-30,Active,79543.03,922,A,1,0,1
P00048,ELE-00048-6242,Trailhaven Essential Laptop Stand,Electronics,Laptop Accessories,Trailhaven,31.91,61.99,SUP148,23,180,,False,2024-08-14,Active,9463.47,167,A,0,0,0
P00049,AUT-00049-3089,Pinnacle Ultra Socket Wrench Set,Automotive,Tools & Equipment,Pinnacle,21.97,38.99,SUP176,54,120,,False,2025-09-02,Active,5505.48,152,B,0,0,0
P00050,CLO-00050-3766,Cedarwood Series 2 Denim Jacket,Clothing,Men's Apparel,Cedarwood,13.48,25.99,SUP117,10,253,,False,2025-01-16,Active,3721.54,157,B,0,0,0
P00051,ELE-00051-1753,Glacier Advanced Lens Filter Set,Electronics,Cameras & Accessories,Glacier,23.78,38.99,SUP218,61,176,,False,2024-09-18,Active,104393.23,2883,A,1,0,0
P00052,GRO-00052-1621,Cedarwood Deluxe Sports Drink Case,Grocery,Beverages,Cedarwood,2.79,4.2,SUP068,28,734,503.0,False,2024-05-23,Active,177.41,45,C,0,0,0
P00053,TOY-00053-8533,Driftwood Deluxe Counting Puzzle,Toys,Educational Toys,Driftwood,13.7,22.99,SUP008,19,227,,False,2025-10-20,Active,15494.16,725,A,1,0,0
P00054,TOY-00054-9611,Driftwood Elite Construction Blocks,Toys,Building Sets,Driftwood,23.61,55.99,SUP274,22,201,,False,2024-10-23,Active,1467.29,29,C,0,1,1
P00055,AUT-00055-6305,Timbercrest Max Tire Inflator,Automotive,Tire & Wheel Care,Timbercrest,5.01,8.99,SUP099,18,326,,False,2025-05-22,Active,384.27,48,C,0,0,0
P00056,BOO-00056-1875,Brightline Elite Popular Science Paperback,Books,Non-Fiction,Brightline,4.39,6.99,SUP060,34,254,,False,2024-08-24,Active,464.91,72,C,0,0,0
P00057,BEA-00057-4117,Harborlight Pro Facial Moisturizer,Beauty,Skincare,Harborlight,4.59,13.99,SUP138,18,360,388.0,False,2024-05-14,Active,1333.36,103,C,0,0,0
P00058,BEA-00058-4175,Novara Premium Styling Cream,Beauty,Haircare,Novara,7.27,13.99,SUP058,8,349,78.0,False,2024-01-20,Active,2635.48,201,B,0,0,0
P00059,HOM-00059-4569,Kestrel Premium Storage Bin Set,Home & Kitchen,Storage & Organization,Kestrel,12.89,21.99,SUP211,28,175,,False,2026-05-06,Active,165.23,8,C,0,1,0
P00060,SPO-00060-2655,Sunneva Compact Hiking Backpack,Sports,Outdoor Recreation,Sunneva,7.11,11.99,SUP077,20,213,,False,2024-10-01,Active,2196.73,193,B,0,0,0
P00061,BOO-00061-2211,Driftwood Compact Picture Book,Books,Children's Books,Driftwood,5.37,9.99,SUP295,17,238,,False,2025-06-09,Active,457.33,49,C,0,0,0
P00062,HOM-00062-9285,Quinley Classic Electric Kettle,Home & Kitchen,Small Appliances,Quinley,5.03,7.99,SUP068,34,382,,False,2025-03-01,Active,407.49,56,C,0,0,0
P00063,AUT-00063-8630,Comet Pro Steering Wheel Cover,Automotive,Interior Accessories,Comet,38.86,72.99,SUP099,18,104,,False,2024-12-03,Active,666.54,11,C,0,1,1
P00064,BEA-00064-1476,Ashford Signature Bath Bomb Set,Beauty,Bath & Body,Ashford,7.97,23.99,SUP159,14,355,506.0,False,2026-01-26,Active,1538.04,68,C,0,0,0
P00065,ELE-00065-3745,Ridgeline Premium Video Doorbell,Electronics,Smart Home Devices,Ridgeline,35.21,61.99,SUP003,6,143,,False,2026-04-10,Active,3108.35,57,B,0,0,0
P00066,GRO-00066-2214,Aurelia Everyday Breakfast Bar Box,Grocery,Breakfast Foods,Aurelia,6.03,7.99,SUP004,13,464,381.0,False,2024-06-13,Active,263.96,35,C,0,1,1
P00067,AUT-00067-1641,Rockridge Advanced Steering Wheel Cover,Automotive,Interior Accessories,Rockridge,29.37,57.99,SUP055,13,199,,False,2024-01-29,Active,0.0,0,C,0,1,0
P00068,PER-00068-6810,UrbanNest X200 Body Wipes,Personal Care,Personal Hygiene,UrbanNest,3.79,8.99,SUP022,51,249,266.0,True,2024-10-25,Seasonal,566.95,68,C,0,0,0
P00069,CLO-00069-4232,Comet Premium Ankle Boots,Clothing,Footwear,Comet,9.62,21.99,SUP218,61,202,,False,2024-04-03,Active,585.97,29,C,0,1,0
P00070,PER-00070-5937,Rockridge Elite Toothbrush 4-Pack,Personal Care,Oral Care,Rockridge,8.37,16.99,SUP261,61,219,430.0,False,2024-01-27,Discontinued,0.0,0,C,0,1,1
P00071,AUT-00071-3187,Willowbrook Everyday Wheel Cover Set,Automotive,Tire & Wheel Care,Willowbrook,57.65,87.99,SUP115,44,129,,False,2026-01-04,Active,2381.98,28,B,0,1,1
P00072,AUT-00072-7486,Glacier Classic Roof Rack,Automotive,Exterior Accessories,Glacier,6.53,12.99,SUP153,48,221,,True,2024-03-09,Seasonal,653.29,54,C,0,0,0
P00073,AUT-00073-4667,Comet Lite Socket Wrench Set,Automotive,Tools & Equipment,Comet,10.42,15.99,SUP171,57,232,,False,2024-03-05,Active,1870.62,129,C,0,0,0
P00074,BEA-00074-2072,Willowbrook Max Lipstick Set,Beauty,Makeup,Willowbrook,4.77,11.99,SUP022,53,237,314.0,False,2024-11-20,Active,453.42,41,C,0,1,0
P00075,TOY-00075-8741,Harborlight Elite Family Board Game,Toys,Board Games & Puzzles,Harborlight,14.6,27.99,SUP136,52,203,,False,2025-06-01,Active,127.85,5,C,0,1,0
P00076,CLO-00076-3668,Driftwood Premium Wrap Dress,Clothing,Women's Apparel,Driftwood,19.63,31.99,SUP286,33,106,,False,2025-03-31,Discontinued,383.01,14,C,0,1,1
P00077,SPO-00077-7703,Solstice Deluxe Camping Tent,Sports,Outdoor Recreation,Solstice,150.19,250.99,SUP050,57,69,,False,2025-11-11,Discontinued,0.0,0,C,0,1,1
P00078,HOM-00078-7168,BlueStone Ultra Air Fryer,Home & Kitchen,Small Appliances,BlueStone,21.98,35.99,SUP022,48,168,,False,2025-11-13,Active,16652.02,496,A,1,0,0
P00079,SPO-00079-3192,Ironclad Essential Adjustable Dumbbell Set,Sports,Fitness Equipment,Ironclad,26.43,53.99,SUP073,25,213,,False,2024-01-16,Active,25595.07,510,A,1,0,0
P00080,PER-00080-3263,Willowbrook Everyday Deodorant 2-Pack,Personal Care,Personal Hygiene,Willowbrook,2.16,3.99,SUP159,12,840,297.0,False,2025-11-27,Active,3514.59,942,B,1,0,0
P00081,GRO-00081-3892,Ostrom Classic Sports Drink Case,Grocery,Beverages,Ostrom,2.77,4.18,SUP261,56,644,113.0,False,2024-02-08,Active,280.67,71,C,0,0,0
P00082,PER-00082-9033,Halcyon Series 2 Electric Toothbrush,Personal Care,Oral Care,Halcyon,1.98,3.99,SUP097,52,512,254.0,True,2026-04-13,Seasonal,3038.6,822,B,1,0,0
P00083,BEA-00083-4897,Norwell Max Cleansing Foam,Beauty,Skincare,Norwell,8.43,24.99,SUP088,36,187,539.0,False,2024-10-05,Active,3667.64,155,B,0,0,0
P00084,HOM-00084-7688,Solstice Everyday Coffee Maker,Home & Kitchen,Small Appliances,Solstice,14.85,22.99,SUP088,41,145,,False,2026-04-07,Active,753.51,35,C,0,1,0
P00085,ELE-00085-2453,Harborlight Ultra Fitness Tracker,Electronics,Wearable Tech,Harborlight,69.51,112.99,SUP253,55,102,,True,2026-06-30,Seasonal,3755.14,37,B,0,1,0
P00086,TOY-00086-1685,Timbercrest X200 Backyard Game Set,Toys,Outdoor Play,Timbercrest,7.88,19.99,SUP136,45,200,,False,2024-04-02,Active,1122.65,60,C,0,0,0
P00087,CLO-00087-3564,Foundry Everyday Plus Kids Rain Jacket,Clothing,Kids' Apparel,Foundry,24.24,37.99,SUP084,51,128,,False,2024-12-13,Active,3988.73,111,B,0,0,1
P00088,GRO-00088-2632,Quinley Premium Sparkling Water Case,Grocery,Beverages,Quinley,1.5,2.99,SUP035,31,472,452.0,False,2024-04-12,Active,579.71,204,C,0,0,0
P00089,BOO-00089-3775,ClearPath Pro Language Learning Workbook,Books,Educational & Reference,ClearPath,1.51,2.99,SUP028,50,445,,True,2026-06-02,Seasonal,402.23,145,C,0,0,0
P00090,GRO-00090-3534,Timbercrest Max Breakfast Bar Box,Grocery,Breakfast Foods,Timbercrest,4.37,6.99,SUP290,30,364,276.0,False,2025-03-29,Active,453.11,70,C,0,0,0
P00091,BEA-00091-2699,ClearPath Ultra Lipstick Set,Beauty,Makeup,ClearPath,6.54,11.99,SUP144,21,299,153.0,False,2026-02-02,Active,8900.3,802,A,1,0,0
P00092,AUT-00092-9656,Halcyon X200 Tire Pressure Gauge,Automotive,Tools & Equipment,Halcyon,28.58,39.99,SUP019,14,105,,False,2025-06-21,Active,3614.19,97,B,0,0,0
P00093,SPO-00093-3460,Quinley Ultra Yoga Towel,Sports,Yoga & Wellness,Quinley,7.5,12.99,SUP274,17,407,,False,2026-02-12,Active,1396.21,114,C,0,0,0
P00094,TOY-00094-1183,BlueStone Series 2 Water Blaster,Toys,Outdoor Play,BlueStone,30.47,73.99,SUP280,12,151,,False,2025-06-29,Active,2446.54,36,B,0,1,1
P00095,BOO-00095-4821,Cedarwood Ultra Illustrated Novel,Books,Comics & Graphic Novels,Cedarwood,4.26,7.99,SUP056,8,336,,False,2024-02-14,Active,551.14,75,C,0,0,0
P00096,PER-00096-7911,Vertex Ultra Protein Powder,Personal Care,Vitamins & Supplements,Vertex,5.11,9.99,SUP080,4,475,265.0,False,2025-03-19,Active,83.21,10,C,0,1,0
P00097,HOM-00097-8629,Amberfield Advanced Table Lamp,Home & Kitchen,Home Decor,Amberfield,4.24,8.99,SUP286,30,428,,False,2025-08-20,Active,204.25,24,C,0,1,0
P00098,GRO-00098-4343,Vanture Compact Sparkling Water Case,Grocery,Beverages,Vanture,5.6,8.99,SUP008,21,335,205.0,False,2026-06-13,Active,18213.72,2186,A,1,0,1
P00099,ELE-00099-7119,Comet Essential Smart Bulb Kit,Electronics,Smart Home Devices,Comet,15.06,25.99,SUP083,17,248,,False,2026-01-29,Discontinued,46.13,2,C,0,1,0
P00100,CLO-00100-2256,Novara Premium Wrap Dress,Clothing,Women's Apparel,Novara,9.69,20.99,SUP115,35,230,,True,2025-04-09,Seasonal,2015.58,105,C,0,0,0
P00101,BOO-00101-1602,Halcyon Elite Activity Book,Books,Children's Books,Halcyon,8.75,15.99,SUP222,49,346,,False,2026-01-04,Active,1762.51,121,C,0,0,1
P00102,SPO-00102-7715,Meridian Advanced Yoga Block Set,Sports,Yoga & Wellness,Meridian,10.17,18.99,SUP102,15,146,,False,2026-05-03,Active,9412.56,541,A,1,0,0
P00103,GRO-00103-5574,Quinley Premium Salad Dressing Set,Grocery,Condiments & Sauces,Quinley,2.7,4.99,SUP084,49,411,111.0,True,2026-03-09,Seasonal,689.65,149,C,0,0,0
P00104,ELE-00104-1030,Palisade Elite Over-Ear Headphones,Electronics,Headphones & Audio,Palisade,12.39,23.99,SUP211,27,233,,False,2026-06-20,Active,40239.83,1811,A,1,0,0
P00105,BOO-00105-3113,Palisade Everyday History Hardcover,Books,Non-Fiction,Palisade,6.77,12.99,SUP258,41,408,,False,2024-11-23,Active,1015.06,82,C,0,0,0
P00106,PER-00106-4521,Comet Essential Grooming Kit,Personal Care,Shaving & Grooming,Comet,12.95,22.99,SUP022,57,268,355.0,True,2025-02-08,Seasonal,8860.2,413,A,1,0,1
P00107,GRO-00107-1011,Sunneva Premium Granola Bites,Grocery,Snacks,Sunneva,7.1,10.99,SUP028,52,423,198.0,False,2024-01-14,Active,3585.57,352,B,1,0,1
P00108,HOM-00108-3743,Meridian Compact Area Rug,Home & Kitchen,Home Decor,Meridian,7.81,12.99,SUP185,14,233,,True,2024-05-01,Seasonal,12873.14,1065,A,1,0,0
P00109,GRO-00109-6088,Everline Advanced Protein Bar Box,Grocery,Snacks,Everline,2.3,3.64,SUP080,5,781,124.0,True,2026-01-14,Seasonal,318.44,93,C,0,0,0
P00110,BEA-00110-1415,ClearPath Signature Hair Mask,Beauty,Haircare,ClearPath,12.08,30.99,SUP190,58,154,168.0,False,2024-10-24,Active,3968.25,138,B,0,0,0
P00111,GRO-00111-2791,Foundry Premium Trail Mix,Grocery,Snacks,Foundry,5.31,8.99,SUP034,46,268,254.0,False,2025-02-04,Active,531.14,62,C,0,0,0
P00112,GRO-00112-6076,Amberfield Advanced Herbal Tea Sampler,Grocery,Beverages,Amberfield,9.58,12.99,SUP241,26,254,332.0,False,2024-11-22,Active,1517.81,130,C,0,0,1
P00113,BOO-00113-6822,Everline Premium Language Learning Workbook,Books,Educational & Reference,Everline,7.38,11.99,SUP082,11,227,,False,2026-04-25,Active,1086.43,100,C,0,0,1
P00114,GRO-00114-6994,Everline X200 Trail Mix,Grocery,Snacks,Everline,3.74,5.99,SUP084,48,263,397.0,False,2026-03-21,Discontinued,0.0,0,C,0,1,0
P00115,BEA-00115-3346,BlueStone Elite Lipstick Set,Beauty,Makeup,BlueStone,8.67,24.99,SUP036,24,309,84.0,False,2025-11-05,Active,1501.3,66,C,0,0,0
P00116,ELE-00116-2209,Everline Deluxe Lens Filter Set,Electronics,Cameras & Accessories,Everline,139.18,258.99,SUP051,32,55,,True,2026-05-27,Seasonal,51839.29,212,A,0,0,1
P00117,PER-00117-3178,Ostrom Pro Blood Pressure Monitor,Personal Care,Health Monitoring,Ostrom,7.55,11.99,SUP171,54,406,81.0,True,2025-05-13,Seasonal,139.83,13,C,0,1,0
P00118,BEA-00118-6003,Meridian Pro Hair Mask,Beauty,Haircare,Meridian,9.61,25.99,SUP164,24,369,376.0,False,2024-06-03,Active,563.4,23,C,0,1,0
P00119,GRO-00119-6316,BlueStone Premium Herbal Tea Sampler,Grocery,Beverages,BlueStone,3.24,5.99,SUP247,7,648,215.0,False,2025-08-01,Active,2797.48,503,B,1,0,0
P00120,ELE-00120-9548,Cedarwood Max Phone Case,Electronics,Mobile Accessories,Cedarwood,18.89,29.99,SUP171,60,182,,False,2024-01-19,Active,22645.21,814,A,1,0,0
P00121,BOO-00121-6315,NorthPoint Pro Bedtime Stories Collection,Books,Children's Books,NorthPoint,5.07,9.99,SUP115,37,310,,False,2025-01-17,Active,395.08,45,C,0,0,0
P00122,AUT-00122-8020,Silverpine Ultra Bluetooth Car Adapter,Automotive,Car Electronics,Silverpine,8.58,12.99,SUP241,21,386,,False,2026-01-27,Active,1690.63,141,C,0,0,0
P00123,ELE-00123-8637,NorthPoint Compact Bluetooth Speaker,Electronics,Headphones & Audio,NorthPoint,50.33,69.99,SUP008,22,94,,True,2024-06-13,Seasonal,7121.83,108,B,0,0,0
P00124,HOM-00124-4985,Foundry X200 Weighted Blanket,Home & Kitchen,Bedding & Linens,Foundry,10.08,20.99,SUP200,57,228,,False,2025-05-24,Active,9039.04,466,A,1,0,0
P00125,HOM-00125-2784,Copperfield Lite Air Fryer,Home & Kitchen,Small Appliances,Copperfield,63.07,96.99,SUP159,15,103,,False,2025-12-09,Active,2723.9,30,B,0,1,1
P00126,BOO-00126-2859,Ashford Compact History Hardcover,Books,Non-Fiction,Ashford,10.53,19.99,SUP052,50,277,,False,2025-11-16,Active,845.71,47,C,0,0,1
P00127,PER-00127-9881,Ridgeline Lite Grooming Kit,Personal Care,Shaving & Grooming,Ridgeline,7.52,13.99,SUP174,23,197,321.0,False,2025-06-23,Active,7129.06,550,B,1,0,0
P00128,BEA-00128-3470,Meridian Everyday Hair Dryer,Beauty,Haircare,Meridian,14.67,23.99,SUP294,33,152,439.0,True,2024-10-29,Seasonal,285.22,13,C,0,1,1
P00129,GRO-00129-4323,Foundry Premium Protein Bar Box,Grocery,Snacks,Foundry,3.46,5.99,SUP089,26,262,358.0,True,2024-08-08,Seasonal,322.83,58,C,0,0,0
P00130,TOY-00130-4303,Norwell Advanced Strategy Game,Toys,Board Games & Puzzles,Norwell,12.57,22.99,SUP174,29,148,,False,2024-05-24,Active,1598.94,76,C,0,0,0
P00131,TOY-00131-9728,Kestrel Everyday Card Game,Toys,Board Games & Puzzles,Kestrel,189.81,338.99,SUP117,11,44,,False,2025-11-02,Active,96204.27,307,A,1,0,1
P00132,HOM-00132-2153,Harborlight Compact Stand Mixer,Home & Kitchen,Small Appliances,Harborlight,32.01,67.99,SUP110,8,186,,False,2024-08-29,Discontinued,191.49,3,C,0,1,0
P00133,HOM-00133-2398,Harborlight Max Cookware Set,Home & Kitchen,Cookware,Harborlight,13.76,23.99,SUP077,21,269,,False,2025-08-15,Active,591.93,26,C,0,1,0
P00134,GRO-00134-6769,Vanture Lite Oatmeal Packets,Grocery,Breakfast Foods,Vanture,8.99,12.99,SUP053,14,208,247.0,True,2024-02-14,Seasonal,2423.48,198,B,0,0,1
P00135,TOY-00135-9573,Vaultis Elite Model Kit,Toys,Building Sets,Vaultis,2.55,4.99,SUP055,14,363,,True,2024-09-23,Seasonal,2169.19,467,B,1,0,0
P00136,SPO-00136-6740,UrbanNest Essential Foam Roller,Sports,Fitness Equipment,UrbanNest,18.16,26.99,SUP225,51,263,,False,2024-12-17,Active,4164.58,170,B,0,0,0
P00137,SPO-00137-9675,Brightline Series 2 Adjustable Dumbbell Set,Sports,Fitness Equipment,Brightline,28.82,58.99,SUP083,21,170,,False,2025-12-05,Active,3409.0,64,B,0,0,0
P00138,AUT-00138-5572,Vanture Ultra Steering Wheel Cover,Automotive,Interior Accessories,Vanture,2.42,3.99,SUP158,23,568,,False,2024-03-31,Active,1030.39,277,C,1,0,0
P00139,GRO-00139-3613,Vaultis Everyday Plus Granola Bites,Grocery,Snacks,Vaultis,4.58,6.99,SUP052,58,553,318.0,False,2025-03-04,Active,89.48,13,C,0,1,0
P00140,GRO-00140-2597,Cedarwood X200 Salad Dressing Set,Grocery,Condiments & Sauces,Cedarwood,11.93,15.99,SUP052,55,322,428.0,False,2025-02-26,Active,1160.9,76,C,0,0,1
P00141,ELE-00141-2828,Kestrel Series 2 Tripod Kit,Electronics,Cameras & Accessories,Kestrel,30.51,63.99,SUP164,24,93,,False,2024-10-20,Active,45634.01,768,A,1,0,0
P00142,AUT-00142-8433,Novara Compact Floor Mat Set,Automotive,Interior Accessories,Novara,23.99,37.99,SUP164,21,176,,False,2025-12-29,Discontinued,0.0,0,C,0,1,0
P00143,BOO-00143-6426,ClearPath Ultra Bedtime Stories Collection,Books,Children's Books,ClearPath,5.64,10.99,SUP150,42,407,,False,2026-06-13,Active,240.82,25,C,0,1,0
P00144,GRO-00144-8713,ClearPath Max Pasta Sauce Jar,Grocery,Condiments & Sauces,ClearPath,4.28,5.99,SUP196,40,534,116.0,False,2024-02-13,Active,304.26,56,C,0,0,0
P00145,ELE-00145-2235,Everline Signature Lens Filter Set,Electronics,Cameras & Accessories,Everline,31.75,56.99,SUP174,30,135,,False,2026-04-30,Active,3166.05,59,B,0,0,0
P00146,SPO-00146-2931,Glacier Deluxe Yoga Block Set,Sports,Yoga & Wellness,Glacier,23.04,43.99,SUP046,19,186,,False,2026-03-28,Active,43144.8,1062,A,1,0,0
P00147,TOY-00147-3655,Vaultis Everyday Plus STEM Building Kit,Toys,Educational Toys,Vaultis,2.52,6.99,SUP016,34,477,,False,2026-02-07,Active,245.07,38,C,0,1,0
P00148,SPO-00148-7443,Willowbrook Signature Basketball,Sports,Team Sports Gear,Willowbrook,8.25,17.99,SUP068,31,260,,False,2024-04-22,Active,561.95,32,C,0,1,0
P00149,HOM-00149-9845,Palisade Classic Cast Iron Skillet,Home & Kitchen,Cookware,Palisade,26.49,45.99,SUP115,45,158,,False,2024-12-19,Active,10581.66,248,A,0,0,0
P00150,PER-00150-6977,Quinley Essential Digital Thermometer,Personal Care,Health Monitoring,Quinley,9.17,17.99,SUP050,59,202,71.0,False,2025-08-21,Active,423.09,26,C,0,1,1
P00151,TOY-00151-7883,BlueStone Deluxe Model Kit,Toys,Building Sets,BlueStone,22.1,36.99,SUP143,54,206,,False,2024-07-05,Active,8940.92,264,A,1,0,1
P00152,SPO-00152-8634,Everline Lite Resistance Bands Set,Sports,Fitness Equipment,Everline,23.8,44.99,SUP012,28,158,,False,2024-08-07,Active,3324.24,78,B,0,0,0
P00153,SPO-00153-8163,Meridian Deluxe Adjustable Dumbbell Set,Sports,Fitness Equipment,Meridian,10.81,24.99,SUP139,13,318,,True,2025-05-28,Seasonal,4967.01,210,B,0,0,0
P00154,PER-00154-3663,Fernwood Essential Digital Thermometer,Personal Care,Health Monitoring,Fernwood,4.31,7.99,SUP093,19,505,320.0,False,2026-02-09,Active,60.88,8,C,0,1,0
P00155,PER-00155-8860,Sunneva Deluxe Cotton Swabs Bulk,Personal Care,Personal Hygiene,Sunneva,7.9,12.99,SUP285,17,306,447.0,False,2024-05-28,Active,2026.42,170,C,0,0,0
P00156,BOO-00156-9320,Palisade Classic Activity Book,Books,Children's Books,Palisade,3.68,6.99,SUP262,14,514,,False,2024-01-10,Active,893.41,138,C,0,0,0
P00157,BEA-00157-7203,Aurelia Premium Bath Bomb Set,Beauty,Bath & Body,Aurelia,10.9,24.99,SUP277,62,316,116.0,False,2026-06-27,Active,1345.97,57,C,0,0,0
P00158,BEA-00158-2405,Vaultis Advanced Vitamin C Serum,Beauty,Skincare,Vaultis,7.36,12.99,SUP185,16,260,68.0,False,2025-01-19,Active,211.98,17,C,0,1,0
P00159,TOY-00159-7449,Quinley Ultra Card Game,Toys,Board Games & Puzzles,Quinley,9.72,17.99,SUP290,29,310,,False,2024-03-10,Active,2626.88,158,B,0,0,0
P00160,BOO-00160-5598,Halcyon Deluxe Literary Fiction Hardcover,Books,Fiction,Halcyon,7.28,11.99,SUP042,20,415,,False,2026-05-27,Active,3480.59,312,B,1,0,0
P00161,ELE-00161-7592,Halcyon Essential Sleep Tracker Ring,Electronics,Wearable Tech,Halcyon,132.6,248.99,SUP159,15,37,,False,2024-09-06,Active,5639.19,25,B,0,1,1
P00162,HOM-00162-1405,Vanture X200 Cast Iron Skillet,Home & Kitchen,Cookware,Vanture,3.56,7.99,SUP215,13,450,,False,2024-04-12,Active,602.71,83,C,0,0,0
P00163,PER-00163-4522,Driftwood Signature Deodorant 2-Pack,Personal Care,Personal Hygiene,Driftwood,3.87,6.99,SUP143,44,299,528.0,False,2025-09-01,Active,1747.64,269,C,1,0,0
P00164,AUT-00164-5769,Silverpine Essential Dash Cam,Automotive,Car Electronics,Silverpine,44.95,64.99,SUP052,53,101,,False,2025-11-24,Active,44970.27,750,A,1,0,1
P00165,PER-00165-1901,BlueStone Everyday Protein Powder,Personal Care,Vitamins & Supplements,BlueStone,4.53,7.99,SUP180,20,506,227.0,False,2024-04-25,Active,2861.14,395,B,1,0,0
P00166,BEA-00166-5541,Halcyon Elite Eau de Parfum,Beauty,Fragrances,Halcyon,1.71,3.99,SUP290,29,501,350.0,False,2025-10-24,Active,756.84,206,C,0,0,0
P00167,TOY-00167-6489,Harborlight Max Magnetic Tile Set,Toys,Building Sets,Harborlight,18.8,41.99,SUP155,37,109,,False,2024-12-10,Active,2136.74,55,B,0,0,1
P00168,AUT-00168-6274,NorthPoint Premium Tire Pressure Gauge,Automotive,Tools & Equipment,NorthPoint,17.88,25.99,SUP058,8,151,,False,2024-10-18,Active,2308.89,96,B,0,0,0
P00169,GRO-00169-8198,Driftwood Series 2 Oatmeal Packets,Grocery,Breakfast Foods,Driftwood,2.56,3.99,SUP012,31,670,319.0,True,2025-08-31,Seasonal,75.6,21,C,0,1,0
P00170,HOM-00170-4836,Meridian Deluxe Electric Kettle,Home & Kitchen,Small Appliances,Meridian,11.57,27.99,SUP022,55,156,,False,2024-02-25,Active,1938.41,76,C,0,0,0
P00171,PER-00171-3109,Foundry Compact Electric Toothbrush,Personal Care,Oral Care,Foundry,4.88,7.99,SUP227,48,407,428.0,False,2024-06-02,Active,3539.46,480,B,1,0,0
P00172,ELE-00172-2307,Silverpine Compact Soundbar,Electronics,Headphones & Audio,Silverpine,33.9,59.99,SUP144,23,158,,False,2026-01-29,Active,4910.69,86,B,0,0,0
P00173,BOO-00173-2641,Meridian Series 2 Mystery Novel,Books,Fiction,Meridian,7.5,13.99,SUP050,68,317,,True,2026-06-17,Seasonal,634.3,48,C,0,0,1
P00174,SPO-00174-4211,Meridian Everyday Shin Guards,Sports,Team Sports Gear,Meridian,44.25,71.99,SUP258,41,155,,False,2026-04-05,Active,1201.42,18,C,0,1,1
P00175,SPO-00175-9612,Silverpine Premium Basketball,Sports,Team Sports Gear,Silverpine,19.06,39.99,SUP116,13,219,,False,2025-12-15,Active,3504.0,95,B,0,0,0
P00176,GRO-00176-7847,Fernwood Everyday Plus Breakfast Bar Box,Grocery,Breakfast Foods,Fernwood,2.66,4.05,SUP237,37,342,324.0,False,2024-04-26,Active,95.32,26,C,0,1,0
P00177,SPO-00177-2245,Ridgeline Deluxe Cycling Gloves,Sports,Cycling,Ridgeline,9.53,17.99,SUP245,17,342,,False,2024-10-08,Discontinued,0.0,0,C,0,1,0
P00178,HOM-00178-6525,Lumino Classic Pillow 2-Pack,Home & Kitchen,Bedding & Linens,Lumino,25.05,59.99,SUP210,23,160,,False,2026-02-12,Active,38233.76,694,A,1,0,0
P00179,AUT-00179-5938,Timbercrest Everyday Plus Tire Shine Kit,Automotive,Tire & Wheel Care,Timbercrest,32.9,48.99,SUP290,32,186,,False,2025-10-12,Discontinued,96.31,2,C,0,1,0
P00180,HOM-00180-2987,Amberfield Everyday Plus Pillow 2-Pack,Home & Kitchen,Bedding & Linens,Amberfield,20.74,36.99,SUP270,22,242,,True,2026-01-29,Seasonal,1084.48,31,C,0,1,0
P00181,SPO-00181-7669,Rockridge Compact Adjustable Dumbbell Set,Sports,Fitness Equipment,Rockridge,32.64,56.99,SUP028,54,95,,False,2025-01-09,Active,5236.03,99,B,0,0,0
P00182,TOY-00182-1082,Solstice Pro Counting Puzzle,Toys,Educational Toys,Solstice,4.14,6.99,SUP088,38,325,,False,2025-06-10,Active,641.15,100,C,0,0,0
P00183,HOM-00183-1855,Trailhaven Ultra Drawer Dividers,Home & Kitchen,Storage & Organization,Trailhaven,11.8,27.99,SUP281,35,264,,False,2025-11-03,Active,2858.22,110,B,0,0,0
P00184,HOM-00184-6678,Driftwood Essential Table Lamp,Home & Kitchen,Home Decor,Driftwood,17.63,35.99,SUP181,11,116,,False,2025-12-15,Active,13306.84,394,A,1,0,0
P00185,TOY-00185-6044,UrbanNest Lite Vehicle Toy Set,Toys,Action Figures & Playsets,UrbanNest,10.42,16.99,SUP118,18,228,,False,2025-10-23,Active,59.52,4,C,0,1,0
P00186,ELE-00186-6355,Aurelia Everyday Over-Ear Headphones,Electronics,Headphones & Audio,Aurelia,26.55,49.99,SUP258,39,212,,False,2024-02-06,Active,12731.22,279,A,1,0,0
P00187,HOM-00187-7120,ClearPath Signature Throw Pillow Set,Home & Kitchen,Home Decor,ClearPath,23.82,54.99,SUP174,28,162,,False,2024-07-03,Discontinued,0.0,0,C,0,1,0
P00188,BEA-00188-9175,Rockridge Max Vitamin C Serum,Beauty,Skincare,Rockridge,10.59,27.99,SUP102,15,212,283.0,True,2025-03-28,Seasonal,1106.33,42,C,0,0,0
P00189,PER-00189-1393,Glacier Max Multivitamin Bottle,Personal Care,Vitamins & Supplements,Glacier,3.95,7.99,SUP068,25,311,198.0,False,2025-09-29,Active,10828.92,1460,A,1,0,0
P00190,CLO-00190-8151,Everline Ultra Denim Jacket,Clothing,Men's Apparel,Everline,6.94,12.99,SUP258,44,379,,False,2026-05-31,Discontinued,49.48,4,C,0,1,0
P00191,BEA-00191-4778,Aurelia Deluxe Lipstick Set,Beauty,Makeup,Aurelia,3.9,11.99,SUP258,37,587,172.0,False,2024-10-01,Active,2154.5,194,B,0,0,0
P00192,PER-00192-3341,Vanture Elite Body Wipes,Personal Care,Personal Hygiene,Vanture,5.26,10.99,SUP274,21,496,239.0,False,2025-12-07,Active,4424.61,438,B,1,0,0
P00193,CLO-00193-5268,Halcyon Essential Compression Shorts,Clothing,Activewear,Halcyon,36.16,54.99,SUP231,19,79,,False,2025-08-28,Discontinued,380.84,8,C,0,1,1
P00194,BEA-00194-5892,Everline Advanced Fragrance Gift Set,Beauty,Fragrances,Everline,6.96,17.99,SUP039,58,198,340.0,False,2024-09-01,Active,426.36,26,C,0,1,0
P00195,BEA-00195-6002,Willowbrook X200 Body Wash,Beauty,Bath & Body,Willowbrook,9.58,16.99,SUP108,50,371,140.0,False,2024-06-06,Active,892.02,56,C,0,0,0
P00196,GRO-00196-3435,Solstice Pro Oatmeal Packets,Grocery,Breakfast Foods,Solstice,3.8,5.36,SUP084,40,604,449.0,False,2025-07-22,Active,183.14,37,C,0,1,0
P00197,GRO-00197-1357,Meridian Everyday Hot Sauce Set,Grocery,Condiments & Sauces,Meridian,1.5,2.99,SUP064,12,551,291.0,False,2024-10-26,Active,438.57,159,C,0,0,0
P00198,SPO-00198-7001,Vaultis Signature Camping Tent,Sports,Outdoor Recreation,Vaultis,25.17,51.99,SUP237,29,114,,False,2024-07-12,Active,12309.2,252,A,0,0,0
P00199,ELE-00199-9040,Crestmark Advanced USB-C Hub,Electronics,Laptop Accessories,Crestmark,28.71,54.99,SUP027,39,154,,False,2024-07-18,Active,2146.39,42,B,0,0,0
P00200,SPO-00200-9150,Vanture Lite Camping Tent,Sports,Outdoor Recreation,Vanture,12.14,27.99,SUP140,28,194,,False,2024-07-21,Active,11511.43,444,A,1,0,0
P00201,HOM-00201-8743,Glacier Lite Shelving Unit,Home & Kitchen,Storage & Organization,Glacier,18.04,25.99,SUP258,39,219,,False,2024-03-24,Active,20581.34,848,A,1,0,0
P00202,BEA-00202-2966,NorthPoint Everyday Plus Shampoo & Conditioner Set,Beauty,Haircare,NorthPoint,18.79,36.99,SUP234,8,135,287.0,False,2024-06-21,Active,4255.1,125,B,0,0,1
P00203,HOM-00203-8678,Vertex Lite Stock Pot,Home & Kitchen,Cookware,Vertex,36.19,51.99,SUP068,26,159,,False,2026-06-08,Active,6826.6,141,B,0,0,1
P00204,CLO-00204-6884,Halcyon Compact Kids Graphic Tee,Clothing,Kids' Apparel,Halcyon,8.14,19.99,SUP012,26,233,,False,2024-06-22,Active,813.64,43,C,0,0,0
P00205,SPO-00205-5676,Glacier Ultra Soccer Ball,Sports,Team Sports Gear,Glacier,33.8,70.99,SUP115,45,90,,False,2025-01-07,Discontinued,0.0,0,C,0,1,0
P00206,GRO-00206-3661,Comet Series 2 Baking Mix,Grocery,Pantry Staples,Comet,2.83,4.99,SUP171,58,442,145.0,False,2025-03-31,Active,1191.57,254,C,1,0,0
P00207,HOM-00207-8092,Comet Compact Pillow 2-Pack,Home & Kitchen,Bedding & Linens,Comet,23.45,34.99,SUP258,39,94,,False,2025-10-02,Active,10747.83,334,A,1,0,0
P00208,HOM-00208-2096,NorthPoint Everyday Drawer Dividers,Home & Kitchen,Storage & Organization,NorthPoint,27.36,60.99,SUP158,21,165,,False,2024-10-09,Active,7917.44,143,A,0,0,0
P00209,TOY-00209-8210,Ironclad Premium Playset,Toys,Action Figures & Playsets,Ironclad,14.38,33.99,SUP068,29,132,,False,2026-01-24,Active,10132.31,314,A,1,0,0
P00210,GRO-00210-9133,Sunneva Elite Breakfast Bar Box,Grocery,Breakfast Foods,Sunneva,2.86,4.99,SUP195,52,355,446.0,False,2025-12-10,Active,59.38,13,C,0,1,0
P00211,TOY-00211-9667,Aurelia Classic Construction Blocks,Toys,Building Sets,Aurelia,6.46,13.99,SUP115,41,406,,False,2025-04-08,Active,2989.57,232,B,0,0,0
P00212,GRO-00212-8955,Crestmark Everyday Pasta Variety Pack,Grocery,Pantry Staples,Crestmark,4.19,7.99,SUP247,6,414,112.0,False,2026-03-26,Active,5225.97,704,B,1,0,0
P00213,HOM-00213-8345,ClearPath Elite Wall Art Set,Home & Kitchen,Home Decor,ClearPath,71.58,110.99,SUP008,22,93,,False,2024-11-13,Active,15079.18,149,A,0,0,1
P00214,SPO-00214-7786,Ostrom Everyday Plus Camp Chair,Sports,Outdoor Recreation,Ostrom,31.02,52.99,SUP115,45,111,,False,2025-03-20,Active,30386.76,625,A,1,0,0
P00215,CLO-00215-2074,Sunneva Classic Kids Graphic Tee,Clothing,Kids' Apparel,Sunneva,24.42,62.99,SUP115,42,220,,False,2025-06-29,Active,20993.27,355,A,1,0,1
P00216,ELE-00216-3997,Ironclad Deluxe Security Camera,Electronics,Smart Home Devices,Ironclad,23.26,31.99,SUP165,9,228,,True,2024-06-23,Seasonal,636.58,21,C,0,1,0
P00217,PER-00217-2283,Vanture Series 2 Razor Set,Personal Care,Shaving & Grooming,Vanture,4.7,7.99,SUP098,49,342,104.0,False,2024-03-15,Active,2312.12,312,B,1,0,0
P00218,HOM-00218-4296,BlueStone Signature Electric Kettle,Home & Kitchen,Small Appliances,BlueStone,35.23,55.99,SUP115,37,159,,False,2026-06-29,Active,1533.33,30,C,0,1,1
P00219,GRO-00219-5576,Cedarwood Series 2 Cereal Box,Grocery,Breakfast Foods,Cedarwood,10.68,13.99,SUP211,23,310,107.0,False,2024-02-14,Active,87.93,7,C,0,1,1
P00220,BEA-00220-8939,Vertex Everyday Plus Sunscreen SPF50,Beauty,Skincare,Vertex,26.83,57.99,SUP034,44,201,238.0,False,2024-02-12,Active,3736.77,69,B,0,0,1
P00221,CLO-00221-7384,Fernwood Ultra Toddler Joggers,Clothing,Kids' Apparel,Fernwood,12.15,20.99,SUP056,6,301,,False,2024-04-02,Active,21247.38,1097,A,1,0,0
P00222,TOY-00222-8314,Palisade X200 Family Board Game,Toys,Board Games & Puzzles,Palisade,12.01,25.99,SUP022,65,219,,False,2025-05-16,Active,774.74,31,C,0,1,0
P00223,ELE-00223-8517,Aurelia Lite Phone Case,Electronics,Mobile Accessories,Aurelia,20.02,36.99,SUP064,13,154,,False,2024-09-01,Active,213.78,7,C,0,1,0
P00224,PER-00224-8254,Harborlight Premium Probiotic Capsules,Personal Care,Vitamins & Supplements,Harborlight,3.58,7.99,SUP150,46,617,355.0,False,2024-07-19,Active,205.7,27,C,0,1,0
P00225,BOO-00225-1106,Lumino Max Study Guide,Books,Educational & Reference,Lumino,6.58,10.99,SUP042,18,296,,False,2026-02-23,Active,2476.23,242,B,0,0,0
P00226,PER-00226-9525,Driftwood Compact Hand Sanitizer 3-Pack,Personal Care,Personal Hygiene,Driftwood,5.03,9.99,SUP019,14,379,207.0,False,2026-05-05,Active,453.14,48,C,0,0,0
P00227,TOY-00227-4902,Cedarwood Lite 1000-Piece Puzzle,Toys,Board Games & Puzzles,Cedarwood,3.36,5.99,SUP296,17,304,,False,2026-03-09,Discontinued,17.16,3,C,0,1,0
P00228,PER-00228-3256,Lumino Everyday Plus Water Flosser,Personal Care,Oral Care,Lumino,6.01,9.99,SUP126,51,278,206.0,False,2024-10-23,Active,303.14,32,C,0,1,0
P00229,BOO-00229-4811,Fernwood Elite Literary Fiction Hardcover,Books,Fiction,Fernwood,4.13,7.99,SUP248,38,295,,False,2024-03-18,Active,1334.68,179,C,0,0,0
P00230,GRO-00230-5971,Trailhaven Lite Sparkling Water Case,Grocery,Beverages,Trailhaven,3.78,5.34,SUP214,14,280,159.0,False,2026-05-23,Active,1630.73,332,C,1,0,0
P00231,BEA-00231-7249,Ridgeline Pro Cologne,Beauty,Fragrances,Ridgeline,3.88,6.99,SUP032,51,382,147.0,True,2025-05-12,Seasonal,481.33,75,C,0,0,0
P00232,SPO-00232-4759,Driftwood Lite Sleeping Bag,Sports,Outdoor Recreation,Driftwood,50.48,93.99,SUP152,11,106,,False,2026-06-06,Active,13351.1,157,A,0,0,1
P00233,BEA-00233-5987,BlueStone Essential Body Wash,Beauty,Bath & Body,BlueStone,2.94,8.99,SUP159,12,621,354.0,False,2024-06-01,Active,3318.46,396,B,1,0,0
P00234,SPO-00234-4708,ClearPath Deluxe Meditation Cushion,Sports,Yoga & Wellness,ClearPath,33.24,53.99,SUP030,8,144,,False,2026-05-09,Active,2212.19,45,B,0,0,0
P00235,ELE-00235-8223,Fernwood X200 Security Camera,Electronics,Smart Home Devices,Fernwood,23.35,41.99,SUP026,28,205,,True,2024-10-09,Seasonal,3817.74,98,B,0,0,0
P00236,AUT-00236-1916,Ridgeline Premium Wheel Cleaner,Automotive,Tire & Wheel Care,Ridgeline,28.88,39.99,SUP065,13,110,,False,2025-12-23,Active,1476.11,40,C,0,1,0
P00237,HOM-00237-7299,Pinnacle Signature Pillow 2-Pack,Home & Kitchen,Bedding & Linens,Pinnacle,73.17,145.99,SUP064,11,107,,False,2024-04-10,Active,13300.21,97,A,0,0,1
P00238,PER-00238-6009,Solstice Advanced Toothbrush 4-Pack,Personal Care,Oral Care,Solstice,2.83,5.99,SUP069,34,315,133.0,False,2025-11-06,Active,335.96,64,C,0,0,0
P00239,HOM-00239-5324,Silverpine Lite Drawer Dividers,Home & Kitchen,Storage & Organization,Silverpine,10.62,25.99,SUP060,35,200,,False,2025-03-07,Active,445.78,18,C,0,1,0
P00240,ELE-00240-4472,Driftwood Max Wireless Mouse,Electronics,Laptop Accessories,Driftwood,163.51,234.99,SUP159,13,52,,False,2026-05-18,Active,11938.02,56,A,0,0,1
P00241,TOY-00241-3139,Ashford X200 Backyard Game Set,Toys,Outdoor Play,Ashford,13.68,28.99,SUP075,23,299,,False,2024-05-14,Active,11384.46,424,A,1,0,0
P00242,TOY-00242-3312,Willowbrook Deluxe Strategy Game,Toys,Board Games & Puzzles,Willowbrook,31.7,66.99,SUP225,49,88,,False,2024-07-22,Active,9529.49,154,A,0,0,1
P00243,SPO-00243-6797,Ridgeline Ultra Shin Guards,Sports,Team Sports Gear,Ridgeline,15.15,29.99,SUP014,10,162,,False,2025-08-03,Active,12883.03,466,A,1,0,0
P00244,PER-00244-2341,Pinnacle Compact Body Wipes,Personal Care,Personal Hygiene,Pinnacle,7.03,14.99,SUP171,57,218,172.0,False,2026-01-08,Active,4692.46,337,B,1,0,0
P00245,GRO-00245-3041,Cedarwood Premium Popcorn Variety Pack,Grocery,Snacks,Cedarwood,1.5,2.99,SUP225,62,679,92.0,False,2026-03-21,Active,257.98,93,C,0,0,0
P00246,AUT-00246-4901,Solstice Everyday Plus Car Charger,Automotive,Car Electronics,Solstice,20.28,32.99,SUP116,12,148,,True,2024-04-13,Seasonal,1318.42,43,C,0,0,0
P00247,GRO-00247-6827,Timbercrest Everyday Pasta Sauce Jar,Grocery,Condiments & Sauces,Timbercrest,2.22,3.54,SUP081,9,380,408.0,False,2024-01-07,Active,65.63,20,C,0,1,0
P00248,CLO-00248-4615,Silverpine Ultra Training Jacket,Clothing,Activewear,Silverpine,39.26,87.99,SUP077,18,118,,True,2024-11-26,Seasonal,733.41,9,C,0,1,1
P00249,BEA-00249-2360,Palisade Compact Eyeshadow Palette,Beauty,Makeup,Palisade,9.28,17.99,SUP084,51,263,374.0,False,2024-03-29,Active,8330.59,493,A,1,0,0
P00250,ELE-00250-8177,Cedarwood X200 Bluetooth Speaker,Electronics,Headphones & Audio,Cedarwood,69.43,137.99,SUP026,30,98,,False,2025-01-01,Active,4314.63,35,B,0,1,0
P00251,CLO-00251-2907,Vaultis Deluxe Running Shoes,Clothing,Footwear,Vaultis,5.28,14.99,SUP164,21,469,,False,2025-03-10,Active,319.48,24,C,0,1,0
P00252,TOY-00252-9479,BlueStone Deluxe Playset,Toys,Action Figures & Playsets,BlueStone,3.71,7.99,SUP171,51,619,,False,2026-06-26,Active,5172.61,698,B,1,0,0
P00253,HOM-00253-4866,Halcyon Classic Air Fryer,Home & Kitchen,Small Appliances,Halcyon,5.08,10.99,SUP108,66,245,,False,2024-01-31,Active,1588.26,155,C,0,0,0
P00254,PER-00254-8267,Vanture Premium Deodorant 2-Pack,Personal Care,Personal Hygiene,Vanture,4.07,7.99,SUP281,33,361,135.0,False,2024-10-19,Active,2234.54,302,B,1,0,0
P00255,CLO-00255-5668,Cedarwood Pro School Uniform Set,Clothing,Kids' Apparel,Cedarwood,5.27,9.99,SUP274,18,510,,False,2024-11-04,Active,734.52,80,C,0,0,0
P00256,HOM-00256-3326,Vertex Ultra Wall Art Set,Home & Kitchen,Home Decor,Vertex,16.24,34.99,SUP076,31,207,,False,2025-05-20,Discontinued,138.35,4,C,0,1,0
P00257,BOO-00257-9582,Timbercrest Deluxe Activity Book,Books,Children's Books,Timbercrest,5.62,9.99,SUP211,29,320,,False,2024-10-19,Active,1694.63,179,C,0,0,0
P00258,HOM-00258-3806,Ashford Compact Cast Iron Skillet,Home & Kitchen,Cookware,Ashford,15.17,24.99,SUP026,32,192,,False,2025-07-31,Active,3920.32,167,B,0,0,0
P00259,ELE-00259-6467,Kestrel Lite Phone Case,Electronics,Mobile Accessories,Kestrel,26.82,41.99,SUP218,60,192,,False,2026-02-13,Active,2592.08,67,B,0,0,0
P00260,SPO-00260-8194,Ostrom Max Soccer Ball,Sports,Team Sports Gear,Ostrom,4.32,7.99,SUP211,21,532,,False,2025-09-10,Active,7301.8,989,B,1,0,0
P00261,ELE-00261-4822,Ridgeline Pro Wireless Mouse,Electronics,Laptop Accessories,Ridgeline,88.54,123.99,SUP097,48,63,,False,2025-08-25,Active,41475.62,357,A,1,0,1
P00262,ELE-00262-8226,Glacier Everyday Soundbar,Electronics,Headphones & Audio,Glacier,8.77,17.99,SUP108,58,230,,False,2024-04-19,Active,5145.2,307,B,1,0,0
P00263,SPO-00263-8451,Lumino Advanced Yoga Mat,Sports,Fitness Equipment,Lumino,21.3,34.99,SUP164,23,197,,False,2026-03-20,Active,852.6,27,C,0,1,0
P00264,ELE-00264-3378,Norwell Ultra Video Doorbell,Electronics,Smart Home Devices,Norwell,126.23,263.99,SUP072,34,40,,False,2025-05-24,Active,1016.0,4,C,0,1,1
P00265,TOY-00265-2253,BlueStone X200 Kickball Set,Toys,Outdoor Play,BlueStone,3.53,9.99,SUP159,13,587,,False,2024-05-30,Active,6691.37,730,B,1,0,0
P00266,TOY-00266-1619,Copperfield Everyday Water Blaster,Toys,Outdoor Play,Copperfield,25.84,40.99,SUP269,28,87,,False,2025-08-01,Active,154.32,4,C,0,1,1
P00267,HOM-00267-1132,Norwell Classic Air Fryer,Home & Kitchen,Small Appliances,Norwell,58.41,135.99,SUP121,14,94,,True,2025-03-20,Seasonal,11484.39,90,A,0,0,1
P00268,CLO-00268-5753,Comet Max Denim Jacket,Clothing,Men's Apparel,Comet,18.93,46.99,SUP049,18,225,,False,2026-04-03,Active,4999.3,112,B,0,0,1
P00269,ELE-00269-3300,Timbercrest Elite Bluetooth Speaker,Electronics,Headphones & Audio,Timbercrest,117.41,182.99,SUP159,13,89,,False,2025-08-13,Active,9061.36,54,A,0,0,1
P00270,BOO-00270-4735,Norwell Everyday Plus Reference Encyclopedia,Books,Educational & Reference,Norwell,9.27,16.99,SUP180,17,295,,True,2026-05-23,Seasonal,934.72,60,C,0,0,1
P00271,ELE-00271-5794,Comet Lite Over-Ear Headphones,Electronics,Headphones & Audio,Comet,273.88,529.99,SUP156,23,42,,False,2026-06-08,Active,26612.46,53,A,0,0,1
P00272,PER-00272-3579,Willowbrook Pro Electric Toothbrush,Personal Care,Oral Care,Willowbrook,6.17,9.99,SUP008,20,389,182.0,False,2024-08-02,Active,417.3,44,C,0,0,0
P00273,HOM-00273-6726,Copperfield Lite Comforter,Home & Kitchen,Bedding & Linens,Copperfield,7.36,10.99,SUP190,53,391,,False,2024-09-23,Active,4724.51,467,B,1,0,0
P00274,SPO-00274-4499,NorthPoint Premium Yoga Mat,Sports,Fitness Equipment,NorthPoint,24.3,34.99,SUP012,26,91,,False,2024-07-10,Active,7471.92,229,B,0,0,0
P00275,ELE-00275-8212,ClearPath Premium Wireless Charger,Electronics,Mobile Accessories,ClearPath,90.96,123.99,SUP115,43,83,,False,2024-07-29,Active,7770.72,71,B,0,0,1
P00276,HOM-00276-2445,Quinley Premium Throw Pillow Set,Home & Kitchen,Home Decor,Quinley,17.06,28.99,SUP115,34,234,,False,2025-09-15,Discontinued,167.47,6,C,0,1,0
P00277,BEA-00277-6429,Copperfield Ultra Facial Moisturizer,Beauty,Skincare,Copperfield,8.76,15.99,SUP257,14,375,317.0,False,2026-05-15,Active,1224.58,82,C,0,0,0
P00278,CLO-00278-3815,Copperfield Series 2 Blouse,Clothing,Women's Apparel,Copperfield,4.27,7.99,SUP258,43,373,,False,2025-03-22,Active,16494.75,2224,A,1,0,0
P00279,PER-00279-2045,ClearPath Deluxe Deodorant 2-Pack,Personal Care,Personal Hygiene,ClearPath,3.67,7.99,SUP225,62,596,140.0,False,2026-01-07,Active,268.47,36,C,0,1,0
P00280,ELE-00280-2385,NorthPoint Classic Action Camera,Electronics,Cameras & Accessories,NorthPoint,54.25,106.99,SUP246,16,112,,False,2025-11-09,Active,63016.54,636,A,1,0,0
P00281,ELE-00281-8122,ClearPath Pro Screen Protector 2-Pack,Electronics,Mobile Accessories,ClearPath,116.98,204.99,SUP052,56,57,,False,2024-08-25,Active,395.24,2,C,0,1,1
P00282,GRO-00282-8827,Vaultis Compact Pancake Mix,Grocery,Breakfast Foods,Vaultis,4.24,7.99,SUP209,19,579,360.0,False,2026-02-12,Active,201.98,28,C,0,1,0
P00283,BEA-00283-1112,Novara Ultra Foundation,Beauty,Makeup,Novara,3.19,8.99,SUP215,11,298,298.0,True,2025-03-12,Seasonal,395.8,47,C,0,0,0
P00284,AUT-00284-3067,Trailhaven Signature License Plate Frame,Automotive,Exterior Accessories,Trailhaven,22.7,44.99,SUP227,41,214,,False,2024-01-10,Active,12579.37,296,A,1,0,0
P00285,PER-00285-7347,Glacier Compact Pulse Oximeter,Personal Care,Health Monitoring,Glacier,10.28,15.99,SUP237,30,258,126.0,False,2025-10-14,Active,935.77,63,C,0,0,1
P00286,AUT-00286-7838,Meridian Ultra Floor Mat Set,Automotive,Interior Accessories,Meridian,67.64,119.99,SUP032,55,96,,False,2026-03-12,Active,45994.83,417,A,1,0,1
P00287,HOM-00287-5691,Vaultis Elite Nonstick Frying Pan,Home & Kitchen,Cookware,Vaultis,25.13,46.99,SUP064,10,198,,False,2024-08-11,Active,3161.49,73,B,0,0,0
P00288,BEA-00288-1290,Aurelia Series 2 Shampoo & Conditioner Set,Beauty,Haircare,Aurelia,7.3,12.99,SUP231,19,415,117.0,False,2024-08-30,Active,1515.57,123,C,0,0,0
P00289,TOY-00289-5455,Aurelia Series 2 Water Blaster,Toys,Outdoor Play,Aurelia,3.48,6.99,SUP028,45,611,,False,2025-10-29,Active,448.07,68,C,0,0,0
P00290,GRO-00290-4875,Timbercrest Advanced Breakfast Bar Box,Grocery,Breakfast Foods,Timbercrest,3.86,5.99,SUP027,39,419,368.0,False,2026-06-03,Active,7843.05,1409,B,1,0,0
P00291,SPO-00291-7706,Solstice Everyday Bike Water Bottle Cage,Sports,Cycling,Solstice,18.98,42.99,SUP291,24,212,,False,2024-08-25,Discontinued,167.58,4,C,0,1,0
P00292,HOM-00292-8377,Lumino X200 Electric Kettle,Home & Kitchen,Small Appliances,Lumino,19.69,32.99,SUP290,32,214,,False,2025-01-27,Active,1945.19,62,C,0,0,0
P00293,GRO-00293-1397,Solstice Ultra Sparkling Water Case,Grocery,Beverages,Solstice,8.97,13.99,SUP084,39,235,454.0,False,2025-09-11,Active,263.94,20,C,0,1,1
P00294,AUT-00294-9454,Kestrel Classic Bluetooth Car Adapter,Automotive,Car Electronics,Kestrel,8.43,11.99,SUP006,38,233,,False,2026-02-16,Active,2777.05,252,B,0,0,0
P00295,GRO-00295-4695,Ashford Premium Breakfast Bar Box,Grocery,Breakfast Foods,Ashford,6.22,8.99,SUP114,7,423,92.0,False,2024-01-31,Discontinued,34.06,4,C,0,1,1
P00296,PER-00296-6458,Ridgeline Classic Probiotic Capsules,Personal Care,Vitamins & Supplements,Ridgeline,9.71,16.99,SUP008,21,268,240.0,False,2024-07-01,Active,16946.02,1081,A,1,0,1
P00297,GRO-00297-9472,Amberfield Elite Olive Oil,Grocery,Pantry Staples,Amberfield,6.12,8.99,SUP028,57,255,124.0,False,2026-03-26,Active,663.76,81,C,0,0,1
P00298,ELE-00298-6411,BlueStone Ultra Smart Bulb Kit,Electronics,Smart Home Devices,BlueStone,20.84,42.99,SUP052,49,226,,False,2025-04-23,Active,7208.61,184,B,0,0,0
P00299,GRO-00299-1123,ClearPath Signature Trail Mix,Grocery,Snacks,ClearPath,3.26,5.99,SUP253,53,471,270.0,False,2025-11-22,Active,1397.01,248,C,0,0,0
P00300,HOM-00300-3052,Meridian Premium Cookware Set,Home & Kitchen,Cookware,Meridian,15.84,32.99,SUP102,15,262,,False,2024-02-27,Active,2307.94,75,B,0,0,0
P00301,CLO-00301-8895,Amberfield Pro School Uniform Set,Clothing,Kids' Apparel,Amberfield,10.89,29.99,SUP005,38,174,,False,2024-03-23,Active,3071.96,111,B,0,0,0
P00302,ELE-00302-2147,Vertex Max Screen Protector 2-Pack,Electronics,Mobile Accessories,Vertex,25.64,43.99,SUP174,25,203,,False,2025-11-01,Active,4074.05,101,B,0,0,0
P00303,BOO-00303-6836,Vaultis Max History Hardcover,Books,Non-Fiction,Vaultis,6.14,9.99,SUP019,14,307,,False,2024-12-08,Active,2171.24,236,B,0,0,0
P00304,AUT-00304-4871,Quinley Deluxe Jump Starter,Automotive,Tools & Equipment,Quinley,40.28,65.99,SUP270,22,98,,True,2026-05-09,Seasonal,1057.6,17,C,0,1,1
P00305,BEA-00305-9171,Meridian Series 2 Lipstick Set,Beauty,Makeup,Meridian,11.23,24.99,SUP058,10,213,299.0,False,2025-01-28,Discontinued,0.0,0,C,0,1,0
P00306,HOM-00306-9711,Driftwood Deluxe Sheet Set,Home & Kitchen,Bedding & Linens,Driftwood,24.21,50.99,SUP056,7,171,,True,2026-02-07,Seasonal,15529.29,323,A,1,0,0
P00307,BEA-00307-1413,Solstice Series 2 Cleansing Foam,Beauty,Skincare,Solstice,3.12,7.99,SUP114,8,402,411.0,False,2025-05-10,Active,1055.44,139,C,0,0,0
P00308,TOY-00308-9564,Solstice Series 2 Construction Blocks,Toys,Building Sets,Solstice,19.54,47.99,SUP022,48,198,,True,2025-09-12,Discontinued,0.0,0,C,0,1,1
P00309,BOO-00309-8265,Fernwood Everyday History Hardcover,Books,Non-Fiction,Fernwood,2.55,4.99,SUP008,18,543,,False,2025-08-19,Active,331.06,73,C,0,0,0
P00310,ELE-00310-9611,Lumino Essential Laptop Sleeve,Electronics,Laptop Accessories,Lumino,34.54,56.99,SUP274,20,146,,False,2024-04-18,Active,44974.97,854,A,1,0,0
P00311,CLO-00311-5781,Vaultis Everyday Chino Pants,Clothing,Men's Apparel,Vaultis,31.86,47.99,SUP258,46,116,,True,2025-12-25,Seasonal,2353.95,53,B,0,0,1
P00312,CLO-00312-9678,Norwell Series 2 Cardigan,Clothing,Women's Apparel,Norwell,2.62,4.99,SUP274,17,423,,False,2026-06-16,Active,334.94,71,C,0,0,0
P00313,GRO-00313-3236,Aurelia Deluxe BBQ Sauce,Grocery,Condiments & Sauces,Aurelia,6.72,8.99,SUP192,62,365,339.0,False,2024-12-18,Active,125.04,14,C,0,1,1
P00314,ELE-00314-1923,Cedarwood Max Wireless Mouse,Electronics,Laptop Accessories,Cedarwood,125.46,259.99,SUP008,18,65,,False,2024-11-09,Active,5439.62,22,B,0,1,1
P00315,PER-00315-5238,Vaultis Compact Hand Sanitizer 3-Pack,Personal Care,Personal Hygiene,Vaultis,2.92,5.99,SUP290,38,349,65.0,False,2025-06-28,Discontinued,16.03,3,C,0,1,0
P00316,HOM-00316-3198,Sunneva Classic Closet Organizer,Home & Kitchen,Storage & Organization,Sunneva,43.09,69.99,SUP204,17,129,,False,2025-07-31,Active,9113.76,142,A,0,0,1
P00317,HOM-00317-9307,Novara X200 Stock Pot,Home & Kitchen,Cookware,Novara,62.09,87.99,SUP115,45,76,,False,2024-12-15,Active,4466.93,54,B,0,0,1
P00318,HOM-00318-6448,BlueStone Series 2 Air Fryer,Home & Kitchen,Small Appliances,BlueStone,18.66,27.99,SUP211,28,160,,False,2024-09-05,Active,1338.52,55,C,0,0,0
P00319,CLO-00319-4954,Quinley Essential Cardigan,Clothing,Women's Apparel,Quinley,13.49,37.99,SUP159,13,283,,False,2026-06-04,Active,474.79,13,C,0,1,0
P00320,BEA-00320-1405,Ostrom X200 Hair Mask,Beauty,Haircare,Ostrom,3.68,6.99,SUP191,51,330,275.0,True,2026-01-24,Seasonal,6570.88,1005,B,1,0,0
P00321,HOM-00321-2231,Fernwood Series 2 Shelving Unit,Home & Kitchen,Storage & Organization,Fernwood,9.46,13.99,SUP247,5,248,,False,2025-06-05,Active,686.13,52,C,0,0,0
P00322,BEA-00322-6724,Foundry Everyday Plus Body Wash,Beauty,Bath & Body,Foundry,4.71,11.99,SUP274,17,249,66.0,False,2024-12-11,Active,203.33,18,C,0,1,0
P00323,SPO-00323-1589,Rockridge Everyday Yoga Block Set,Sports,Yoga & Wellness,Rockridge,1.5,2.99,SUP238,6,694,,False,2024-11-17,Active,333.48,120,C,0,0,0
P00324,GRO-00324-7424,Sunneva Pro BBQ Sauce,Grocery,Condiments & Sauces,Sunneva,2.24,3.99,SUP270,23,791,183.0,False,2024-12-22,Active,395.09,106,C,0,0,0
P00325,PER-00325-1128,ClearPath Pro Protein Powder,Personal Care,Vitamins & Supplements,ClearPath,7.5,15.99,SUP159,15,314,84.0,False,2025-06-24,Active,1952.17,134,C,0,0,0
P00326,GRO-00326-4548,Quinley Ultra Salad Dressing Set,Grocery,Condiments & Sauces,Quinley,6.25,10.99,SUP084,46,435,160.0,True,2024-01-05,Seasonal,2204.89,214,B,0,0,1
P00327,HOM-00327-2900,Norwell Signature Closet Organizer,Home & Kitchen,Storage & Organization,Norwell,62.03,143.99,SUP190,42,97,,False,2025-08-22,Active,24313.41,180,A,0,0,1
P00328,PER-00328-3379,Glacier X200 Water Flosser,Personal Care,Oral Care,Glacier,13.04,24.99,SUP159,12,137,102.0,False,2025-06-08,Active,48269.94,2094,A,1,0,1
P00329,TOY-00329-5943,Comet Elite Coding Robot Kit,Toys,Educational Toys,Comet,10.43,18.99,SUP017,14,250,,False,2024-05-11,Discontinued,35.4,2,C,0,1,0
P00330,GRO-00330-4556,Quinley Lite Rice 5lb Bag,Grocery,Pantry Staples,Quinley,3.14,4.99,SUP162,56,372,125.0,False,2024-08-16,Active,597.45,132,C,0,0,0
P00331,AUT-00331-4152,Driftwood Max Tire Inflator,Automotive,Tire & Wheel Care,Driftwood,6.94,11.99,SUP115,41,294,,True,2024-09-09,Seasonal,1157.22,101,C,0,0,0
P00332,CLO-00332-2911,Halcyon Essential Running Shoes,Clothing,Footwear,Halcyon,24.75,58.99,SUP102,19,120,,False,2026-04-20,Active,55638.14,1020,A,1,0,1
P00333,GRO-00333-8874,Glacier Pro Coffee Pods Box,Grocery,Beverages,Glacier,1.65,2.99,SUP211,23,460,88.0,False,2026-05-02,Active,549.9,201,C,0,0,0
P00334,AUT-00334-3205,Copperfield Deluxe Dash Cam,Automotive,Car Electronics,Copperfield,9.82,14.99,SUP266,48,194,,False,2025-12-15,Active,214.85,15,C,0,1,0
P00335,TOY-00335-8073,Palisade Pro Water Blaster,Toys,Outdoor Play,Palisade,7.14,18.99,SUP044,29,281,,False,2025-09-13,Active,2456.13,137,B,0,0,0
P00336,GRO-00336-9647,BlueStone Max Popcorn Variety Pack,Grocery,Snacks,BlueStone,5.08,8.99,SUP237,37,473,144.0,False,2026-05-18,Active,912.97,107,C,0,0,0
P00337,BOO-00337-5182,Trailhaven Ultra Illustrated Novel,Books,Comics & Graphic Novels,Trailhaven,3.73,6.99,SUP034,55,541,,True,2025-10-31,Seasonal,1886.64,295,C,1,0,0
P00338,BEA-00338-3744,BlueStone Signature Cleansing Foam,Beauty,Skincare,BlueStone,6.37,14.99,SUP162,53,197,396.0,False,2024-12-21,Active,853.97,61,C,0,0,0
P00339,ELE-00339-3072,Vanture Everyday Phone Case,Electronics,Mobile Accessories,Vanture,16.94,23.99,SUP258,43,236,,False,2024-11-22,Active,5008.15,224,B,0,0,0
P00340,PER-00340-3278,Quinley X200 Cotton Swabs Bulk,Personal Care,Personal Hygiene,Quinley,3.1,4.99,SUP273,52,291,532.0,False,2025-08-26,Active,375.22,82,C,0,0,0
P00341,CLO-00341-4732,Foundry Series 2 Kids Rain Jacket,Clothing,Kids' Apparel,Foundry,9.78,17.99,SUP078,22,165,,False,2025-01-07,Active,742.5,44,C,0,0,0
P00342,BOO-00342-6555,ClearPath X200 Short Story Collection,Books,Fiction,ClearPath,3.66,6.99,SUP245,15,543,,False,2025-02-16,Active,1080.93,168,C,0,0,0
P00343,BOO-00343-6740,Ostrom Max Study Guide,Books,Educational & Reference,Ostrom,3.53,5.99,SUP263,50,411,,False,2026-06-05,Active,812.42,147,C,0,0,0
P00344,CLO-00344-2748,Silverpine Advanced Canvas Sneakers,Clothing,Footwear,Silverpine,4.98,12.99,SUP034,42,317,,False,2026-04-09,Active,5534.38,459,B,1,0,0
P00345,GRO-00345-1208,Sunneva Max Breakfast Bar Box,Grocery,Breakfast Foods,Sunneva,7.91,12.99,SUP106,11,259,288.0,False,2025-07-07,Active,983.79,80,C,0,0,1
P00346,PER-00346-8170,Pinnacle Lite Beard Trimmer,Personal Care,Shaving & Grooming,Pinnacle,3.25,5.99,SUP226,42,484,101.0,False,2024-10-22,Active,1313.0,235,C,0,0,0
P00347,BOO-00347-9002,Palisade Everyday Fantasy Trilogy Box Set,Books,Fiction,Palisade,1.92,3.99,SUP008,20,691,,False,2025-02-07,Active,84.73,25,C,0,1,0
P00348,SPO-00348-1797,Driftwood Classic Soccer Ball,Sports,Team Sports Gear,Driftwood,32.36,54.99,SUP171,52,153,,True,2024-10-26,Seasonal,30426.2,604,A,1,0,0
P00349,BEA-00349-6891,BlueStone Max Bath Bomb Set,Beauty,Bath & Body,BlueStone,12.01,30.99,SUP115,38,151,164.0,False,2025-01-17,Discontinued,28.95,1,C,0,1,0
P00350,GRO-00350-4769,Pinnacle Classic BBQ Sauce,Grocery,Condiments & Sauces,Pinnacle,2.93,4.36,SUP153,47,357,362.0,False,2024-11-29,Active,1669.67,415,C,1,0,0
P00351,ELE-00351-9662,Vaultis Classic Phone Case,Electronics,Mobile Accessories,Vaultis,15.4,23.99,SUP115,38,190,,False,2025-02-10,Active,3794.56,170,B,0,0,0
P00352,GRO-00352-8304,Timbercrest Classic Protein Bar Box,Grocery,Snacks,Timbercrest,8.67,14.99,SUP043,16,362,86.0,True,2025-03-29,Seasonal,727.84,52,C,0,0,1
P00353,HOM-00353-6977,Glacier Lite Weighted Blanket,Home & Kitchen,Bedding & Linens,Glacier,7.67,15.99,SUP090,27,362,,False,2025-08-09,Active,5411.58,368,B,1,0,0
P00354,SPO-00354-4097,UrbanNest X200 Foam Roller,Sports,Fitness Equipment,UrbanNest,8.37,13.99,SUP258,48,206,,False,2026-03-20,Active,76.62,6,C,0,1,0
P00355,AUT-00355-4264,Comet Premium Tire Pressure Gauge,Automotive,Tools & Equipment,Comet,58.93,96.99,SUP171,50,79,,True,2025-04-27,Seasonal,558.59,6,C,0,1,1
P00356,GRO-00356-5244,Harborlight Everyday Breakfast Bar Box,Grocery,Breakfast Foods,Harborlight,1.5,2.72,SUP139,14,650,101.0,False,2024-07-08,Active,791.32,312,C,1,0,0
P00357,GRO-00357-4942,Trailhaven Ultra Protein Bar Box,Grocery,Snacks,Trailhaven,1.9,3.99,SUP201,18,833,260.0,False,2024-06-17,Active,6078.04,1645,B,1,0,0
P00358,SPO-00358-1809,Palisade Premium Basketball,Sports,Team Sports Gear,Palisade,32.55,60.99,SUP038,43,188,,False,2025-08-16,Active,4053.8,72,B,0,0,0
P00359,HOM-00359-1062,Ostrom Lite Weighted Blanket,Home & Kitchen,Bedding & Linens,Ostrom,76.13,117.99,SUP022,63,53,,False,2026-06-29,Active,0.0,0,C,0,1,1
P00360,PER-00360-7141,Ashford Compact Pulse Oximeter,Personal Care,Health Monitoring,Ashford,8.51,17.99,SUP159,14,276,113.0,False,2024-10-06,Active,540.26,32,C,0,1,1
P00361,BEA-00361-1515,Vanture Ultra Foundation,Beauty,Makeup,Vanture,5.88,11.99,SUP007,19,302,337.0,False,2024-03-21,Active,938.3,87,C,0,0,0
P00362,ELE-00362-5186,BlueStone Advanced Phone Case,Electronics,Mobile Accessories,BlueStone,45.28,76.99,SUP028,44,94,,False,2024-03-16,Active,27200.43,381,A,1,0,0
P00363,HOM-00363-1926,Comet X200 Storage Bin Set,Home & Kitchen,Storage & Organization,Comet,53.27,79.99,SUP210,23,102,,False,2024-09-06,Active,5583.69,75,B,0,0,1
P00364,PER-00364-5163,Quinley Ultra Multivitamin Bottle,Personal Care,Vitamins & Supplements,Quinley,2.5,4.99,SUP270,19,650,285.0,False,2026-05-19,Active,81.26,17,C,0,1,0
P00365,HOM-00365-4541,Norwell Essential Coffee Maker,Home & Kitchen,Small Appliances,Norwell,59.83,132.99,SUP073,26,103,,False,2025-12-12,Active,24905.36,198,A,0,0,1
P00366,SPO-00366-1723,Ostrom Pro Camping Tent,Sports,Outdoor Recreation,Ostrom,77.14,121.99,SUP104,30,78,,False,2025-12-17,Active,15950.01,142,A,0,0,1
P00367,HOM-00367-3581,Sunneva Max Closet Organizer,Home & Kitchen,Storage & Organization,Sunneva,31.45,69.99,SUP193,34,162,,False,2024-10-30,Active,2180.75,34,B,0,1,0
P00368,HOM-00368-1614,Vanture Compact Storage Bin Set,Home & Kitchen,Storage & Organization,Vanture,3.35,7.99,SUP241,24,431,,True,2026-05-18,Seasonal,3347.73,448,B,1,0,0
P00369,AUT-00369-4606,Glacier Deluxe Backup Camera,Automotive,Car Electronics,Glacier,6.76,10.99,SUP064,13,358,,False,2025-01-06,Active,511.11,50,C,0,0,0
P00370,HOM-00370-1775,Vertex Premium Stand Mixer,Home & Kitchen,Small Appliances,Vertex,7.91,12.99,SUP248,39,208,,True,2024-12-31,Seasonal,1507.57,123,C,0,0,0
P00371,ELE-00371-4654,Norwell Premium Car Mount,Electronics,Mobile Accessories,Norwell,69.81,129.99,SUP290,30,76,,False,2026-05-05,Active,3697.65,31,B,0,1,0
P00372,CLO-00372-1749,NorthPoint Signature Kids Graphic Tee,Clothing,Kids' Apparel,NorthPoint,8.19,21.99,SUP022,66,302,,False,2025-11-21,Active,1053.34,51,C,0,0,0
P00373,AUT-00373-4157,Pinnacle Ultra Tire Shine Kit,Automotive,Tire & Wheel Care,Pinnacle,16.16,27.99,SUP052,59,266,,False,2024-09-20,Active,9080.61,349,A,1,0,0
P00374,GRO-00374-3965,NorthPoint Series 2 Oatmeal Packets,Grocery,Breakfast Foods,NorthPoint,3.38,4.99,SUP211,21,273,541.0,False,2025-08-16,Active,78.74,16,C,0,1,0
P00375,ELE-00375-5623,Vertex Max Action Camera,Electronics,Cameras & Accessories,Vertex,19.44,26.99,SUP012,26,212,,False,2024-11-15,Active,15624.17,632,A,1,0,0
P00376,PER-00376-4814,Willowbrook Everyday Plus Omega-3 Softgels,Personal Care,Vitamins & Supplements,Willowbrook,3.43,7.99,SUP073,25,454,61.0,False,2025-07-18,Active,1004.95,138,C,0,0,0
P00377,SPO-00377-9419,Meridian Pro Yoga Mat,Sports,Fitness Equipment,Meridian,14.66,30.99,SUP255,19,250,,False,2024-05-05,Active,2699.94,94,B,0,0,0
P00378,AUT-00378-9070,Vanture Compact Backup Camera,Automotive,Car Electronics,Vanture,168.21,315.99,SUP193,38,36,,True,2024-02-06,Seasonal,17136.02,58,A,0,0,1
P00379,TOY-00379-5704,Sunneva Series 2 Collectible Figure 3-Pack,Toys,Action Figures & Playsets,Sunneva,32.24,63.99,SUP176,53,145,,True,2026-05-28,Seasonal,1194.67,20,C,0,1,1
P00380,SPO-00380-1347,Ridgeline Everyday Resistance Bands Set,Sports,Fitness Equipment,Ridgeline,26.38,42.99,SUP171,45,140,,False,2024-03-06,Active,615.22,15,C,0,1,0
P00381,BEA-00381-8381,Ashford Premium Foundation,Beauty,Makeup,Ashford,7.68,16.99,SUP149,57,248,220.0,False,2024-12-31,Active,408.62,26,C,0,1,0
P00382,GRO-00382-7070,Ashford Compact Protein Bar Box,Grocery,Snacks,Ashford,2.99,4.99,SUP220,64,297,223.0,False,2024-06-27,Active,0.0,0,C,0,1,0
P00383,SPO-00383-8014,UrbanNest Signature Team Jersey,Sports,Team Sports Gear,UrbanNest,18.69,29.99,SUP258,38,185,,False,2024-01-14,Discontinued,0.0,0,C,0,1,0
P00384,SPO-00384-9099,Palisade Elite Team Jersey,Sports,Team Sports Gear,Palisade,28.41,45.99,SUP237,36,124,,True,2025-11-14,Seasonal,124.44,3,C,0,1,0
P00385,PER-00385-4756,Ostrom Classic Beard Trimmer,Personal Care,Shaving & Grooming,Ostrom,2.98,4.99,SUP143,55,677,303.0,False,2024-09-15,Active,3120.45,670,B,1,0,0
P00386,CLO-00386-5362,Copperfield Deluxe School Uniform Set,Clothing,Kids' Apparel,Copperfield,5.32,11.99,SUP228,19,439,,False,2025-12-29,Active,470.67,41,C,0,1,0
P00387,GRO-00387-3156,Pinnacle Signature Pasta Sauce Jar,Grocery,Condiments & Sauces,Pinnacle,2.54,3.99,SUP218,52,351,389.0,False,2025-05-16,Active,358.39,98,C,0,0,0
P00388,CLO-00388-1647,NorthPoint Everyday Canvas Sneakers,Clothing,Footwear,NorthPoint,10.51,17.99,SUP127,38,208,,False,2025-08-13,Active,8537.13,507,A,1,0,0
P00389,BOO-00389-1285,Cedarwood Premium Comic Anthology,Books,Comics & Graphic Novels,Cedarwood,11.6,20.99,SUP084,53,187,,False,2025-09-01,Active,3728.83,189,B,0,0,1
P00390,BEA-00390-7421,Silverpine Elite Bath Bomb Set,Beauty,Bath & Body,Silverpine,35.6,89.99,SUP115,45,147,180.0,False,2024-06-24,Active,3580.61,44,B,0,0,1
P00391,TOY-00391-1501,Solstice Elite 1000-Piece Puzzle,Toys,Board Games & Puzzles,Solstice,20.96,35.99,SUP147,19,181,,True,2025-02-19,Seasonal,1271.18,38,C,0,1,1
P00392,BOO-00392-8908,Halcyon Elite Bedtime Stories Collection,Books,Children's Books,Halcyon,3.34,5.99,SUP028,44,410,,False,2025-12-10,Active,966.68,171,C,0,0,0
P00393,ELE-00393-2971,Cedarwood Everyday Phone Case,Electronics,Mobile Accessories,Cedarwood,66.91,123.99,SUP052,60,68,,False,2024-08-01,Active,154750.38,1347,A,1,0,0
P00394,CLO-00394-5634,Ashford Everyday Training Jacket,Clothing,Activewear,Ashford,8.1,14.99,SUP022,52,272,,False,2024-04-13,Active,1926.17,141,C,0,0,0
P00395,BOO-00395-8893,Halcyon Everyday Fantasy Trilogy Box Set,Books,Fiction,Halcyon,3.45,5.99,SUP019,15,361,,False,2025-01-13,Active,1316.12,237,C,0,0,0
P00396,PER-00396-2750,Timbercrest Signature Shaving Cream,Personal Care,Shaving & Grooming,Timbercrest,8.57,18.99,SUP159,15,204,81.0,False,2026-03-26,Active,27615.63,1564,A,1,0,1
P00397,BEA-00397-1948,Vaultis Everyday Hair Dryer,Beauty,Haircare,Vaultis,3.78,6.99,SUP199,47,554,144.0,True,2024-10-20,Seasonal,1060.87,161,C,0,0,0
P00398,CLO-00398-4478,Ashford Compact Wrap Dress,Clothing,Women's Apparel,Ashford,6.79,18.99,SUP171,50,443,,False,2024-12-16,Active,9355.84,533,A,1,0,0
P00399,CLO-00399-8427,Vertex Everyday Plus Cardigan,Clothing,Women's Apparel,Vertex,14.15,24.99,SUP211,28,257,,False,2024-04-25,Active,3419.0,145,B,0,0,0
P00400,CLO-00400-3401,BlueStone Premium Performance Tank,Clothing,Activewear,BlueStone,32.6,62.99,SUP115,40,83,,False,2025-10-25,Active,4791.35,83,B,0,0,1
P00401,ELE-00401-5114,Everline Elite Fitness Tracker,Electronics,Wearable Tech,Everline,125.41,209.99,SUP240,35,87,,False,2024-11-03,Active,3695.82,18,B,0,1,1
P00402,AUT-00402-6835,Crestmark Premium Roof Rack,Automotive,Exterior Accessories,Crestmark,50.55,86.99,SUP215,11,101,,False,2024-06-03,Active,786.19,10,C,0,1,1
P00403,PER-00403-6809,ClearPath Compact Deodorant 2-Pack,Personal Care,Personal Hygiene,ClearPath,3.61,5.99,SUP204,16,357,467.0,True,2024-04-03,Seasonal,477.04,86,C,0,0,0
P00404,CLO-00404-8517,Meridian Elite Crew Neck Tee 3-Pack,Clothing,Men's Apparel,Meridian,12.75,21.99,SUP220,70,275,,True,2024-10-13,Seasonal,6734.19,329,B,1,0,0
P00405,CLO-00405-2294,Vertex Ultra Crew Neck Tee 3-Pack,Clothing,Men's Apparel,Vertex,27.32,44.99,SUP055,14,84,,False,2024-07-04,Active,10630.26,252,A,0,0,1
P00406,ELE-00406-9743,Glacier Everyday Car Mount,Electronics,Mobile Accessories,Glacier,107.81,203.99,SUP159,15,41,,False,2025-03-27,Active,70676.86,372,A,1,0,1
P00407,BOO-00407-8145,Ashford Max Language Learning Workbook,Books,Educational & Reference,Ashford,2.07,3.99,SUP225,47,742,,False,2025-01-23,Active,448.3,125,C,0,0,0
P00408,BEA-00408-9790,Copperfield Signature Bath Bomb Set,Beauty,Bath & Body,Copperfield,4.68,8.99,SUP022,51,275,198.0,False,2025-03-28,Active,2214.46,272,B,1,0,0
P00409,SPO-00409-1807,Novara Everyday Plus Shin Guards,Sports,Team Sports Gear,Novara,19.84,33.99,SUP058,8,171,,False,2024-11-30,Active,7691.94,243,B,0,0,0
P00410,ELE-00410-7930,Quinley Pro Laptop Sleeve,Electronics,Laptop Accessories,Quinley,50.3,106.99,SUP146,47,107,,False,2024-03-29,Active,7073.97,71,B,0,0,0
P00411,SPO-00411-5706,Copperfield Classic Bike Helmet,Sports,Cycling,Copperfield,11.71,23.99,SUP115,42,333,,False,2025-12-09,Active,1837.34,83,C,0,0,0
P00412,GRO-00412-8133,Comet Max Trail Mix,Grocery,Snacks,Comet,3.95,5.99,SUP274,19,363,496.0,False,2025-05-15,Discontinued,26.32,5,C,0,1,0
P00413,SPO-00413-1927,Amberfield Series 2 Hiking Backpack,Sports,Outdoor Recreation,Amberfield,8.42,13.99,SUP215,11,234,,True,2024-06-17,Seasonal,1457.43,111,C,0,0,0
P00414,BOO-00414-5413,Meridian Max Mystery Novel,Books,Fiction,Meridian,7.31,12.99,SUP012,24,297,,False,2024-03-09,Active,1049.22,86,C,0,0,0
P00415,HOM-00415-8694,Brightline Compact Cookware Set,Home & Kitchen,Cookware,Brightline,23.23,44.99,SUP134,24,158,,True,2026-05-07,Seasonal,17688.22,425,A,1,0,0
P00416,BEA-00416-8342,Harborlight Signature Hair Mask,Beauty,Haircare,Harborlight,11.88,23.99,SUP218,43,242,401.0,False,2026-04-22,Active,9793.38,441,A,1,0,0
P00417,AUT-00417-6295,Pinnacle Lite Car Charger,Automotive,Car Electronics,Pinnacle,10.35,14.99,SUP190,58,332,,False,2024-06-21,Active,2251.05,161,B,0,0,0
P00418,BOO-00418-6972,Brightline X200 Biography,Books,Non-Fiction,Brightline,4.75,7.99,SUP159,12,453,,False,2025-01-19,Active,11900.43,1610,A,1,0,0
P00419,ELE-00419-5910,ClearPath Advanced Soundbar,Electronics,Headphones & Audio,ClearPath,33.73,58.99,SUP022,53,171,,False,2025-06-15,Active,11174.65,203,A,0,0,0
P00420,BEA-00420-8713,Silverpine Signature Hair Mask,Beauty,Haircare,Silverpine,14.76,25.99,SUP274,21,186,105.0,False,2025-02-04,Active,8607.62,355,A,1,0,1
P00421,GRO-00421-3453,Glacier Everyday Rice 5lb Bag,Grocery,Pantry Staples,Glacier,2.74,4.14,SUP115,47,641,296.0,True,2026-02-01,Seasonal,424.97,108,C,0,0,0
P00422,BOO-00422-9532,Amberfield Series 2 Early Reader Set,Books,Children's Books,Amberfield,4.23,6.99,SUP028,53,572,,False,2025-06-10,Active,342.81,53,C,0,0,0
P00423,BOO-00423-5598,ClearPath Series 2 Reference Encyclopedia,Books,Educational & Reference,ClearPath,4.33,7.99,SUP022,53,259,,False,2024-08-30,Active,542.15,72,C,0,0,0
P00424,ELE-00424-9900,Fernwood Essential Action Camera,Electronics,Cameras & Accessories,Fernwood,174.52,317.99,SUP231,18,50,,False,2025-12-13,Active,118712.6,401,A,1,0,1
P00425,BOO-00425-1185,Harborlight Pro Early Reader Set,Books,Children's Books,Harborlight,6.45,12.99,SUP171,45,352,,True,2026-03-08,Seasonal,1144.49,100,C,0,0,0
P00426,SPO-00426-5798,Driftwood Elite Camping Tent,Sports,Outdoor Recreation,Driftwood,70.24,142.99,SUP060,26,94,,True,2024-03-04,Seasonal,3234.96,25,B,0,1,1
P00427,TOY-00427-5327,Foundry Classic Kickball Set,Toys,Outdoor Play,Foundry,12.48,19.99,SUP159,14,229,,False,2026-02-15,Active,1490.01,79,C,0,0,0
P00428,ELE-00428-5381,Comet Premium Wireless Earbuds,Electronics,Headphones & Audio,Comet,37.11,64.99,SUP275,5,158,,False,2025-10-03,Active,2585.29,43,B,0,0,0
P00429,GRO-00429-2928,Ashford Pro Pancake Mix,Grocery,Breakfast Foods,Ashford,3.01,4.45,SUP147,21,372,326.0,True,2026-04-17,Seasonal,2342.34,569,B,1,0,0
P00430,BEA-00430-4334,Brightline Compact Makeup Brush Set,Beauty,Makeup,Brightline,9.88,16.99,SUP109,41,360,351.0,False,2026-04-10,Active,22455.33,1418,A,1,0,0
P00431,HOM-00431-9027,Ostrom Everyday Plus Wall Art Set,Home & Kitchen,Home Decor,Ostrom,10.59,16.99,SUP078,20,313,,False,2024-02-15,Active,1520.98,97,C,0,0,0
P00432,BEA-00432-2133,Kestrel Ultra Cologne,Beauty,Fragrances,Kestrel,26.21,78.99,SUP037,37,124,149.0,True,2025-02-04,Seasonal,9679.15,132,A,0,0,1
P00433,ELE-00433-3450,Fernwood Deluxe Bluetooth Speaker,Electronics,Headphones & Audio,Fernwood,85.31,123.99,SUP274,18,47,,False,2024-03-06,Active,41024.43,356,A,1,0,1
P00434,ELE-00434-6562,Ostrom Compact Action Camera,Electronics,Cameras & Accessories,Ostrom,213.25,431.99,SUP034,59,56,,False,2024-01-13,Active,23269.7,59,A,0,0,1
P00435,SPO-00435-5600,Meridian Classic Bike Water Bottle Cage,Sports,Cycling,Meridian,26.38,47.99,SUP015,33,89,,False,2026-04-16,Active,912.97,22,C,0,1,0
P00436,GRO-00436-9960,Pinnacle Lite Pasta Sauce Jar,Grocery,Condiments & Sauces,Pinnacle,4.28,6.99,SUP028,46,403,479.0,False,2024-08-13,Active,449.31,70,C,0,0,0
P00437,SPO-00437-1028,Vanture Pro Yoga Mat,Sports,Fitness Equipment,Vanture,36.82,58.99,SUP037,32,133,,False,2024-02-25,Active,9215.8,177,A,0,0,1
P00438,ELE-00438-3399,Norwell Advanced Lens Filter Set,Electronics,Cameras & Accessories,Norwell,77.61,163.99,SUP115,42,117,,False,2026-05-08,Active,21262.77,137,A,0,0,1
P00439,CLO-00439-7685,Vaultis Pro Crew Neck Tee 3-Pack,Clothing,Men's Apparel,Vaultis,32.59,71.99,SUP274,22,112,,False,2025-01-06,Active,478.15,7,C,0,1,1
P00440,BEA-00440-2402,Sunneva Deluxe Hair Dryer,Beauty,Haircare,Sunneva,9.23,20.99,SUP028,45,317,234.0,False,2024-04-17,Active,856.67,43,C,0,0,0
P00441,TOY-00441-2446,Ridgeline Classic Backyard Game Set,Toys,Outdoor Play,Ridgeline,1.78,3.99,SUP028,44,917,,False,2024-08-20,Active,158.48,41,C,0,1,0
P00442,TOY-00442-3323,NorthPoint X200 Construction Blocks,Toys,Building Sets,NorthPoint,17.63,44.99,SUP116,15,181,,False,2024-01-13,Active,9763.48,236,A,0,0,1
P00443,BEA-00443-9987,Vertex Signature Body Mist,Beauty,Fragrances,Vertex,1.85,4.99,SUP271,38,436,157.0,True,2025-09-09,Seasonal,197.84,42,C,0,0,0
P00444,BOO-00444-5365,Trailhaven X200 Graphic Novel Vol. 1,Books,Comics & Graphic Novels,Trailhaven,3.99,6.99,SUP274,23,287,,False,2026-05-03,Active,282.0,43,C,0,0,0
P00445,HOM-00445-3635,NorthPoint Max Pillow 2-Pack,Home & Kitchen,Bedding & Linens,NorthPoint,14.12,31.99,SUP277,58,191,,True,2024-12-22,Seasonal,1341.94,45,C,0,0,0
P00446,BOO-00446-8564,Norwell Premium Early Reader Set,Books,Children's Books,Norwell,2.02,3.99,SUP028,56,523,,False,2026-02-26,Active,1506.35,401,C,1,0,0
P00447,ELE-00447-6988,Ridgeline Everyday Wireless Mouse,Electronics,Laptop Accessories,Ridgeline,14.92,30.99,SUP201,15,173,,False,2024-11-08,Active,13550.83,471,A,1,0,0
P00448,BEA-00448-3455,Aurelia Elite Sunscreen SPF50,Beauty,Skincare,Aurelia,7.91,15.99,SUP176,44,287,393.0,False,2025-02-23,Active,2778.47,187,B,0,0,0
P00449,HOM-00449-9638,Fernwood X200 Drawer Dividers,Home & Kitchen,Storage & Organization,Fernwood,29.67,53.99,SUP009,27,145,,True,2024-07-14,Seasonal,17064.64,344,A,1,0,0
P00450,AUT-00450-9915,Crestmark Compact Roof Rack,Automotive,Exterior Accessories,Crestmark,12.07,16.99,SUP191,43,184,,False,2024-01-05,Active,10618.15,673,A,1,0,0
P00451,BEA-00451-7806,Solstice Deluxe Fragrance Gift Set,Beauty,Fragrances,Solstice,4.95,7.99,SUP199,41,357,535.0,False,2024-05-28,Discontinued,22.91,3,C,0,1,0
P00452,BOO-00452-4478,Quinley Compact Self-Help Guide,Books,Non-Fiction,Quinley,2.77,4.99,SUP182,9,585,,True,2025-06-16,Seasonal,1053.39,230,C,0,0,0
P00453,BEA-00453-4147,Lumino Compact Cologne,Beauty,Fragrances,Lumino,19.47,51.99,SUP052,48,186,179.0,False,2024-03-31,Active,1970.9,41,C,0,1,1
P00454,GRO-00454-3602,Amberfield X200 Sports Drink Case,Grocery,Beverages,Amberfield,2.54,3.99,SUP084,48,661,384.0,True,2026-01-14,Seasonal,101.43,28,C,0,1,0
P00455,HOM-00455-9286,UrbanNest Classic Stock Pot,Home & Kitchen,Cookware,UrbanNest,15.86,33.99,SUP159,13,160,,False,2026-04-16,Active,1409.83,46,C,0,0,0
P00456,PER-00456-1709,UrbanNest Max Protein Powder,Personal Care,Vitamins & Supplements,UrbanNest,4.61,7.99,SUP028,57,350,222.0,False,2024-09-17,Active,1923.11,257,C,1,0,0
P00457,TOY-00457-2913,Norwell Signature Water Blaster,Toys,Outdoor Play,Norwell,4.23,10.99,SUP030,7,429,,False,2024-09-03,Active,8815.97,859,A,1,0,0
P00458,HOM-00458-2570,Fernwood Signature Coffee Maker,Home & Kitchen,Small Appliances,Fernwood,6.85,9.99,SUP199,42,424,,False,2024-06-06,Active,352.0,37,C,0,1,0
P00459,TOY-00459-6709,Comet Deluxe Sidewalk Chalk Set,Toys,Outdoor Play,Comet,8.36,17.99,SUP034,48,309,,False,2025-01-08,Active,3291.17,199,B,0,0,0
P00460,BEA-00460-1850,Fernwood Compact Makeup Brush Set,Beauty,Makeup,Fernwood,14.52,37.99,SUP008,17,170,276.0,False,2026-04-05,Active,34977.79,990,A,1,0,1
P00461,ELE-00461-7704,Silverpine Advanced Fitness Tracker,Electronics,Wearable Tech,Silverpine,12.0,25.99,SUP040,20,139,,False,2024-12-21,Active,41207.15,1708,A,1,0,0
P00462,CLO-00462-2248,Sunneva Compact Training Jacket,Clothing,Activewear,Sunneva,6.42,12.99,SUP019,15,330,,False,2025-12-01,Active,39.56,3,C,0,1,0
P00463,HOM-00463-4211,Vaultis Classic Comforter,Home & Kitchen,Bedding & Linens,Vaultis,36.91,80.99,SUP073,25,173,,False,2024-10-20,Active,96888.18,1287,A,1,0,1
P00464,HOM-00464-2671,Silverpine Classic Cookware Set,Home & Kitchen,Cookware,Silverpine,27.44,44.99,SUP218,46,168,,False,2025-02-12,Active,12743.72,302,A,1,0,0
P00465,SPO-00465-8480,Amberfield Pro Resistance Bands Set,Sports,Fitness Equipment,Amberfield,25.51,41.99,SUP231,21,143,,True,2025-03-26,Seasonal,321.67,8,C,0,1,0
P00466,GRO-00466-6763,Halcyon Elite Pasta Sauce Jar,Grocery,Condiments & Sauces,Halcyon,3.46,5.99,SUP019,13,292,398.0,True,2026-04-05,Seasonal,135.32,24,C,0,1,0
P00467,AUT-00467-5252,Willowbrook Compact License Plate Frame,Automotive,Exterior Accessories,Willowbrook,17.23,34.99,SUP159,13,127,,True,2025-03-30,Seasonal,18300.45,564,A,1,0,0
P00468,SPO-00468-9430,NorthPoint Deluxe Massage Roller,Sports,Yoga & Wellness,NorthPoint,41.65,78.99,SUP022,60,141,,False,2025-07-08,Active,7529.75,103,B,0,0,1
P00469,AUT-00469-8752,Vanture Signature Roof Rack,Automotive,Exterior Accessories,Vanture,65.41,122.99,SUP042,15,77,,False,2026-02-18,Discontinued,0.0,0,C,0,1,1
P00470,BOO-00470-6140,Crestmark Premium History Hardcover,Books,Non-Fiction,Crestmark,2.71,4.11,SUP231,16,431,,False,2026-05-11,Active,712.9,184,C,0,0,0
P00471,AUT-00471-2930,Foundry Advanced Wheel Cover Set,Automotive,Tire & Wheel Care,Foundry,8.15,15.99,SUP290,31,220,,False,2026-03-27,Active,4012.79,271,B,1,0,0
P00472,BEA-00472-2024,Pinnacle Classic Eau de Parfum,Beauty,Fragrances,Pinnacle,2.43,7.99,SUP068,29,745,84.0,False,2024-04-04,Active,374.68,51,C,0,0,0
P00473,CLO-00473-9059,Vanture Compact School Uniform Set,Clothing,Kids' Apparel,Vanture,12.26,19.99,SUP226,40,190,,False,2024-04-12,Active,2715.91,149,B,0,0,0
P00474,CLO-00474-7375,Aurelia Max Chino Pants,Clothing,Men's Apparel,Aurelia,7.25,12.99,SUP087,10,220,,True,2025-02-02,Seasonal,5158.35,430,B,1,0,0
P00475,PER-00475-5797,Foundry Lite Cotton Swabs Bulk,Personal Care,Personal Hygiene,Foundry,3.49,7.99,SUP231,16,404,422.0,False,2024-11-16,Active,314.06,41,C,0,1,0
P00476,HOM-00476-1845,Timbercrest Compact Sheet Set,Home & Kitchen,Bedding & Linens,Timbercrest,14.89,33.99,SUP159,15,242,,False,2025-09-11,Active,311.07,10,C,0,1,0
P00477,CLO-00477-4857,Timbercrest Lite Training Jacket,Clothing,Activewear,Timbercrest,3.28,5.99,SUP159,15,437,,False,2025-01-29,Active,258.73,45,C,0,0,0
P00478,TOY-00478-9609,Willowbrook Signature Sidewalk Chalk Set,Toys,Outdoor Play,Willowbrook,10.03,16.99,SUP244,33,313,,False,2025-01-07,Discontinued,0.0,0,C,0,1,0
P00479,BEA-00479-3118,Palisade X200 Fragrance Gift Set,Beauty,Fragrances,Palisade,19.01,30.99,SUP198,21,207,435.0,True,2024-03-23,Discontinued,0.0,0,C,0,1,1
P00480,AUT-00480-3780,Cedarwood Ultra Wheel Cleaner,Automotive,Tire & Wheel Care,Cedarwood,7.72,15.99,SUP290,40,258,,False,2024-11-14,Discontinued,0.0,0,C,0,1,0
P00481,BEA-00481-1927,Timbercrest Deluxe Loofah & Soap Set,Beauty,Bath & Body,Timbercrest,14.26,25.99,SUP099,18,278,130.0,False,2025-06-05,Active,2586.71,106,B,0,0,1
P00482,HOM-00482-3750,Silverpine Everyday Coffee Maker,Home & Kitchen,Small Appliances,Silverpine,32.11,50.99,SUP281,36,85,,False,2025-09-26,Active,14376.93,303,A,1,0,0
P00483,BOO-00483-3620,Brightline Everyday Manga Box Set,Books,Comics & Graphic Novels,Brightline,5.61,9.99,SUP248,39,422,,True,2024-06-02,Seasonal,226.38,25,C,0,1,0
P00484,BEA-00484-8004,Amberfield Pro Hair Dryer,Beauty,Haircare,Amberfield,5.89,15.99,SUP147,24,344,327.0,False,2025-07-06,Active,1092.24,74,C,0,0,0
P00485,ELE-00485-4578,Ridgeline Ultra Car Mount,Electronics,Mobile Accessories,Ridgeline,28.0,48.99,SUP149,67,123,,False,2025-06-06,Active,2395.91,53,B,0,0,0
P00486,ELE-00486-7211,Ashford Deluxe Tripod Kit,Electronics,Cameras & Accessories,Ashford,69.31,131.99,SUP270,20,81,,False,2024-09-14,Active,2300.59,19,B,0,1,0
P00487,HOM-00487-6391,Lumino Deluxe Nonstick Frying Pan,Home & Kitchen,Cookware,Lumino,19.61,42.99,SUP165,7,190,,False,2026-03-22,Active,12975.18,324,A,1,0,0
P00488,TOY-00488-3569,Rockridge Series 2 Alphabet Learning Set,Toys,Educational Toys,Rockridge,45.5,91.99,SUP084,49,89,,False,2025-02-08,Discontinued,363.93,4,C,0,1,1
P00489,AUT-00489-7509,Rockridge Advanced Seat Cover Set,Automotive,Interior Accessories,Rockridge,38.17,67.99,SUP012,27,133,,False,2024-08-28,Active,2655.03,41,B,0,1,1
P00490,CLO-00490-8719,Pinnacle Everyday Plus Compression Shorts,Clothing,Activewear,Pinnacle,13.02,19.99,SUP077,23,227,,True,2025-10-06,Seasonal,333.61,19,C,0,1,0
P00491,ELE-00491-1384,Ridgeline Everyday Tripod Kit,Electronics,Cameras & Accessories,Ridgeline,54.61,81.99,SUP052,57,124,,False,2024-06-21,Active,26686.85,353,A,1,0,0
P00492,CLO-00492-7348,Aurelia Advanced Performance Tank,Clothing,Activewear,Aurelia,4.53,7.99,SUP028,51,286,,False,2025-07-25,Active,977.61,129,C,0,0,0
P00493,AUT-00493-9562,Driftwood Pro Tire Inflator,Automotive,Tire & Wheel Care,Driftwood,4.42,6.99,SUP191,51,351,,False,2025-09-14,Active,15775.71,2438,A,1,0,0
P00494,TOY-00494-6080,Foundry Ultra Strategy Game,Toys,Board Games & Puzzles,Foundry,8.15,15.99,SUP113,49,288,,False,2025-02-17,Active,3031.41,204,B,0,0,0
P00495,GRO-00495-3237,Crestmark Classic Protein Bar Box,Grocery,Snacks,Crestmark,2.57,3.99,SUP022,60,644,94.0,False,2024-07-04,Active,1853.81,497,C,1,0,0
P00496,ELE-00496-1813,Rockridge Deluxe Car Mount,Electronics,Mobile Accessories,Rockridge,266.77,581.99,SUP084,54,36,,False,2024-08-25,Active,15312.94,28,A,0,1,1
P00497,PER-00497-7106,Harborlight Series 2 Toothbrush 4-Pack,Personal Care,Oral Care,Harborlight,10.9,18.99,SUP028,47,203,293.0,False,2024-07-21,Active,572.45,33,C,0,1,1
P00498,AUT-00498-1935,Ashford X200 Car Cover,Automotive,Exterior Accessories,Ashford,8.85,16.99,SUP171,57,365,,False,2024-04-14,Active,1919.74,121,C,0,0,0
P00499,ELE-00499-8259,Pinnacle Ultra Smart Bulb Kit,Electronics,Smart Home Devices,Pinnacle,54.14,99.99,SUP115,38,67,,False,2026-06-29,Discontinued,948.11,11,C,0,1,0
P00500,AUT-00500-8163,Pinnacle Elite Dash Cam,Automotive,Car Electronics,Pinnacle,18.6,27.99,SUP274,20,217,,False,2026-02-05,Active,343.41,13,C,0,1,0
P00501,ELE-00501-4755,Copperfield Signature Fitness Tracker,Electronics,Wearable Tech,Copperfield,27.26,42.99,SUP171,59,185,,False,2025-04-20,Active,18161.34,457,A,1,0,0
P00502,ELE-00502-6521,Sunneva Signature Car Mount,Electronics,Mobile Accessories,Sunneva,13.2,26.99,SUP219,23,174,,False,2026-01-18,Active,3139.1,127,B,0,0,0
P00503,TOY-00503-4938,Brightline Elite Kickball Set,Toys,Outdoor Play,Brightline,3.2,5.99,SUP084,45,452,,False,2025-08-22,Active,406.92,72,C,0,0,0
P00504,CLO-00504-7918,Quinley Classic Slim Fit Shirt,Clothing,Men's Apparel,Quinley,14.34,35.99,SUP217,52,213,,True,2025-07-13,Seasonal,4625.73,143,B,0,0,0
P00505,BEA-00505-1430,Ashford Deluxe Makeup Brush Set,Beauty,Makeup,Ashford,6.99,14.99,SUP211,23,383,484.0,False,2025-10-16,Active,1607.84,113,C,0,0,0
P00506,PER-00506-5639,Vanture Compact Toothbrush 4-Pack,Personal Care,Oral Care,Vanture,3.27,6.99,SUP294,39,624,450.0,False,2025-06-05,Active,5053.92,780,B,1,0,0
P00507,AUT-00507-4672,Sunneva Lite Socket Wrench Set,Automotive,Tools & Equipment,Sunneva,19.48,36.99,SUP187,37,161,,False,2025-05-25,Active,5177.58,150,B,0,0,0
P00508,ELE-00508-5109,NorthPoint Elite Screen Protector 2-Pack,Electronics,Mobile Accessories,NorthPoint,105.89,195.99,SUP274,21,61,,False,2024-05-04,Active,5081.38,28,B,0,1,1
P00509,BOO-00509-9433,Novara Classic Study Guide,Books,Educational & Reference,Novara,7.53,9.99,SUP259,24,260,,False,2025-07-10,Active,1841.81,205,C,0,0,1
P00510,TOY-00510-5535,Silverpine Deluxe STEM Building Kit,Toys,Educational Toys,Silverpine,32.32,51.99,SUP274,22,99,,False,2025-02-11,Active,2617.95,54,B,0,0,1
P00511,CLO-00511-4322,Glacier Essential Ankle Boots,Clothing,Footwear,Glacier,3.11,4.99,SUP160,14,301,,False,2024-08-12,Active,987.33,210,C,0,0,0
P00512,PER-00512-7258,Fernwood Max Hand Sanitizer 3-Pack,Personal Care,Personal Hygiene,Fernwood,2.35,4.99,SUP052,62,755,182.0,False,2025-03-17,Active,3266.71,700,B,1,0,0
P00513,SPO-00513-9074,Foundry Elite Hiking Backpack,Sports,Outdoor Recreation,Foundry,8.49,14.99,SUP164,26,234,,True,2026-01-30,Seasonal,316.21,24,C,0,1,0
P00514,ELE-00514-8285,Pinnacle Elite Smart Plug,Electronics,Smart Home Devices,Pinnacle,36.4,78.99,SUP274,20,73,,False,2025-02-24,Active,2906.22,39,B,0,1,0
P00515,HOM-00515-7307,Willowbrook Series 2 Air Fryer,Home & Kitchen,Small Appliances,Willowbrook,52.72,80.99,SUP290,39,71,,False,2025-03-10,Active,3653.34,49,B,0,0,1
P00516,AUT-00516-9227,Harborlight Signature Jump Starter,Automotive,Tools & Equipment,Harborlight,5.88,9.99,SUP275,4,472,,False,2024-08-08,Active,818.02,88,C,0,0,0
P00517,PER-00517-8962,Quinley Compact Body Wipes,Personal Care,Personal Hygiene,Quinley,2.3,4.99,SUP117,10,357,337.0,False,2026-01-05,Active,2218.79,478,B,1,0,0
P00518,ELE-00518-2891,Ridgeline Lite Laptop Sleeve,Electronics,Laptop Accessories,Ridgeline,9.44,18.99,SUP241,26,307,,False,2024-04-22,Active,255.34,15,C,0,1,0
P00519,ELE-00519-2762,Foundry Everyday Screen Protector 2-Pack,Electronics,Mobile Accessories,Foundry,37.34,78.99,SUP145,29,154,,False,2026-02-02,Active,7023.0,96,B,0,0,0
P00520,TOY-00520-5114,Sunneva Ultra Alphabet Learning Set,Toys,Educational Toys,Sunneva,17.82,34.99,SUP196,38,225,,False,2026-04-29,Active,1718.73,50,C,0,0,1
P00521,ELE-00521-7017,Everline Essential Wireless Earbuds,Electronics,Headphones & Audio,Everline,14.94,27.99,SUP116,15,176,,False,2024-06-10,Active,37194.42,1429,A,1,0,0
P00522,ELE-00522-9403,Copperfield X200 Video Doorbell,Electronics,Smart Home Devices,Copperfield,24.95,44.99,SUP077,24,173,,False,2025-05-22,Active,15423.52,374,A,1,0,0
P00523,AUT-00523-1894,Novara Advanced Seat Cover Set,Automotive,Interior Accessories,Novara,27.62,37.99,SUP117,12,119,,False,2025-06-18,Active,3790.95,105,B,0,0,0
P00524,TOY-00524-8885,Fernwood Compact Coding Robot Kit,Toys,Educational Toys,Fernwood,18.36,35.99,SUP077,25,170,,False,2026-02-25,Active,13684.01,404,A,1,0,1
P00525,AUT-00525-5386,NorthPoint Compact Roof Rack,Automotive,Exterior Accessories,NorthPoint,33.06,46.99,SUP115,40,170,,False,2024-10-24,Active,966.12,22,C,0,1,0
P00526,SPO-00526-6788,ClearPath X200 Resistance Bands Set,Sports,Fitness Equipment,ClearPath,19.51,36.99,SUP192,56,193,,False,2025-09-04,Active,53655.75,1555,A,1,0,0
P00527,GRO-00527-7517,Everline X200 Olive Oil,Grocery,Pantry Staples,Everline,1.89,3.16,SUP046,18,621,104.0,False,2024-03-31,Active,98.65,34,C,0,1,0
P00528,PER-00528-2920,Halcyon Compact Omega-3 Softgels,Personal Care,Vitamins & Supplements,Halcyon,8.3,12.99,SUP192,70,328,268.0,False,2026-01-18,Active,6575.34,548,B,1,0,1
P00529,GRO-00529-2455,Ashford Elite Salad Dressing Set,Grocery,Condiments & Sauces,Ashford,5.58,7.99,SUP019,17,424,519.0,False,2025-11-22,Active,1306.08,175,C,0,0,1
P00530,GRO-00530-4102,ClearPath Signature Sparkling Water Case,Grocery,Beverages,ClearPath,9.39,12.99,SUP003,7,362,280.0,False,2024-07-15,Active,1052.35,86,C,0,0,1
P00531,AUT-00531-9627,Vertex Everyday Plus Roof Rack,Automotive,Exterior Accessories,Vertex,11.06,18.99,SUP055,12,297,,False,2024-04-24,Active,11154.12,632,A,1,0,0
P00532,SPO-00532-7557,Quinley X200 Bike Helmet,Sports,Cycling,Quinley,27.93,59.99,SUP047,27,143,,False,2024-04-06,Active,16125.1,290,A,1,0,0
P00533,AUT-00533-5227,NorthPoint Advanced Dash Cam,Automotive,Car Electronics,NorthPoint,89.54,160.99,SUP249,22,58,,False,2026-01-26,Active,9499.89,64,A,0,0,1
P00534,HOM-00534-7819,UrbanNest Ultra Comforter,Home & Kitchen,Bedding & Linens,UrbanNest,20.51,42.99,SUP218,58,168,,False,2025-07-13,Active,1613.59,39,C,0,1,0
P00535,PER-00535-5027,Brightline Essential Pulse Oximeter,Personal Care,Health Monitoring,Brightline,8.67,12.99,SUP189,2,262,201.0,True,2024-12-04,Seasonal,1562.7,130,C,0,0,1
P00536,BOO-00536-1823,Brightline Essential Short Story Collection,Books,Fiction,Brightline,9.58,13.99,SUP201,14,284,,False,2025-05-16,Active,795.61,60,C,0,0,1
P00537,SPO-00537-8972,NorthPoint Premium Shin Guards,Sports,Team Sports Gear,NorthPoint,54.53,78.99,SUP188,23,111,,False,2025-05-24,Active,11295.47,153,A,0,0,1
P00538,PER-00538-8461,Everline Pro Digital Thermometer,Personal Care,Health Monitoring,Everline,11.58,22.99,SUP248,34,178,74.0,False,2024-03-28,Active,7173.09,335,B,1,0,1
P00539,BEA-00539-8740,Ironclad Deluxe Lipstick Set,Beauty,Makeup,Ironclad,19.58,33.99,SUP159,13,223,290.0,True,2025-02-04,Seasonal,5341.51,172,B,0,0,1
P00540,SPO-00540-6543,NorthPoint Signature Resistance Bands Set,Sports,Fitness Equipment,NorthPoint,176.29,309.99,SUP008,22,49,,False,2025-07-11,Active,16789.16,59,A,0,0,1
P00541,BOO-00541-9250,Trailhaven Everyday Study Guide,Books,Educational & Reference,Trailhaven,2.37,4.99,SUP258,51,702,,False,2025-07-07,Active,215.31,47,C,0,0,0
P00542,TOY-00542-9611,Lumino Lite Counting Puzzle,Toys,Educational Toys,Lumino,32.81,74.99,SUP137,48,78,,True,2024-06-14,Seasonal,10173.36,145,A,0,0,1
P00543,AUT-00543-7027,Sunneva Signature Floor Mat Set,Automotive,Interior Accessories,Sunneva,27.27,40.99,SUP274,19,181,,False,2026-04-26,Discontinued,0.0,0,C,0,1,0
P00544,SPO-00544-7895,Sunneva Essential Yoga Block Set,Sports,Yoga & Wellness,Sunneva,25.7,45.99,SUP270,19,158,,False,2024-04-08,Active,1047.27,24,C,0,1,0
P00545,ELE-00545-6957,Vertex Premium Wireless Mouse,Electronics,Laptop Accessories,Vertex,36.8,73.99,SUP115,40,117,,False,2026-02-25,Active,17818.8,257,A,1,0,0
P00546,HOM-00546-4334,Quinley X200 Storage Bin Set,Home & Kitchen,Storage & Organization,Quinley,52.41,114.99,SUP274,20,71,,False,2026-06-17,Active,23062.85,220,A,0,0,1
P00547,PER-00547-3067,Everline Everyday Plus Water Flosser,Personal Care,Oral Care,Everline,2.57,5.99,SUP018,45,718,284.0,False,2025-11-15,Active,664.73,119,C,0,0,0
P00548,PER-00548-6790,Aurelia X200 Deodorant 2-Pack,Personal Care,Personal Hygiene,Aurelia,4.76,10.99,SUP188,24,237,61.0,True,2025-05-21,Seasonal,1578.81,151,C,0,0,0
P00549,PER-00549-7679,Crestmark Max Multivitamin Bottle,Personal Care,Vitamins & Supplements,Crestmark,23.49,40.99,SUP193,38,107,319.0,False,2024-06-24,Active,3549.77,97,B,0,0,1
P00550,ELE-00550-7879,Trailhaven X200 Action Camera,Electronics,Cameras & Accessories,Trailhaven,16.21,23.99,SUP253,63,254,,False,2024-10-27,Active,6932.29,310,B,1,0,0
P00551,BEA-00551-6593,Brightline Compact Hair Mask,Beauty,Haircare,Brightline,1.86,3.99,SUP137,45,748,170.0,False,2025-05-15,Active,408.36,108,C,0,0,0
P00552,TOY-00552-7312,Cedarwood Lite 1000-Piece Puzzle,Toys,Board Games & Puzzles,Cedarwood,39.59,76.99,SUP057,47,155,,True,2024-03-30,Seasonal,1000.98,14,C,0,1,1
P00553,TOY-00553-4087,Silverpine Max Sidewalk Chalk Set,Toys,Outdoor Play,Silverpine,4.89,7.99,SUP012,29,532,,False,2025-10-07,Active,2043.0,272,C,1,0,0
P00554,ELE-00554-1154,Halcyon Elite Screen Protector 2-Pack,Electronics,Mobile Accessories,Halcyon,23.6,32.99,SUP134,24,137,,False,2026-04-16,Active,50746.76,1660,A,1,0,0
P00555,BOO-00555-9698,Kestrel Advanced Activity Book,Books,Children's Books,Kestrel,6.55,10.99,SUP124,53,408,,False,2025-11-08,Active,160.26,16,C,0,1,0
P00556,HOM-00556-2539,Vanture Everyday Plus Stock Pot,Home & Kitchen,Cookware,Vanture,4.06,7.99,SUP097,42,253,,True,2026-05-09,Seasonal,819.62,110,C,0,0,0
P00557,CLO-00557-5375,Ironclad Ultra Chino Pants,Clothing,Men's Apparel,Ironclad,11.34,21.99,SUP174,24,322,,True,2025-03-08,Seasonal,1815.88,89,C,0,0,0
P00558,HOM-00558-9164,Cedarwood Classic Wall Art Set,Home & Kitchen,Home Decor,Cedarwood,26.24,43.99,SUP159,14,168,,False,2024-08-22,Active,100322.26,2454,A,1,0,0
P00559,ELE-00559-7509,Pinnacle Max Lens Filter Set,Electronics,Cameras & Accessories,Pinnacle,18.73,40.99,SUP026,32,243,,False,2024-01-16,Active,896.12,24,C,0,1,0
P00560,ELE-00560-9265,Solstice Elite GPS Running Watch,Electronics,Wearable Tech,Solstice,19.19,40.99,SUP012,30,188,,False,2025-01-31,Active,4396.05,115,B,0,0,0
P00561,PER-00561-6993,BlueStone Premium Toothbrush 4-Pack,Personal Care,Oral Care,BlueStone,4.57,9.99,SUP270,25,437,525.0,False,2024-04-15,Active,708.56,75,C,0,0,0
P00562,TOY-00562-1018,NorthPoint Ultra Playset,Toys,Action Figures & Playsets,NorthPoint,3.28,4.99,SUP215,11,645,,False,2025-08-11,Active,204.18,44,C,0,0,0
P00563,PER-00563-1094,UrbanNest X200 Digital Thermometer,Personal Care,Health Monitoring,UrbanNest,3.9,6.99,SUP133,10,356,278.0,False,2026-01-01,Active,186.82,28,C,0,1,0
P00564,CLO-00564-8196,Vertex X200 Kids Rain Jacket,Clothing,Kids' Apparel,Vertex,3.07,6.99,SUP148,23,424,,False,2024-04-11,Active,1730.29,268,C,1,0,0
P00565,BEA-00565-5110,Timbercrest Compact Body Lotion,Beauty,Bath & Body,Timbercrest,10.09,17.99,SUP026,28,331,244.0,True,2025-04-16,Seasonal,4379.02,261,B,1,0,0
P00566,GRO-00566-5747,Brightline Signature Olive Oil,Grocery,Pantry Staples,Brightline,6.59,11.99,SUP065,12,449,291.0,False,2025-05-04,Discontinued,30.73,3,C,0,1,1
P00567,BOO-00567-6462,ClearPath Max Self-Help Guide,Books,Non-Fiction,ClearPath,3.76,5.99,SUP247,6,500,,False,2024-10-10,Active,4395.07,780,B,1,0,0
P00568,GRO-00568-5975,Vanture Max Baking Mix,Grocery,Pantry Staples,Vanture,4.4,7.99,SUP028,47,377,374.0,False,2024-07-18,Active,23.95,3,C,0,1,0
P00569,TOY-00569-9998,Trailhaven Series 2 Alphabet Learning Set,Toys,Educational Toys,Trailhaven,19.57,44.99,SUP022,61,118,,False,2025-10-12,Active,658.07,16,C,0,1,1
P00570,TOY-00570-1346,Ostrom Advanced Backyard Game Set,Toys,Outdoor Play,Ostrom,8.09,18.99,SUP159,15,313,,False,2024-07-24,Active,878.88,52,C,0,0,0
P00571,AUT-00571-2388,Cedarwood Essential License Plate Frame,Automotive,Exterior Accessories,Cedarwood,8.13,11.99,SUP253,68,366,,True,2024-01-30,Seasonal,1557.17,139,C,0,0,0
P00572,HOM-00572-1783,Vanture Pro Air Fryer,Home & Kitchen,Small Appliances,Vanture,13.22,23.99,SUP102,16,146,,False,2025-07-03,Active,2193.0,97,B,0,0,0
P00573,CLO-00573-7136,Solstice Everyday Plus Kids Graphic Tee,Clothing,Kids' Apparel,Solstice,16.53,40.99,SUP176,51,159,,False,2024-03-02,Active,2975.96,77,B,0,0,0
P00574,HOM-00574-5670,Willowbrook Essential Sheet Set,Home & Kitchen,Bedding & Linens,Willowbrook,9.14,15.99,SUP270,20,177,,False,2024-10-09,Active,3545.92,249,B,0,0,0
P00575,ELE-00575-4929,Harborlight Max Video Doorbell,Electronics,Smart Home Devices,Harborlight,14.77,31.99,SUP270,24,178,,False,2024-03-20,Active,30200.61,1020,A,1,0,0
P00576,SPO-00576-9045,Harborlight Max Camping Tent,Sports,Outdoor Recreation,Harborlight,10.36,16.99,SUP135,11,267,,False,2025-05-16,Active,6159.94,389,B,1,0,0
P00577,CLO-00577-5234,Comet Series 2 Cardigan,Clothing,Women's Apparel,Comet,7.43,17.99,SUP075,26,205,,False,2024-07-17,Active,1536.65,91,C,0,0,0
P00578,SPO-00578-8539,Quinley Everyday Plus Cycling Gloves,Sports,Cycling,Quinley,6.58,11.99,SUP160,16,314,,False,2024-08-27,Active,1586.73,140,C,0,0,0
P00579,ELE-00579-2424,Harborlight Everyday Plus Tripod Kit,Electronics,Cameras & Accessories,Harborlight,23.7,33.99,SUP274,21,93,,False,2024-12-30,Active,18684.92,596,A,1,0,0
P00580,PER-00580-4040,Amberfield Pro Shaving Cream,Personal Care,Shaving & Grooming,Amberfield,5.41,8.99,SUP193,35,457,331.0,False,2025-03-20,Active,10928.77,1314,A,1,0,0
P00581,PER-00581-5770,Driftwood Everyday Plus Body Wipes,Personal Care,Personal Hygiene,Driftwood,7.52,10.99,SUP281,35,344,504.0,False,2025-10-17,Active,2083.73,201,B,0,0,0
P00582,CLO-00582-8676,ClearPath Deluxe Cardigan,Clothing,Women's Apparel,ClearPath,6.91,19.99,SUP164,27,353,,False,2026-04-30,Active,1382.54,75,C,0,0,0
P00583,AUT-00583-1412,Comet Max Trunk Organizer,Automotive,Interior Accessories,Comet,86.38,140.99,SUP008,23,101,,False,2025-07-04,Active,13314.41,101,A,0,0,1
P00584,HOM-00584-4965,Quinley Max Pillow 2-Pack,Home & Kitchen,Bedding & Linens,Quinley,45.92,93.99,SUP121,16,76,,False,2025-03-18,Active,15191.85,173,A,0,0,1
P00585,SPO-00585-4726,Quinley Pro Bike Water Bottle Cage,Sports,Cycling,Quinley,8.42,16.99,SUP271,34,393,,False,2025-06-16,Active,894.74,55,C,0,0,0
P00586,AUT-00586-8012,Lumino Essential Tire Shine Kit,Automotive,Tire & Wheel Care,Lumino,12.54,24.99,SUP011,33,138,,False,2025-04-02,Active,6921.73,298,B,1,0,0
P00587,TOY-00587-4649,Meridian X200 Brick Building Set,Toys,Building Sets,Meridian,8.69,14.99,SUP171,55,263,,False,2024-01-06,Active,1831.13,131,C,0,0,0
P00588,TOY-00588-3900,BlueStone Everyday Alphabet Learning Set,Toys,Educational Toys,BlueStone,4.07,9.99,SUP102,14,240,,False,2025-03-25,Active,5778.76,625,B,1,0,0
P00589,CLO-00589-2561,Silverpine Deluxe Denim Jacket,Clothing,Men's Apparel,Silverpine,23.22,43.99,SUP115,40,219,,False,2025-11-09,Discontinued,0.0,0,C,0,1,1
P00590,TOY-00590-7690,Sunneva Classic 1000-Piece Puzzle,Toys,Board Games & Puzzles,Sunneva,15.91,35.99,SUP159,12,194,,False,2026-02-20,Active,153.61,5,C,0,1,0
P00591,SPO-00591-9977,Solstice Everyday Meditation Cushion,Sports,Yoga & Wellness,Solstice,9.41,18.99,SUP115,40,213,,False,2024-03-24,Active,1394.71,79,C,0,0,0
P00592,HOM-00592-7912,Amberfield Max Drawer Dividers,Home & Kitchen,Storage & Organization,Amberfield,37.01,53.99,SUP274,17,118,,False,2025-09-13,Active,3348.17,66,B,0,0,1
P00593,ELE-00593-7411,Brightline Everyday Plus Soundbar,Electronics,Headphones & Audio,Brightline,16.36,25.99,SUP077,21,270,,True,2024-04-10,Discontinued,0.0,0,C,0,1,0
P00594,TOY-00594-6005,Cedarwood Lite Backyard Game Set,Toys,Outdoor Play,Cedarwood,13.76,22.99,SUP218,60,165,,False,2024-01-28,Active,553.18,25,C,0,1,0
P00595,BOO-00595-9599,Foundry Essential Literary Fiction Hardcover,Books,Fiction,Foundry,18.46,29.99,SUP022,48,158,,False,2024-02-11,Active,10796.15,397,A,1,0,1
P00596,CLO-00596-3056,Harborlight Everyday Plus Kids Rain Jacket,Clothing,Kids' Apparel,Harborlight,7.84,11.99,SUP084,43,169,,False,2024-04-17,Active,2575.19,229,B,0,0,0
P00597,PER-00597-7681,Glacier Advanced Hand Sanitizer 3-Pack,Personal Care,Personal Hygiene,Glacier,7.45,11.99,SUP030,8,228,280.0,False,2024-03-17,Active,1387.41,126,C,0,0,0
P00598,SPO-00598-3446,Meridian Advanced Bike Helmet,Sports,Cycling,Meridian,1.54,3.99,SUP052,59,950,,True,2025-06-11,Seasonal,150.33,40,C,0,1,0
P00599,BEA-00599-5444,Quinley Ultra Lipstick Set,Beauty,Makeup,Quinley,15.89,44.99,SUP159,15,194,326.0,False,2026-04-19,Active,16065.74,388,A,1,0,1
P00600,BEA-00600-2124,Vertex Everyday Foundation,Beauty,Makeup,Vertex,6.94,19.99,SUP087,9,205,170.0,False,2025-11-24,Active,645.22,36,C,0,1,0
P00601,BOO-00601-6514,Cedarwood Advanced Illustrated Novel,Books,Comics & Graphic Novels,Cedarwood,9.23,15.99,SUP012,33,343,,False,2025-10-28,Active,1218.49,84,C,0,0,1
P00602,TOY-00602-4832,Timbercrest Signature Alphabet Learning Set,Toys,Educational Toys,Timbercrest,8.81,15.99,SUP258,39,355,,False,2024-04-16,Active,3084.89,210,B,0,0,0
P00603,CLO-00603-2510,Foundry Lite Training Jacket,Clothing,Activewear,Foundry,10.84,16.99,SUP192,61,344,,False,2026-05-05,Active,2355.55,148,B,0,0,0
P00604,CLO-00604-8015,Lumino Elite Blouse,Clothing,Women's Apparel,Lumino,8.59,13.99,SUP281,41,173,,True,2025-04-03,Seasonal,11656.83,889,A,1,0,0
P00605,SPO-00605-2376,Norwell Signature Cycling Gloves,Sports,Cycling,Norwell,10.23,15.99,SUP241,20,239,,False,2024-01-29,Active,3925.29,264,B,1,0,0
P00606,SPO-00606-7540,Vaultis Advanced Adjustable Dumbbell Set,Sports,Fitness Equipment,Vaultis,33.42,60.99,SUP159,13,175,,True,2025-08-08,Seasonal,6099.44,108,B,0,0,0
P00607,AUT-00607-5376,Ostrom Signature Steering Wheel Cover,Automotive,Interior Accessories,Ostrom,23.59,45.99,SUP131,22,107,,False,2025-10-04,Active,2942.66,69,B,0,0,0
P00608,ELE-00608-9726,Everline Everyday Plus Video Doorbell,Electronics,Smart Home Devices,Everline,62.05,131.99,SUP275,5,83,,False,2024-12-31,Active,18636.8,154,A,0,0,0
P00609,TOY-00609-2827,Silverpine Max Model Kit,Toys,Building Sets,Silverpine,3.28,8.99,SUP115,39,635,,False,2025-10-14,Active,858.61,102,C,0,0,0
P00610,CLO-00610-5818,Fernwood Signature Toddler Joggers,Clothing,Kids' Apparel,Fernwood,14.59,40.99,SUP159,15,135,,False,2025-09-24,Active,3965.36,103,B,0,0,0
P00611,ELE-00611-7929,Lumino Ultra Smart Bulb Kit,Electronics,Smart Home Devices,Lumino,43.85,62.99,SUP084,47,135,,False,2025-06-13,Active,2541.63,42,B,0,0,0
P00612,SPO-00612-4804,Silverpine X200 Yoga Block Set,Sports,Yoga & Wellness,Silverpine,19.38,40.99,SUP073,21,246,,False,2024-11-08,Active,2195.79,57,B,0,0,0
P00613,SPO-00613-3672,Copperfield Deluxe Yoga Mat,Sports,Fitness Equipment,Copperfield,14.59,26.99,SUP255,19,226,,False,2026-06-29,Active,1374.97,57,C,0,0,0
P00614,CLO-00614-3872,Glacier Compact Sandals,Clothing,Footwear,Glacier,21.81,48.99,SUP058,9,220,,False,2025-07-22,Active,2393.23,51,B,0,0,1
P00615,TOY-00615-1786,Everline Essential Card Game,Toys,Board Games & Puzzles,Everline,26.24,51.99,SUP028,43,189,,False,2025-02-25,Active,1202.33,25,C,0,1,1
P00616,GRO-00616-8897,Vanture Classic Herbal Tea Sampler,Grocery,Beverages,Vanture,2.58,4.99,SUP211,23,679,341.0,True,2025-11-29,Seasonal,5122.6,1110,B,1,0,0
P00617,HOM-00617-6268,Trailhaven Lite Air Fryer,Home & Kitchen,Small Appliances,Trailhaven,3.65,5.99,SUP253,60,494,,True,2024-08-09,Seasonal,4081.37,733,B,1,0,0
P00618,GRO-00618-5099,Pinnacle Classic Cereal Box,Grocery,Breakfast Foods,Pinnacle,3.13,4.99,SUP274,20,306,153.0,False,2026-05-21,Active,395.09,85,C,0,0,0
P00619,BEA-00619-5998,Vaultis Deluxe Facial Moisturizer,Beauty,Skincare,Vaultis,11.63,28.99,SUP189,2,215,454.0,False,2025-11-02,Active,1221.56,45,C,0,0,0
P00620,SPO-00620-1216,Solstice Signature Hiking Backpack,Sports,Outdoor Recreation,Solstice,4.58,9.99,SUP090,30,504,,False,2025-08-05,Active,3461.14,375,B,1,0,0
P00621,AUT-00621-3350,Novara Deluxe Jump Starter,Automotive,Tools & Equipment,Novara,12.96,24.99,SUP152,8,165,,False,2024-08-30,Active,33494.37,1436,A,1,0,0
P00622,SPO-00622-1730,Willowbrook Everyday Plus Soccer Ball,Sports,Team Sports Gear,Willowbrook,44.38,85.99,SUP042,20,93,,False,2024-11-16,Active,21824.29,270,A,1,0,1
P00623,HOM-00623-2158,Quinley Pro Air Fryer,Home & Kitchen,Small Appliances,Quinley,32.21,54.99,SUP052,61,136,,False,2026-05-16,Active,150.98,3,C,0,1,0
P00624,BEA-00624-9017,Vaultis Premium Eyeshadow Palette,Beauty,Makeup,Vaultis,7.94,16.99,SUP270,24,271,106.0,True,2025-10-19,Seasonal,6068.72,387,B,1,0,0
P00625,HOM-00625-6656,Palisade Classic Electric Kettle,Home & Kitchen,Small Appliances,Palisade,29.23,49.99,SUP258,46,180,,False,2024-04-11,Active,15815.84,340,A,1,0,0
P00626,SPO-00626-1376,Harborlight Pro Camping Tent,Sports,Outdoor Recreation,Harborlight,28.08,51.99,SUP071,26,203,,False,2026-01-03,Active,85509.55,1778,A,1,0,0
P00627,HOM-00627-7662,Glacier Signature Weighted Blanket,Home & Kitchen,Bedding & Linens,Glacier,10.19,16.99,SUP104,28,168,,False,2024-04-18,Active,1315.48,82,C,0,0,0
P00628,CLO-00628-7189,Meridian Classic Blouse,Clothing,Women's Apparel,Meridian,18.67,47.99,SUP285,23,106,,False,2025-01-13,Active,2651.18,61,B,0,0,1
P00629,TOY-00629-2701,Foundry X200 Kickball Set,Toys,Outdoor Play,Foundry,12.24,21.99,SUP110,8,282,,False,2025-01-15,Active,3731.75,182,B,0,0,0
P00630,SPO-00630-3916,Ashford Lite Soccer Ball,Sports,Team Sports Gear,Ashford,17.98,26.99,SUP084,52,118,,False,2024-11-26,Active,1243.07,48,C,0,0,0
P00631,GRO-00631-7712,Ashford Premium Pasta Variety Pack,Grocery,Pantry Staples,Ashford,6.56,10.99,SUP046,14,250,69.0,False,2025-03-27,Active,224.79,22,C,0,1,1
P00632,GRO-00632-3860,Copperfield X200 Pancake Mix,Grocery,Breakfast Foods,Copperfield,1.5,2.99,SUP115,46,631,386.0,True,2024-05-19,Seasonal,644.51,233,C,0,0,0
P00633,SPO-00633-6899,Brightline Compact Yoga Mat,Sports,Fitness Equipment,Brightline,2.8,5.99,SUP100,20,426,,False,2025-08-26,Active,143.58,27,C,0,1,0
P00634,CLO-00634-4876,Copperfield Compact Wrap Dress,Clothing,Women's Apparel,Copperfield,7.03,19.99,SUP211,28,349,,False,2025-09-09,Active,247.71,13,C,0,1,0
P00635,ELE-00635-7969,Lumino Compact Screen Protector 2-Pack,Electronics,Mobile Accessories,Lumino,107.26,185.99,SUP090,27,56,,False,2026-02-15,Active,37919.2,219,A,0,0,1
P00636,AUT-00636-5703,Comet Max Bluetooth Car Adapter,Automotive,Car Electronics,Comet,35.22,58.99,SUP130,15,140,,False,2025-02-09,Active,9538.47,177,A,0,0,1
P00637,CLO-00637-1575,Copperfield Everyday Plus Chino Pants,Clothing,Men's Apparel,Copperfield,24.7,64.99,SUP082,12,181,,False,2025-04-28,Active,21002.0,348,A,1,0,1
P00638,CLO-00638-6752,Novara Ultra Kids Rain Jacket,Clothing,Kids' Apparel,Novara,5.02,10.99,SUP081,8,220,,False,2024-05-01,Active,2087.26,203,B,0,0,0
P00639,HOM-00639-9693,Willowbrook Essential Area Rug,Home & Kitchen,Home Decor,Willowbrook,9.32,19.99,SUP060,34,235,,False,2024-11-12,Active,2001.46,108,C,0,0,0
P00640,BEA-00640-8059,Solstice X200 Cologne,Beauty,Fragrances,Solstice,4.27,11.99,SUP149,54,251,111.0,False,2025-05-27,Active,7930.99,717,A,1,0,0
P00641,GRO-00641-6935,Copperfield Lite Olive Oil,Grocery,Pantry Staples,Copperfield,3.0,4.99,SUP115,45,608,288.0,False,2025-01-14,Active,282.2,59,C,0,0,0
P00642,GRO-00642-1987,Willowbrook Everyday Plus Salad Dressing Set,Grocery,Condiments & Sauces,Willowbrook,5.49,9.99,SUP018,47,221,85.0,False,2026-06-21,Active,406.07,44,C,0,0,1
P00643,CLO-00643-3328,Glacier Compact Cardigan,Clothing,Women's Apparel,Glacier,5.72,15.99,SUP274,18,455,,False,2024-09-09,Active,1731.03,116,C,0,0,0
P00644,CLO-00644-9106,Kestrel Deluxe Running Shoes,Clothing,Footwear,Kestrel,9.06,18.99,SUP090,26,350,,False,2024-02-16,Active,3084.01,177,B,0,0,0
P00645,AUT-00645-8893,Solstice Elite Steering Wheel Cover,Automotive,Interior Accessories,Solstice,13.02,21.99,SUP218,55,224,,False,2026-03-02,Active,1771.54,86,C,0,0,0
P00646,PER-00646-1410,Brightline Max Beard Trimmer,Personal Care,Shaving & Grooming,Brightline,3.79,5.99,SUP274,17,601,181.0,False,2025-04-15,Active,77.12,13,C,0,1,0
P00647,HOM-00647-6226,Pinnacle Essential Nonstick Frying Pan,Home & Kitchen,Cookware,Pinnacle,5.09,7.99,SUP007,22,328,,False,2024-03-05,Active,596.41,82,C,0,0,0
P00648,ELE-00648-8396,Ironclad Everyday Plus Camera Backpack,Electronics,Cameras & Accessories,Ironclad,199.94,327.99,SUP027,43,41,,False,2026-05-03,Active,19187.5,61,A,0,0,1
P00649,TOY-00649-2444,Driftwood Pro Construction Blocks,Toys,Building Sets,Driftwood,24.39,50.99,SUP043,20,105,,False,2024-07-08,Active,3240.48,69,B,0,0,1
P00650,PER-00650-9618,Sunneva X200 Omega-3 Softgels,Personal Care,Vitamins & Supplements,Sunneva,3.85,6.99,SUP268,20,516,192.0,True,2026-05-24,Seasonal,522.09,81,C,0,0,0
P00651,AUT-00651-8672,Cedarwood Lite Wheel Cover Set,Automotive,Tire & Wheel Care,Cedarwood,13.75,20.99,SUP159,11,201,,False,2024-11-10,Active,4512.58,230,B,0,0,0
P00652,ELE-00652-5981,Kestrel Lite Smart Bulb Kit,Electronics,Smart Home Devices,Kestrel,67.33,141.99,SUP079,17,126,,False,2024-11-07,Active,1832.51,15,C,0,1,0
P00653,GRO-00653-7498,UrbanNest Pro Rice 5lb Bag,Grocery,Pantry Staples,UrbanNest,1.96,3.24,SUP012,26,824,65.0,False,2024-07-12,Active,773.59,256,C,1,0,0
P00654,ELE-00654-1455,Fernwood Everyday Video Doorbell,Electronics,Smart Home Devices,Fernwood,54.85,98.99,SUP012,31,101,,False,2024-06-05,Active,91126.03,988,A,1,0,0
P00655,AUT-00655-3522,Harborlight Series 2 Tire Inflator,Automotive,Tire & Wheel Care,Harborlight,17.39,25.99,SUP163,44,181,,False,2025-12-30,Active,758.04,31,C,0,1,0
P00656,BOO-00656-2081,Aurelia Ultra Short Story Collection,Books,Fiction,Aurelia,10.65,17.99,SUP201,17,191,,True,2025-01-18,Seasonal,1775.01,107,C,0,0,1
P00657,CLO-00657-5893,Kestrel Everyday High-Waist Jeans,Clothing,Women's Apparel,Kestrel,21.87,36.99,SUP106,13,117,,False,2025-05-22,Active,3378.84,98,B,0,0,1
P00658,CLO-00658-8251,BlueStone Max Performance Tank,Clothing,Activewear,BlueStone,4.15,9.99,SUP073,21,323,,False,2024-10-17,Active,840.44,89,C,0,0,0
P00659,GRO-00659-4592,Meridian Series 2 Cereal Box,Grocery,Breakfast Foods,Meridian,4.63,6.99,SUP243,44,407,129.0,False,2025-01-21,Discontinued,26.64,4,C,0,1,0
P00660,BOO-00660-4598,Timbercrest Essential Manga Box Set,Books,Comics & Graphic Novels,Timbercrest,7.11,10.99,SUP258,48,214,,False,2025-03-16,Active,14637.83,1432,A,1,0,0
P00661,ELE-00661-1061,Vanture Series 2 USB-C Hub,Electronics,Laptop Accessories,Vanture,71.26,113.99,SUP105,11,115,,False,2024-10-10,Active,15032.36,140,A,0,0,0
P00662,BOO-00662-2381,Silverpine Elite Short Story Collection,Books,Fiction,Silverpine,5.88,9.99,SUP215,13,479,,False,2025-06-27,Active,366.03,40,C,0,1,0
P00663,SPO-00663-5299,Vanture Premium Shin Guards,Sports,Team Sports Gear,Vanture,11.98,22.99,SUP261,55,185,,False,2025-02-28,Active,998.62,45,C,0,0,0
P00664,SPO-00664-5097,Solstice Deluxe Hiking Backpack,Sports,Outdoor Recreation,Solstice,26.28,36.99,SUP104,25,169,,False,2025-12-01,Active,3961.4,114,B,0,0,0
P00665,GRO-00665-3120,Rockridge Elite Pancake Mix,Grocery,Breakfast Foods,Rockridge,4.51,6.99,SUP031,23,365,355.0,False,2025-12-10,Discontinued,0.0,0,C,0,1,0
P00666,AUT-00666-2475,Silverpine X200 Wheel Cover Set,Automotive,Tire & Wheel Care,Silverpine,12.78,17.99,SUP102,16,228,,False,2025-08-01,Active,7681.47,460,B,1,0,0
P00667,SPO-00667-2389,Quinley Premium Bike Helmet,Sports,Cycling,Quinley,17.74,28.99,SUP018,46,229,,False,2024-04-04,Active,1161.61,42,C,0,0,0
P00668,ELE-00668-7173,Fernwood Compact Wireless Charger,Electronics,Mobile Accessories,Fernwood,55.7,100.99,SUP012,28,109,,False,2026-03-24,Active,11137.63,119,A,0,0,0
P00669,HOM-00669-1833,Foundry Everyday Plus Closet Organizer,Home & Kitchen,Storage & Organization,Foundry,13.87,32.99,SUP247,6,244,,False,2025-09-26,Active,5660.55,185,B,0,0,0
P00670,BOO-00670-4363,Vanture Pro Bedtime Stories Collection,Books,Children's Books,Vanture,4.13,6.99,SUP258,48,289,,False,2025-11-01,Active,3098.16,477,B,1,0,0
P00671,GRO-00671-3010,Vertex Essential Hot Sauce Set,Grocery,Condiments & Sauces,Vertex,1.65,2.99,SUP176,42,534,542.0,True,2025-08-15,Seasonal,643.38,230,C,0,0,0
P00672,ELE-00672-3919,Aurelia Ultra Sleep Tracker Ring,Electronics,Wearable Tech,Aurelia,38.29,55.99,SUP258,39,160,,True,2025-04-18,Seasonal,13716.97,263,A,1,0,0
P00673,HOM-00673-7834,Driftwood Max Nonstick Frying Pan,Home & Kitchen,Cookware,Driftwood,15.77,34.99,SUP274,19,279,,False,2025-05-29,Active,11815.27,364,A,1,0,0
P00674,HOM-00674-8345,UrbanNest Max Closet Organizer,Home & Kitchen,Storage & Organization,UrbanNest,34.38,61.99,SUP194,3,136,,False,2024-04-18,Active,3981.95,71,B,0,0,1
P00675,CLO-00675-4228,Solstice Advanced Denim Jacket,Clothing,Men's Apparel,Solstice,19.46,52.99,SUP274,20,133,,False,2026-04-17,Active,67830.41,1368,A,1,0,1
P00676,BOO-00676-8433,Vertex Everyday Plus Literary Fiction Hardcover,Books,Fiction,Vertex,3.78,6.99,SUP274,20,440,,False,2026-01-03,Active,1261.46,193,C,0,0,0
P00677,HOM-00677-2251,Palisade Max Nonstick Frying Pan,Home & Kitchen,Cookware,Palisade,22.54,50.99,SUP068,27,160,,False,2026-04-09,Active,3550.51,74,B,0,0,0
P00678,SPO-00678-7858,Silverpine Ultra Team Jersey,Sports,Team Sports Gear,Silverpine,21.39,31.99,SUP277,57,192,,True,2025-10-13,Discontinued,64.58,2,C,0,1,0
P00679,GRO-00679-2525,Copperfield Elite BBQ Sauce,Grocery,Condiments & Sauces,Copperfield,3.85,5.99,SUP294,37,368,93.0,False,2024-08-29,Active,555.11,99,C,0,0,0
P00680,GRO-00680-3705,Harborlight Classic Coffee Pods Box,Grocery,Beverages,Harborlight,2.61,3.99,SUP071,29,709,458.0,False,2024-11-02,Active,664.2,182,C,0,0,0
P00681,HOM-00681-6870,Ridgeline Series 2 Wall Art Set,Home & Kitchen,Home Decor,Ridgeline,7.78,15.99,SUP171,55,413,,False,2026-03-01,Active,1868.48,125,C,0,0,0
P00682,TOY-00682-3857,Aurelia X200 Sidewalk Chalk Set,Toys,Outdoor Play,Aurelia,1.85,3.99,SUP052,60,874,,False,2024-07-30,Active,7783.62,2124,B,1,0,0
P00683,PER-00683-4630,Willowbrook Max Whitening Kit,Personal Care,Oral Care,Willowbrook,4.58,7.99,SUP112,29,557,148.0,False,2025-07-14,Active,506.33,68,C,0,0,0
P00684,CLO-00684-1909,Comet Lite Cardigan,Clothing,Women's Apparel,Comet,9.57,24.99,SUP171,59,180,,False,2025-08-23,Active,4161.14,184,B,0,0,0
P00685,ELE-00685-6597,Crestmark Advanced Soundbar,Electronics,Headphones & Audio,Crestmark,35.64,70.99,SUP012,29,100,,False,2024-06-16,Active,1131.1,18,C,0,1,0
P00686,GRO-00686-5220,Trailhaven Essential Sparkling Water Case,Grocery,Beverages,Trailhaven,4.61,6.99,SUP176,55,480,407.0,False,2024-03-17,Active,11303.58,1751,A,1,0,0
P00687,HOM-00687-1469,Palisade Ultra Coffee Maker,Home & Kitchen,Small Appliances,Palisade,22.0,43.99,SUP144,24,161,,False,2024-01-31,Active,983.97,24,C,0,1,0
P00688,AUT-00688-3243,Halcyon X200 Backup Camera,Automotive,Car Electronics,Halcyon,52.7,105.99,SUP027,43,143,,True,2025-12-18,Seasonal,101027.73,1027,A,1,0,1
P00689,ELE-00689-7555,Novara Premium Sleep Tracker Ring,Electronics,Wearable Tech,Novara,14.59,27.99,SUP194,3,145,,False,2024-09-22,Active,3489.52,132,B,0,0,0
P00690,PER-00690-4269,NorthPoint Classic Cotton Swabs Bulk,Personal Care,Personal Hygiene,NorthPoint,3.53,7.99,SUP274,19,378,102.0,False,2024-07-25,Discontinued,23.92,3,C,0,1,0
P00691,BOO-00691-9663,Lumino Premium Early Reader Set,Books,Children's Books,Lumino,3.46,6.99,SUP003,8,515,,True,2026-04-09,Seasonal,4176.07,643,B,1,0,0
P00692,CLO-00692-9191,Copperfield Classic Slim Fit Shirt,Clothing,Men's Apparel,Copperfield,7.2,14.99,SUP116,15,282,,False,2025-06-25,Active,1581.62,113,C,0,0,0
P00693,AUT-00693-8078,Timbercrest X200 Wheel Cover Set,Automotive,Tire & Wheel Care,Timbercrest,6.48,11.99,SUP028,50,286,,False,2024-01-23,Active,559.66,50,C,0,0,0
P00694,ELE-00694-9099,Harborlight Ultra Camera Backpack,Electronics,Cameras & Accessories,Harborlight,77.87,144.99,SUP050,55,86,,True,2024-10-03,Seasonal,25430.43,185,A,0,0,1
P00695,TOY-00695-7494,Rockridge Deluxe Card Game,Toys,Board Games & Puzzles,Rockridge,10.44,24.99,SUP146,48,315,,False,2025-03-09,Active,6434.82,281,B,1,0,0
P00696,ELE-00696-5024,Driftwood Lite Wireless Charger,Electronics,Mobile Accessories,Driftwood,35.58,61.99,SUP075,23,120,,True,2025-03-11,Seasonal,8722.38,151,A,0,0,0
P00697,AUT-00697-2787,Ironclad Ultra Trunk Organizer,Automotive,Interior Accessories,Ironclad,19.43,26.99,SUP178,49,106,,False,2025-12-15,Active,11976.7,481,A,1,0,0
P00698,CLO-00698-6647,Amberfield Ultra Kids Graphic Tee,Clothing,Kids' Apparel,Amberfield,22.72,59.99,SUP065,11,202,,False,2025-12-31,Active,5498.81,101,B,0,0,1
P00699,ELE-00699-4650,Fernwood Lite Soundbar,Electronics,Headphones & Audio,Fernwood,134.9,215.99,SUP226,42,73,,False,2024-01-29,Active,33474.42,162,A,0,0,1
P00700,AUT-00700-9720,Glacier X200 Backup Camera,Automotive,Car Electronics,Glacier,21.77,38.99,SUP038,40,167,,False,2024-09-18,Active,1532.6,43,C,0,0,0
P00701,ELE-00701-2401,Sunneva Everyday Plus USB-C Hub,Electronics,Laptop Accessories,Sunneva,83.4,117.99,SUP274,21,87,,False,2025-07-01,Active,25992.52,241,A,0,0,1
P00702,HOM-00702-5648,Crestmark Essential Pillow 2-Pack,Home & Kitchen,Bedding & Linens,Crestmark,14.83,25.99,SUP115,41,182,,False,2024-01-31,Active,885.32,35,C,0,1,0
P00703,TOY-00703-7857,Kestrel Deluxe Construction Blocks,Toys,Building Sets,Kestrel,5.62,13.99,SUP016,34,232,,False,2025-06-04,Discontinued,27.12,2,C,0,1,0
P00704,CLO-00704-5814,Vertex Elite Chino Pants,Clothing,Men's Apparel,Vertex,5.46,11.99,SUP022,64,447,,False,2024-03-11,Active,559.43,52,C,0,0,0
P00705,AUT-00705-7678,Ostrom Max Bluetooth Car Adapter,Automotive,Car Electronics,Ostrom,17.95,27.99,SUP159,15,168,,True,2025-06-06,Seasonal,2144.37,82,B,0,0,0
P00706,BOO-00706-1185,Sunneva Pro Manga Box Set,Books,Comics & Graphic Novels,Sunneva,6.54,10.99,SUP274,20,457,,False,2024-03-08,Active,3171.24,308,B,1,0,0
P00707,BOO-00707-2108,Vaultis Ultra Early Reader Set,Books,Children's Books,Vaultis,10.0,18.99,SUP152,8,360,,False,2025-11-04,Discontinued,64.93,4,C,0,1,1
P00708,GRO-00708-1402,Glacier Classic Herbal Tea Sampler,Grocery,Beverages,Glacier,5.3,8.99,SUP121,14,306,99.0,False,2025-02-22,Active,2792.19,335,B,1,0,0
P00709,HOM-00709-7706,Lumino Pro Throw Pillow Set,Home & Kitchen,Home Decor,Lumino,8.6,17.99,SUP225,55,205,,False,2026-05-17,Active,832.04,51,C,0,0,0
P00710,PER-00710-7071,Vertex Everyday Cotton Swabs Bulk,Personal Care,Personal Hygiene,Vertex,2.61,4.99,SUP052,52,653,476.0,False,2024-03-16,Active,0.0,0,C,0,1,0
P00711,ELE-00711-6139,Willowbrook Essential Smartwatch Band,Electronics,Wearable Tech,Willowbrook,20.84,44.99,SUP192,72,209,,False,2026-03-04,Discontinued,0.0,0,C,0,1,0
P00712,CLO-00712-4795,Palisade Classic Slim Fit Shirt,Clothing,Men's Apparel,Palisade,55.38,132.99,SUP052,52,60,,False,2025-01-11,Active,2815.14,23,B,0,1,1
P00713,GRO-00713-9825,Ashford Everyday Plus Pasta Variety Pack,Grocery,Pantry Staples,Ashford,4.57,6.99,SUP255,20,405,337.0,False,2025-03-20,Active,1143.48,174,C,0,0,0
P00714,GRO-00714-5302,Comet Premium Pasta Variety Pack,Grocery,Pantry Staples,Comet,3.82,5.99,SUP263,47,353,180.0,False,2025-09-28,Active,523.11,93,C,0,0,0
P00715,BOO-00715-9905,NorthPoint Ultra Picture Book,Books,Children's Books,NorthPoint,4.22,7.99,SUP043,20,252,,False,2025-07-21,Active,169.74,22,C,0,1,0
P00716,TOY-00716-2267,ClearPath Everyday Plus Construction Blocks,Toys,Building Sets,ClearPath,10.27,24.99,SUP028,49,237,,False,2026-03-13,Discontinued,98.04,4,C,0,1,0
P00717,TOY-00717-1726,Glacier Everyday Plus Family Board Game,Toys,Board Games & Puzzles,Glacier,21.21,46.99,SUP210,27,116,,False,2026-01-28,Discontinued,89.72,2,C,0,1,1
P00718,AUT-00718-8353,Timbercrest Everyday Plus Tool Kit,Automotive,Tools & Equipment,Timbercrest,48.01,80.99,SUP180,20,88,,False,2024-07-20,Active,5536.51,74,B,0,0,1
P00719,GRO-00719-8530,Willowbrook Deluxe Granola Bites,Grocery,Snacks,Willowbrook,4.3,6.99,SUP171,47,429,446.0,False,2024-09-07,Active,452.45,71,C,0,0,0
P00720,CLO-00720-6802,ClearPath Series 2 School Uniform Set,Clothing,Kids' Apparel,ClearPath,8.74,16.99,SUP152,11,216,,False,2026-03-10,Active,4197.29,269,B,1,0,0
P00721,ELE-00721-2444,Harborlight Elite Over-Ear Headphones,Electronics,Headphones & Audio,Harborlight,112.4,191.99,SUP028,52,60,,False,2026-01-08,Discontinued,713.1,5,C,0,1,1
P00722,TOY-00722-4600,Rockridge Pro Playset,Toys,Action Figures & Playsets,Rockridge,13.41,30.99,SUP210,24,256,,False,2026-06-11,Active,2036.39,70,C,0,0,0
P00723,GRO-00723-5948,ClearPath Everyday Plus BBQ Sauce,Grocery,Condiments & Sauces,ClearPath,1.92,3.2,SUP032,54,799,229.0,True,2026-04-15,Seasonal,5696.75,1910,B,1,0,0
P00724,CLO-00724-8227,Willowbrook Everyday Plus Toddler Joggers,Clothing,Kids' Apparel,Willowbrook,11.16,19.99,SUP159,15,232,,False,2025-07-24,Active,4546.8,246,B,0,0,0
P00725,HOM-00725-5545,Kestrel Everyday Plus Electric Kettle,Home & Kitchen,Small Appliances,Kestrel,5.1,7.99,SUP090,27,398,,False,2026-05-27,Active,974.72,131,C,0,0,0
P00726,TOY-00726-6672,Rockridge Compact Coding Robot Kit,Toys,Educational Toys,Rockridge,10.12,18.99,SUP084,45,217,,True,2025-11-03,Seasonal,770.22,43,C,0,0,0
P00727,TOY-00727-3464,Aurelia Deluxe Coding Robot Kit,Toys,Educational Toys,Aurelia,10.08,24.99,SUP249,22,338,,True,2026-03-20,Seasonal,8849.53,386,A,1,0,0
P00728,AUT-00728-1221,Copperfield Series 2 License Plate Frame,Automotive,Exterior Accessories,Copperfield,5.19,9.99,SUP127,32,235,,False,2025-03-16,Active,10400.2,1116,A,1,0,0
P00729,ELE-00729-7498,Amberfield Lite Wireless Charger,Electronics,Mobile Accessories,Amberfield,3.65,6.99,SUP147,23,291,,False,2026-05-30,Active,220.12,33,C,0,1,0
P00730,PER-00730-1552,Halcyon Series 2 Water Flosser,Personal Care,Oral Care,Halcyon,16.2,33.99,SUP270,22,118,463.0,True,2024-03-09,Seasonal,333.69,11,C,0,1,1
P00731,HOM-00731-5822,Aurelia Essential Area Rug,Home & Kitchen,Home Decor,Aurelia,29.96,57.99,SUP159,15,92,,False,2026-04-07,Active,7790.31,145,B,0,0,0
P00732,GRO-00732-4992,Amberfield Everyday Pasta Sauce Jar,Grocery,Condiments & Sauces,Amberfield,3.61,5.99,SUP241,23,497,172.0,False,2026-05-25,Active,827.63,148,C,0,0,0
P00733,HOM-00733-6598,Halcyon X200 Shelving Unit,Home & Kitchen,Storage & Organization,Halcyon,25.97,39.99,SUP258,47,216,,False,2025-12-20,Active,6077.58,164,B,0,0,0
P00734,GRO-00734-6378,Trailhaven Ultra Cereal Box,Grocery,Breakfast Foods,Trailhaven,2.37,3.99,SUP197,17,613,85.0,False,2026-05-12,Active,4856.12,1324,B,1,0,0
P00735,CLO-00735-7219,Amberfield Everyday Plus Cardigan,Clothing,Women's Apparel,Amberfield,31.73,60.99,SUP028,55,107,,False,2025-01-18,Active,586.66,10,C,0,1,1
P00736,HOM-00736-1774,Harborlight X200 Air Fryer,Home & Kitchen,Small Appliances,Harborlight,28.37,52.99,SUP026,38,183,,False,2024-10-21,Active,4626.41,92,B,0,0,0
P00737,BEA-00737-4639,Harborlight Premium Foundation,Beauty,Makeup,Harborlight,4.19,10.99,SUP116,15,361,138.0,False,2024-05-02,Active,3148.19,311,B,1,0,0
P00738,SPO-00738-3844,Norwell Essential Bike Helmet,Sports,Cycling,Norwell,32.55,62.99,SUP018,41,144,,False,2024-06-27,Active,10328.61,174,A,0,0,0
P00739,AUT-00739-1373,Sunneva X200 Roof Rack,Automotive,Exterior Accessories,Sunneva,33.49,65.99,SUP077,24,125,,True,2026-03-01,Seasonal,1396.26,23,C,0,1,1
P00740,SPO-00740-9701,Ashford Series 2 Foam Roller,Sports,Fitness Equipment,Ashford,20.73,29.99,SUP050,68,173,,False,2024-02-29,Active,779.11,28,C,0,1,0
P00741,BOO-00741-3319,Halcyon Max Fantasy Trilogy Box Set,Books,Fiction,Halcyon,3.58,5.99,SUP012,24,297,,False,2024-07-01,Active,257.72,45,C,0,0,0
P00742,HOM-00742-1641,Timbercrest Elite Stand Mixer,Home & Kitchen,Small Appliances,Timbercrest,10.15,20.99,SUP115,41,347,,False,2025-03-30,Active,22936.52,1184,A,1,0,0
P00743,TOY-00743-2580,Quinley Deluxe Kickball Set,Toys,Outdoor Play,Quinley,2.86,4.99,SUP058,10,424,,False,2024-11-24,Active,173.78,38,C,0,1,0
P00744,ELE-00744-7515,BlueStone Advanced Bluetooth Speaker,Electronics,Headphones & Audio,BlueStone,207.93,347.99,SUP022,58,52,,False,2026-04-23,Discontinued,5573.0,18,B,0,1,1
P00745,GRO-00745-7779,Sunneva Pro Herbal Tea Sampler,Grocery,Beverages,Sunneva,6.47,8.99,SUP211,28,187,107.0,False,2024-01-28,Active,2049.66,245,C,0,0,1
P00746,ELE-00746-2922,Novara Compact Fitness Tracker,Electronics,Wearable Tech,Novara,10.97,24.99,SUP274,22,234,,True,2024-02-07,Seasonal,991.09,43,C,0,0,0
P00747,SPO-00747-3246,Aurelia Premium Massage Roller,Sports,Yoga & Wellness,Aurelia,31.57,68.99,SUP171,47,167,,True,2024-09-05,Seasonal,5910.52,93,B,0,0,0
P00748,BEA-00748-5409,Aurelia Premium Fragrance Gift Set,Beauty,Fragrances,Aurelia,12.16,32.99,SUP274,17,251,507.0,True,2025-07-11,Discontinued,28.88,1,C,0,1,0
P00749,SPO-00749-4286,Kestrel Everyday Sleeping Bag,Sports,Outdoor Recreation,Kestrel,8.87,19.99,SUP034,45,230,,False,2024-11-20,Active,2767.95,149,B,0,0,0
P00750,GRO-00750-6386,Cedarwood Signature Hot Sauce Set,Grocery,Condiments & Sauces,Cedarwood,5.34,8.99,SUP220,72,407,331.0,True,2026-02-01,Seasonal,798.57,97,C,0,0,1
P00751,BEA-00751-5014,Copperfield Premium Facial Moisturizer,Beauty,Skincare,Copperfield,4.74,10.99,SUP115,34,483,387.0,False,2024-03-28,Active,901.04,88,C,0,0,0
P00752,BEA-00752-5655,Vaultis Premium Cleansing Foam,Beauty,Skincare,Vaultis,2.54,7.99,SUP145,34,384,131.0,False,2024-12-12,Active,277.51,37,C,0,1,0
P00753,ELE-00753-8516,NorthPoint Everyday Plus Phone Case,Electronics,Mobile Accessories,NorthPoint,57.15,115.99,SUP188,27,61,,True,2025-08-14,Seasonal,13466.29,129,A,0,0,0
P00754,BEA-00754-6895,UrbanNest Premium Hair Dryer,Beauty,Haircare,UrbanNest,8.05,16.99,SUP231,17,278,292.0,False,2025-07-12,Active,1291.37,80,C,0,0,0
P00755,BOO-00755-8599,ClearPath X200 Graphic Novel Vol. 1,Books,Comics & Graphic Novels,ClearPath,2.54,3.99,SUP018,44,514,,False,2025-04-17,Active,2680.82,725,B,1,0,0
P00756,CLO-00756-3114,Vertex Deluxe Kids Graphic Tee,Clothing,Kids' Apparel,Vertex,11.38,30.99,SUP108,65,145,,True,2025-02-08,Seasonal,6601.23,231,B,0,0,0
P00757,ELE-00757-2979,Ashford Everyday Plus GPS Running Watch,Electronics,Wearable Tech,Ashford,53.77,76.99,SUP219,20,117,,True,2024-03-26,Discontinued,0.0,0,C,0,1,0
P00758,SPO-00758-5430,Ridgeline Elite Camp Chair,Sports,Outdoor Recreation,Ridgeline,6.43,14.99,SUP159,13,348,,False,2024-02-29,Active,592.94,43,C,0,0,0
P00759,GRO-00759-4674,Timbercrest Signature Sports Drink Case,Grocery,Beverages,Timbercrest,5.33,7.12,SUP087,8,303,399.0,False,2024-02-19,Active,342.58,51,C,0,0,0
P00760,ELE-00760-8522,Solstice X200 GPS Running Watch,Electronics,Wearable Tech,Solstice,100.62,187.99,SUP012,26,58,,False,2025-04-05,Active,13355.97,77,A,0,0,1
P00761,HOM-00761-3199,Meridian Series 2 Cookware Set,Home & Kitchen,Cookware,Meridian,20.84,32.99,SUP005,35,140,,True,2026-03-18,Seasonal,3215.92,106,B,0,0,0
P00762,CLO-00762-4943,NorthPoint Lite Toddler Joggers,Clothing,Kids' Apparel,NorthPoint,24.33,67.99,SUP115,37,105,,False,2024-03-22,Active,1878.15,30,C,0,1,1
P00763,GRO-00763-9783,Ridgeline Signature Sparkling Water Case,Grocery,Beverages,Ridgeline,9.42,14.99,SUP143,44,361,314.0,False,2024-02-29,Active,42762.3,3089,A,1,0,1
P00764,SPO-00764-3973,Glacier Elite Shin Guards,Sports,Team Sports Gear,Glacier,27.27,43.99,SUP053,12,92,,False,2025-09-16,Active,1298.9,31,C,0,1,0
P00765,HOM-00765-5797,Everline Lite Pillow 2-Pack,Home & Kitchen,Bedding & Linens,Everline,6.05,9.99,SUP241,25,205,,False,2025-04-01,Active,9838.4,1050,A,1,0,0
P00766,TOY-00766-5176,Vanture Max Backyard Game Set,Toys,Outdoor Play,Vanture,4.83,8.99,SUP210,23,473,,False,2024-10-09,Active,778.03,93,C,0,0,0
P00767,GRO-00767-1007,Solstice Classic BBQ Sauce,Grocery,Condiments & Sauces,Solstice,3.06,4.99,SUP042,15,473,437.0,False,2024-01-17,Active,49.4,10,C,0,1,0
P00768,BOO-00768-2914,Halcyon Elite Self-Help Guide,Books,Non-Fiction,Halcyon,5.53,9.99,SUP042,19,448,,False,2026-01-01,Active,1081.32,115,C,0,0,0
P00769,TOY-00769-1815,UrbanNest Signature Kickball Set,Toys,Outdoor Play,UrbanNest,24.46,63.99,SUP258,45,157,,False,2025-08-24,Active,21385.11,360,A,1,0,1
P00770,BEA-00770-9453,Ironclad Everyday Hair Mask,Beauty,Haircare,Ironclad,5.16,12.99,SUP274,22,493,540.0,False,2025-06-19,Active,2595.88,215,B,0,0,0
P00771,ELE-00771-8703,Vertex Essential Video Doorbell,Electronics,Smart Home Devices,Vertex,27.23,47.99,SUP294,40,128,,False,2024-08-01,Active,6970.83,154,B,0,0,0
P00772,CLO-00772-3261,Vanture Deluxe Training Jacket,Clothing,Activewear,Vanture,2.31,4.99,SUP194,3,614,,False,2026-05-02,Active,777.54,169,C,0,0,0
P00773,PER-00773-4582,Copperfield Advanced Cotton Swabs Bulk,Personal Care,Personal Hygiene,Copperfield,4.29,8.99,SUP274,20,309,439.0,False,2024-02-27,Active,333.64,40,C,0,1,0
P00774,PER-00774-8769,BlueStone X200 Grooming Kit,Personal Care,Shaving & Grooming,BlueStone,4.44,7.99,SUP028,60,381,447.0,True,2025-11-03,Seasonal,2354.91,320,B,1,0,0
P00775,HOM-00775-9147,Aurelia Premium Pillow 2-Pack,Home & Kitchen,Bedding & Linens,Aurelia,8.25,18.99,SUP030,8,195,,False,2025-10-25,Active,1352.15,78,C,0,0,0
P00776,TOY-00776-6077,Brightline Compact Vehicle Toy Set,Toys,Action Figures & Playsets,Brightline,6.66,17.99,SUP012,26,319,,False,2025-10-23,Active,780.78,46,C,0,0,0
P00777,GRO-00777-6968,Sunneva Signature Pasta Sauce Jar,Grocery,Condiments & Sauces,Sunneva,2.71,4.11,SUP159,12,506,476.0,False,2025-07-02,Active,743.54,195,C,0,0,0
P00778,HOM-00778-9892,Fernwood Advanced Weighted Blanket,Home & Kitchen,Bedding & Linens,Fernwood,18.67,30.99,SUP052,66,108,,False,2024-10-04,Active,1908.26,66,C,0,0,0
P00779,SPO-00779-5798,Norwell X200 Foam Roller,Sports,Fitness Equipment,Norwell,32.46,59.99,SUP159,12,87,,False,2025-02-19,Active,25069.83,453,A,1,0,0
P00780,CLO-00780-3667,Trailhaven Signature Kids Rain Jacket,Clothing,Kids' Apparel,Trailhaven,7.16,12.99,SUP005,41,324,,False,2025-02-07,Active,2436.21,200,B,0,0,0
P00781,CLO-00781-8333,Ironclad Essential Canvas Sneakers,Clothing,Footwear,Ironclad,13.43,21.99,SUP158,24,257,,False,2026-03-01,Active,1014.87,52,C,0,0,0
P00782,AUT-00782-8819,Norwell Max Tire Inflator,Automotive,Tire & Wheel Care,Norwell,6.55,12.99,SUP269,32,367,,False,2025-11-10,Discontinued,39.49,3,C,0,1,0
P00783,GRO-00783-7572,Amberfield Premium Rice 5lb Bag,Grocery,Pantry Staples,Amberfield,3.02,4.99,SUP211,24,586,393.0,True,2025-03-10,Seasonal,237.82,52,C,0,0,0
P00784,SPO-00784-8236,Trailhaven Advanced Yoga Block Set,Sports,Yoga & Wellness,Trailhaven,28.25,62.99,SUP102,16,142,,False,2025-10-20,Active,115895.1,1982,A,1,0,0
P00785,BEA-00785-6235,Cedarwood X200 Bath Bomb Set,Beauty,Bath & Body,Cedarwood,3.19,8.99,SUP019,14,413,137.0,False,2026-06-03,Active,693.81,84,C,0,0,0
P00786,ELE-00786-6357,Foundry Compact Tripod Kit,Electronics,Cameras & Accessories,Foundry,5.31,10.99,SUP058,10,420,,False,2025-09-23,Active,5486.17,538,B,1,0,0
P00787,BEA-00787-1764,Glacier Classic Body Lotion,Beauty,Bath & Body,Glacier,7.77,22.99,SUP150,49,236,339.0,False,2024-11-20,Discontinued,89.34,4,C,0,1,0
P00788,PER-00788-2179,Ironclad Compact Shaving Cream,Personal Care,Shaving & Grooming,Ironclad,4.52,8.99,SUP064,11,439,171.0,False,2024-01-08,Active,130.54,15,C,0,1,0
P00789,CLO-00789-8221,Fernwood Ultra Cardigan,Clothing,Women's Apparel,Fernwood,22.44,55.99,SUP226,41,106,,False,2026-03-12,Active,2988.49,58,B,0,0,1
P00790,ELE-00790-9558,UrbanNest Everyday Screen Protector 2-Pack,Electronics,Mobile Accessories,UrbanNest,27.26,59.99,SUP274,20,152,,False,2024-01-16,Active,56733.44,1015,A,1,0,0
P00791,SPO-00791-8481,Fernwood Series 2 Camping Tent,Sports,Outdoor Recreation,Fernwood,20.32,41.99,SUP035,31,205,,False,2025-04-09,Active,1029.32,25,C,0,1,0
P00792,PER-00792-7373,UrbanNest Deluxe Toothbrush 4-Pack,Personal Care,Oral Care,UrbanNest,5.22,8.99,SUP005,40,308,353.0,False,2024-03-02,Active,471.93,56,C,0,0,0
P00793,PER-00793-9042,Sunneva Classic Deodorant 2-Pack,Personal Care,Personal Hygiene,Sunneva,7.11,10.99,SUP022,49,419,307.0,False,2026-03-13,Active,2610.29,256,B,1,0,0
P00794,CLO-00794-5771,Pinnacle Ultra Denim Jacket,Clothing,Men's Apparel,Pinnacle,17.77,38.99,SUP241,27,118,,True,2024-01-29,Seasonal,23137.01,633,A,1,0,1
P00795,BEA-00795-1914,ClearPath Everyday Foundation,Beauty,Makeup,ClearPath,12.64,36.99,SUP014,10,179,430.0,False,2025-09-15,Active,3905.83,114,B,0,0,1
P00796,BOO-00796-3453,Glacier Signature Early Reader Set,Books,Children's Books,Glacier,8.61,15.99,SUP215,12,319,,False,2025-12-05,Active,3028.14,206,B,0,0,1
P00797,TOY-00797-9748,Copperfield Classic Alphabet Learning Set,Toys,Educational Toys,Copperfield,24.84,51.99,SUP115,38,198,,False,2025-10-30,Active,953.29,19,C,0,1,1
P00798,AUT-00798-8747,Sunneva Compact Backup Camera,Automotive,Car Electronics,Sunneva,12.71,25.99,SUP115,40,150,,False,2025-05-13,Active,573.57,24,C,0,1,0
P00799,TOY-00799-4937,Crestmark Pro STEM Building Kit,Toys,Educational Toys,Crestmark,19.32,39.99,SUP211,22,117,,False,2025-06-22,Active,943.6,27,C,0,1,1
P00800,BEA-00800-1796,BlueStone Compact Lipstick Set,Beauty,Makeup,BlueStone,7.49,16.99,SUP081,8,290,77.0,False,2025-04-05,Active,240.95,15,C,0,1,0
P00801,ELE-00801-2960,Willowbrook X200 Security Camera,Electronics,Smart Home Devices,Willowbrook,30.05,59.99,SUP245,14,121,,False,2025-11-21,Active,10740.15,194,A,0,0,0
P00802,CLO-00802-8034,NorthPoint Max Kids Graphic Tee,Clothing,Kids' Apparel,NorthPoint,16.56,36.99,SUP022,53,202,,False,2024-03-19,Active,208.77,6,C,0,1,0
P00803,HOM-00803-7396,Halcyon Ultra Stock Pot,Home & Kitchen,Cookware,Halcyon,22.42,33.99,SUP210,22,212,,False,2026-03-22,Active,4731.74,151,B,0,0,0
P00804,ELE-00804-8674,Glacier Everyday Video Doorbell,Electronics,Smart Home Devices,Glacier,5.79,12.99,SUP271,40,282,,False,2025-12-07,Active,1347.5,111,C,0,0,0
P00805,CLO-00805-7969,Vaultis Advanced Crew Neck Tee 3-Pack,Clothing,Men's Apparel,Vaultis,22.1,34.99,SUP032,55,96,,False,2026-06-02,Active,697.2,21,C,0,1,1
P00806,SPO-00806-7998,UrbanNest Compact Massage Roller,Sports,Yoga & Wellness,UrbanNest,13.8,23.99,SUP159,13,245,,False,2024-03-25,Active,8851.55,395,A,1,0,0
P00807,AUT-00807-1004,Vertex Lite Dash Cam,Automotive,Car Electronics,Vertex,5.97,9.99,SUP176,44,357,,False,2024-07-09,Active,255.29,27,C,0,1,0
P00808,TOY-00808-3396,Copperfield Deluxe Vehicle Toy Set,Toys,Action Figures & Playsets,Copperfield,20.15,32.99,SUP028,50,176,,False,2024-07-21,Active,17965.94,584,A,1,0,1
P00809,AUT-00809-3925,Palisade Elite Tire Shine Kit,Automotive,Tire & Wheel Care,Palisade,14.9,27.99,SUP159,15,255,,False,2025-01-11,Active,7536.94,293,B,1,0,0
P00810,TOY-00810-6678,Lumino Max Counting Puzzle,Toys,Educational Toys,Lumino,13.02,28.99,SUP060,33,287,,False,2026-01-16,Discontinued,143.76,5,C,0,1,0
P00811,SPO-00811-5214,Silverpine Essential Foam Roller,Sports,Fitness Equipment,Silverpine,21.74,46.99,SUP216,11,116,,False,2025-12-18,Active,21672.41,504,A,1,0,0
P00812,ELE-00812-2312,Comet Classic Over-Ear Headphones,Electronics,Headphones & Audio,Comet,38.12,67.99,SUP159,14,157,,False,2025-09-23,Discontinued,57.81,1,C,0,1,0
P00813,BOO-00813-8640,Palisade Lite Illustrated Novel,Books,Comics & Graphic Novels,Palisade,8.81,11.99,SUP115,43,283,,False,2024-12-27,Active,5671.81,512,B,1,0,1
P00814,ELE-00814-4307,Aurelia Premium Smartwatch Band,Electronics,Wearable Tech,Aurelia,13.9,23.99,SUP215,11,281,,False,2024-03-25,Active,6116.07,275,B,1,0,0
P00815,ELE-00815-1179,Silverpine Max Video Doorbell,Electronics,Smart Home Devices,Silverpine,65.64,124.99,SUP211,23,96,,False,2025-09-25,Active,691.7,6,C,0,1,0
P00816,HOM-00816-8328,NorthPoint Lite Comforter,Home & Kitchen,Bedding & Linens,NorthPoint,4.94,8.99,SUP051,34,504,,False,2024-03-08,Active,260.45,31,C,0,1,0
P00817,AUT-00817-7764,Ashford Max Tool Kit,Automotive,Tools & Equipment,Ashford,11.94,24.99,SUP008,17,298,,False,2024-07-05,Active,2074.41,89,B,0,0,0
P00818,TOY-00818-9487,Copperfield Everyday Plus Construction Blocks,Toys,Building Sets,Copperfield,7.04,10.99,SUP058,8,264,,True,2025-01-05,Seasonal,3815.05,371,B,1,0,0
P00819,PER-00819-9381,Copperfield Ultra Probiotic Capsules,Personal Care,Vitamins & Supplements,Copperfield,4.14,8.99,SUP264,31,466,264.0,False,2025-12-09,Active,818.6,101,C,0,0,0
P00820,PER-00820-4556,Brightline Series 2 Blood Pressure Monitor,Personal Care,Health Monitoring,Brightline,10.84,20.99,SUP114,8,259,95.0,True,2025-07-04,Seasonal,1194.53,61,C,0,0,1
P00821,AUT-00821-9473,Sunneva Advanced Tire Pressure Gauge,Automotive,Tools & Equipment,Sunneva,87.75,138.99,SUP047,27,80,,False,2024-04-04,Active,7500.68,59,B,0,0,1
P00822,HOM-00822-8056,Lumino Elite Storage Bin Set,Home & Kitchen,Storage & Organization,Lumino,7.8,18.99,SUP102,17,195,,True,2024-08-13,Discontinued,37.11,2,C,0,1,0
P00823,AUT-00823-3026,Meridian Compact Roof Rack,Automotive,Exterior Accessories,Meridian,24.96,48.99,SUP104,22,91,,False,2026-02-13,Active,12974.41,286,A,1,0,0
P00824,AUT-00824-7172,Aurelia Max Car Charger,Automotive,Car Electronics,Aurelia,29.84,61.99,SUP124,41,121,,False,2025-06-17,Active,27486.53,473,A,1,0,0
P00825,AUT-00825-6556,Glacier Elite Roof Rack,Automotive,Exterior Accessories,Glacier,7.41,13.99,SUP121,13,301,,False,2025-08-22,Active,4417.47,340,B,1,0,0
P00826,HOM-00826-3440,UrbanNest Advanced Closet Organizer,Home & Kitchen,Storage & Organization,UrbanNest,13.57,28.99,SUP076,37,226,,False,2024-11-23,Active,1629.11,59,C,0,0,0
P00827,ELE-00827-5289,Rockridge Classic Camera Backpack,Electronics,Cameras & Accessories,Rockridge,29.33,58.99,SUP077,20,143,,False,2026-01-13,Active,2497.97,46,B,0,0,0
P00828,PER-00828-3017,Willowbrook Deluxe Body Wipes,Personal Care,Personal Hygiene,Willowbrook,7.84,13.99,SUP241,26,203,411.0,True,2025-06-20,Seasonal,393.53,29,C,0,1,0
P00829,HOM-00829-6544,Ashford Deluxe Storage Bin Set,Home & Kitchen,Storage & Organization,Ashford,39.13,77.99,SUP188,21,153,,False,2024-03-14,Discontinued,0.0,0,C,0,1,1
P00830,BEA-00830-5379,Novara Pro Hair Dryer,Beauty,Haircare,Novara,3.5,9.99,SUP193,28,541,445.0,False,2025-10-23,Active,23767.45,2565,A,1,0,0
P00831,BEA-00831-5917,Ostrom Ultra Foundation,Beauty,Makeup,Ostrom,10.35,20.99,SUP043,17,329,283.0,True,2024-09-20,Seasonal,2657.16,137,B,0,0,0
P00832,ELE-00832-6896,Timbercrest Essential Action Camera,Electronics,Cameras & Accessories,Timbercrest,213.79,329.99,SUP295,20,63,,False,2026-02-07,Active,51863.4,168,A,0,0,1
P00833,ELE-00833-9140,Fernwood Classic Camera Backpack,Electronics,Cameras & Accessories,Fernwood,29.06,51.99,SUP022,66,182,,True,2025-08-05,Seasonal,14594.77,299,A,1,0,0
P00834,PER-00834-4765,NorthPoint Everyday Grooming Kit,Personal Care,Shaving & Grooming,NorthPoint,4.88,10.99,SUP193,32,432,521.0,False,2024-06-27,Active,1111.07,107,C,0,0,0
P00835,AUT-00835-7593,Meridian Essential Tire Shine Kit,Automotive,Tire & Wheel Care,Meridian,39.1,57.99,SUP215,13,114,,False,2024-01-27,Discontinued,321.66,6,C,0,1,1
P00836,PER-00836-5462,NorthPoint Advanced Digital Thermometer,Personal Care,Health Monitoring,NorthPoint,3.67,7.99,SUP068,25,495,206.0,False,2024-03-18,Active,1697.02,224,C,0,0,0
P00837,GRO-00837-5913,Quinley Elite Protein Bar Box,Grocery,Snacks,Quinley,1.52,2.99,SUP019,13,564,237.0,False,2024-08-12,Discontinued,0.0,0,C,0,1,0
P00838,HOM-00838-2919,Cedarwood Series 2 Electric Kettle,Home & Kitchen,Small Appliances,Cedarwood,9.48,21.99,SUP212,9,358,,False,2024-04-17,Active,5300.63,257,B,1,0,0
P00839,BEA-00839-9975,Pinnacle Series 2 Fragrance Gift Set,Beauty,Fragrances,Pinnacle,15.25,38.99,SUP159,11,225,290.0,False,2025-08-23,Active,463.67,12,C,0,1,1
P00840,BEA-00840-5952,Quinley Series 2 Cologne,Beauty,Fragrances,Quinley,34.78,64.99,SUP288,43,140,136.0,False,2024-05-30,Discontinued,635.39,11,C,0,1,1
P00841,ELE-00841-9447,NorthPoint Signature Phone Case,Electronics,Mobile Accessories,NorthPoint,53.91,77.99,SUP211,26,108,,True,2025-02-11,Seasonal,2166.31,30,B,0,1,0
P00842,TOY-00842-6931,Lumino Advanced Kickball Set,Toys,Outdoor Play,Lumino,8.84,16.99,SUP274,22,316,,True,2024-10-22,Seasonal,10817.4,688,A,1,0,0
P00843,PER-00843-2347,BlueStone Classic Hand Sanitizer 3-Pack,Personal Care,Personal Hygiene,BlueStone,10.5,18.99,SUP172,51,288,68.0,False,2025-08-22,Active,36.96,2,C,0,1,1
P00844,CLO-00844-6766,Cedarwood Ultra Training Jacket,Clothing,Activewear,Cedarwood,14.24,22.99,SUP149,66,128,,False,2024-01-27,Active,47293.02,2212,A,1,0,0
P00845,BEA-00845-6721,Vertex Pro Body Wash,Beauty,Bath & Body,Vertex,20.27,44.99,SUP275,4,162,415.0,False,2025-01-01,Discontinued,0.0,0,C,0,1,1
P00846,BEA-00846-8252,Driftwood Deluxe Lipstick Set,Beauty,Makeup,Driftwood,3.66,10.99,SUP245,13,625,148.0,False,2026-01-29,Active,627.57,64,C,0,0,0
P00847,ELE-00847-9421,Ashford Signature GPS Running Watch,Electronics,Wearable Tech,Ashford,30.21,46.99,SUP012,25,170,,True,2024-08-12,Seasonal,6549.86,153,B,0,0,0
P00848,GRO-00848-1315,UrbanNest Ultra Trail Mix,Grocery,Snacks,UrbanNest,1.59,2.99,SUP164,21,516,335.0,False,2026-02-13,Active,509.8,183,C,0,0,0
P00849,CLO-00849-8604,Ironclad Series 2 Cardigan,Clothing,Women's Apparel,Ironclad,2.0,5.99,SUP028,46,581,,False,2024-06-05,Active,2717.06,494,B,1,0,0
P00850,BEA-00850-6421,Trailhaven Ultra Hair Mask,Beauty,Haircare,Trailhaven,13.47,36.99,SUP275,3,210,539.0,False,2025-10-12,Active,5680.78,166,B,0,0,1
P00851,CLO-00851-9045,Sunneva Ultra Wrap Dress,Clothing,Women's Apparel,Sunneva,29.42,66.99,SUP192,70,199,,True,2024-09-14,Seasonal,73690.28,1189,A,1,0,1
P00852,AUT-00852-4560,Ridgeline Essential Bluetooth Car Adapter,Automotive,Car Electronics,Ridgeline,87.74,135.99,SUP121,14,107,,True,2024-11-21,Seasonal,19714.33,157,A,0,0,1
P00853,HOM-00853-6549,Fernwood Deluxe Sheet Set,Home & Kitchen,Bedding & Linens,Fernwood,20.34,41.99,SUP286,35,110,,False,2025-04-21,Active,2957.78,76,B,0,0,0
P00854,ELE-00854-2581,Willowbrook Essential Laptop Sleeve,Electronics,Laptop Accessories,Willowbrook,8.49,17.99,SUP084,46,223,,True,2025-10-06,Seasonal,1657.44,99,C,0,0,0
P00855,ELE-00855-1702,Novara Signature Fitness Tracker,Electronics,Wearable Tech,Novara,30.44,44.99,SUP118,17,88,,False,2025-04-25,Active,2700.95,64,B,0,0,0
P00856,HOM-00856-1427,Driftwood Elite Table Lamp,Home & Kitchen,Home Decor,Driftwood,22.12,48.99,SUP115,35,122,,False,2025-06-08,Active,21343.04,465,A,1,0,0
P00857,CLO-00857-1153,Foundry Classic Toddler Joggers,Clothing,Kids' Apparel,Foundry,5.32,9.99,SUP028,52,346,,False,2024-09-20,Active,13003.65,1406,A,1,0,0
P00858,TOY-00858-5164,Cedarwood Ultra Vehicle Toy Set,Toys,Action Figures & Playsets,Cedarwood,16.65,32.99,SUP028,58,210,,True,2025-08-27,Seasonal,8312.44,269,A,1,0,0
P00859,AUT-00859-3714,Vertex Premium Dash Cam,Automotive,Car Electronics,Vertex,43.94,81.99,SUP170,30,143,,False,2024-03-05,Discontinued,0.0,0,C,0,1,1
P00860,BOO-00860-3737,Ironclad Ultra Language Learning Workbook,Books,Educational & Reference,Ironclad,9.21,13.99,SUP019,18,173,,False,2024-03-21,Active,132.6,10,C,0,1,1
P00861,BEA-00861-6546,Copperfield Deluxe Cleansing Foam,Beauty,Skincare,Copperfield,8.84,20.99,SUP274,19,222,392.0,False,2024-05-25,Active,2377.81,123,B,0,0,0
P00862,HOM-00862-9156,Aurelia Pro Area Rug,Home & Kitchen,Home Decor,Aurelia,14.88,30.99,SUP084,52,225,,True,2026-03-08,Seasonal,1764.09,64,C,0,0,0
P00863,BEA-00863-9328,Pinnacle Deluxe Body Mist,Beauty,Fragrances,Pinnacle,3.3,5.99,SUP082,12,454,387.0,True,2025-07-13,Seasonal,779.28,141,C,0,0,0
P00864,GRO-00864-6283,Brightline Everyday Salad Dressing Set,Grocery,Condiments & Sauces,Brightline,5.16,8.99,SUP028,59,307,377.0,True,2024-11-13,Seasonal,3501.2,418,B,1,0,0
P00865,AUT-00865-4547,Kestrel Pro Floor Mat Set,Automotive,Interior Accessories,Kestrel,6.17,12.99,SUP093,18,241,,False,2025-07-24,Active,7123.5,594,B,1,0,0
P00866,CLO-00866-4741,Quinley Advanced Denim Jacket,Clothing,Men's Apparel,Quinley,12.62,22.99,SUP195,55,265,,True,2024-09-02,Seasonal,2981.51,137,B,0,0,0
P00867,HOM-00867-6640,Amberfield Max Electric Kettle,Home & Kitchen,Small Appliances,Amberfield,22.52,50.99,SUP284,37,126,,False,2025-10-30,Active,339.2,7,C,0,1,0
P00868,GRO-00868-9176,Novara Elite Sports Drink Case,Grocery,Beverages,Novara,1.7,2.99,SUP043,18,784,367.0,False,2024-12-22,Active,30.79,12,C,0,1,0
P00869,HOM-00869-5801,Driftwood Max Comforter,Home & Kitchen,Bedding & Linens,Driftwood,6.2,12.99,SUP035,30,451,,False,2025-07-18,Active,1556.04,130,C,0,0,0
P00870,PER-00870-4621,Rockridge Everyday Pulse Oximeter,Personal Care,Health Monitoring,Rockridge,4.97,7.99,SUP028,50,284,324.0,False,2024-08-13,Active,1575.44,213,C,0,0,0
P00871,ELE-00871-3123,Comet Advanced Soundbar,Electronics,Headphones & Audio,Comet,72.1,147.99,SUP161,49,103,,False,2024-02-02,Active,2718.64,19,B,0,1,0
P00872,ELE-00872-1853,Amberfield Essential Sleep Tracker Ring,Electronics,Wearable Tech,Amberfield,62.92,104.99,SUP026,38,117,,False,2026-06-25,Active,25247.56,261,A,1,0,0
P00873,HOM-00873-3822,ClearPath Deluxe Closet Organizer,Home & Kitchen,Storage & Organization,ClearPath,10.75,17.99,SUP022,61,273,,False,2025-08-18,Active,137.62,8,C,0,1,0
P00874,TOY-00874-8190,Comet Elite Backyard Game Set,Toys,Outdoor Play,Comet,1.82,4.99,SUP215,11,554,,True,2025-08-12,Seasonal,0.0,0,C,0,1,0
P00875,CLO-00875-4358,UrbanNest Max Blouse,Clothing,Women's Apparel,UrbanNest,11.42,20.99,SUP236,2,184,,True,2025-07-04,Seasonal,525.4,27,C,0,1,0
P00876,BOO-00876-8574,Kestrel Premium Language Learning Workbook,Books,Educational & Reference,Kestrel,5.97,10.99,SUP080,5,423,,False,2026-03-28,Active,5274.71,510,B,1,0,0
P00877,GRO-00877-7880,Brightline Compact Cereal Box,Grocery,Breakfast Foods,Brightline,2.03,3.32,SUP164,26,522,366.0,False,2024-01-17,Active,2885.92,932,B,1,0,0
P00878,ELE-00878-8077,Crestmark Advanced Bluetooth Speaker,Electronics,Headphones & Audio,Crestmark,28.11,53.99,SUP215,10,183,,False,2026-05-17,Discontinued,249.86,5,C,0,1,0
P00879,AUT-00879-7016,Brightline Compact Car Cover,Automotive,Exterior Accessories,Brightline,13.23,18.99,SUP012,30,283,,False,2025-02-22,Active,104.77,6,C,0,1,0
P00880,HOM-00880-1233,UrbanNest Max Weighted Blanket,Home & Kitchen,Bedding & Linens,UrbanNest,57.25,82.99,SUP172,46,129,,False,2025-06-14,Active,20412.26,262,A,1,0,1
P00881,ELE-00881-5269,Foundry X200 Over-Ear Headphones,Electronics,Headphones & Audio,Foundry,9.86,20.99,SUP073,21,327,,False,2026-05-05,Active,1738.39,87,C,0,0,0
P00882,CLO-00882-7467,Lumino Premium Ankle Boots,Clothing,Footwear,Lumino,10.33,16.99,SUP115,34,337,,True,2025-12-31,Seasonal,10640.08,673,A,1,0,0
P00883,ELE-00883-9921,Lumino Everyday Over-Ear Headphones,Electronics,Headphones & Audio,Lumino,65.37,131.99,SUP097,42,124,,False,2024-11-15,Active,32230.05,263,A,1,0,0
P00884,ELE-00884-7827,Pinnacle Elite Security Camera,Electronics,Smart Home Devices,Pinnacle,53.39,109.99,SUP210,28,101,,False,2026-04-05,Active,31314.07,304,A,1,0,0
P00885,TOY-00885-3685,Lumino Advanced Water Blaster,Toys,Outdoor Play,Lumino,26.98,69.99,SUP135,9,121,,False,2024-03-16,Active,746.52,11,C,0,1,1
P00886,CLO-00886-6169,Norwell Classic Running Leggings,Clothing,Activewear,Norwell,4.35,6.99,SUP218,53,296,,False,2024-05-16,Active,1490.72,230,C,0,0,0
P00887,HOM-00887-7597,Foundry Ultra Shelving Unit,Home & Kitchen,Storage & Organization,Foundry,60.57,91.99,SUP080,4,86,,False,2024-07-26,Active,94350.91,1109,A,1,0,1
P00888,GRO-00888-8622,Ostrom Signature Sparkling Water Case,Grocery,Beverages,Ostrom,3.47,5.99,SUP159,15,360,185.0,False,2024-09-02,Active,513.65,93,C,0,0,0
P00889,SPO-00889-1995,Brightline Essential Yoga Towel,Sports,Yoga & Wellness,Brightline,25.09,48.99,SUP274,18,199,,False,2025-09-06,Active,4787.79,108,B,0,0,0
P00890,ELE-00890-9346,Brightline Essential Smartwatch Band,Electronics,Wearable Tech,Brightline,78.18,122.99,SUP116,13,107,,True,2025-01-01,Seasonal,6827.78,61,B,0,0,1
P00891,ELE-00891-5064,Fernwood Essential Smart Bulb Kit,Electronics,Smart Home Devices,Fernwood,28.6,47.99,SUP162,55,136,,False,2026-02-14,Active,36.15,1,C,0,1,0
P00892,BOO-00892-9085,Aurelia Signature Mystery Novel,Books,Fiction,Aurelia,5.16,9.99,SUP190,44,465,,False,2025-07-22,Active,215.54,24,C,0,1,0
P00893,BOO-00893-8002,Ashford Elite Activity Book,Books,Children's Books,Ashford,8.82,11.99,SUP274,21,307,,False,2025-07-06,Active,136.62,12,C,0,1,1
P00894,PER-00894-5717,Fernwood Everyday Plus Deodorant 2-Pack,Personal Care,Personal Hygiene,Fernwood,2.6,5.99,SUP174,30,570,130.0,False,2025-12-01,Active,37.21,7,C,0,1,0
P00895,BEA-00895-5302,Cedarwood Deluxe Loofah & Soap Set,Beauty,Bath & Body,Cedarwood,9.01,19.99,SUP171,54,343,98.0,False,2025-01-09,Discontinued,0.0,0,C,0,1,0
P00896,ELE-00896-3490,Willowbrook Everyday Plus Car Mount,Electronics,Mobile Accessories,Willowbrook,8.04,15.99,SUP249,22,363,,False,2024-11-10,Active,0.0,0,C,0,1,0
P00897,CLO-00897-6271,Copperfield Essential Kids Rain Jacket,Clothing,Kids' Apparel,Copperfield,2.33,5.99,SUP295,17,715,,True,2024-04-08,Seasonal,300.94,54,C,0,0,0
P00898,BOO-00898-3651,Meridian Everyday Plus Bedtime Stories Collection,Books,Children's Books,Meridian,3.01,4.99,SUP270,23,514,,False,2026-02-07,Active,1449.54,311,C,1,0,0
P00899,HOM-00899-5299,Novara Elite Shelving Unit,Home & Kitchen,Storage & Organization,Novara,35.67,68.99,SUP028,48,107,,False,2024-07-31,Active,2321.98,35,B,0,1,1
P00900,CLO-00900-3128,Willowbrook Series 2 Kids Graphic Tee,Clothing,Kids' Apparel,Willowbrook,4.7,8.99,SUP192,73,355,,False,2025-08-19,Active,1030.8,120,C,0,0,0
P00901,HOM-00901-3031,NorthPoint Elite Cookware Set,Home & Kitchen,Cookware,NorthPoint,43.83,103.99,SUP084,50,131,,False,2025-12-21,Active,18291.19,190,A,0,0,1
P00902,AUT-00902-9172,Novara Everyday Tool Kit,Automotive,Tools & Equipment,Novara,22.15,35.99,SUP115,38,223,,False,2024-12-05,Active,26688.89,805,A,1,0,0
P00903,AUT-00903-8839,Willowbrook Max Bluetooth Car Adapter,Automotive,Car Electronics,Willowbrook,11.95,18.99,SUP176,44,276,,False,2024-05-29,Active,44456.89,2516,A,1,0,0
P00904,BEA-00904-6173,Palisade Pro Makeup Brush Set,Beauty,Makeup,Palisade,28.31,50.99,SUP028,49,180,399.0,False,2025-09-12,Active,3355.58,71,B,0,0,1
P00905,PER-00905-6973,Halcyon Max Toothbrush 4-Pack,Personal Care,Oral Care,Halcyon,10.1,22.99,SUP196,33,209,291.0,False,2024-10-23,Active,1085.99,51,C,0,0,1
P00906,PER-00906-1011,Cedarwood Advanced Blood Pressure Monitor,Personal Care,Health Monitoring,Cedarwood,3.54,6.99,SUP075,28,428,236.0,False,2026-02-16,Active,274.2,44,C,0,0,0
P00907,ELE-00907-7688,Silverpine Elite Tripod Kit,Electronics,Cameras & Accessories,Silverpine,59.17,118.99,SUP245,15,116,,False,2025-02-10,Active,20124.12,187,A,0,0,0
P00908,BEA-00908-9648,UrbanNest Premium Body Wash,Beauty,Bath & Body,UrbanNest,17.07,28.99,SUP102,17,251,464.0,False,2024-11-02,Active,2035.25,73,C,0,0,1
P00909,BOO-00909-9541,Pinnacle Signature Fantasy Trilogy Box Set,Books,Fiction,Pinnacle,4.06,5.99,SUP012,27,424,,False,2025-10-25,Active,496.22,88,C,0,0,0
P00910,ELE-00910-1472,Willowbrook Essential Wireless Earbuds,Electronics,Headphones & Audio,Willowbrook,36.3,73.99,SUP171,51,74,,False,2024-12-18,Active,4026.79,61,B,0,0,0
P00911,BEA-00911-7231,Trailhaven Classic Hair Mask,Beauty,Haircare,Trailhaven,3.63,10.99,SUP215,12,593,362.0,False,2025-12-27,Active,339.1,32,C,0,1,0
P00912,GRO-00912-5285,Comet Series 2 Rice 5lb Bag,Grocery,Pantry Staples,Comet,2.92,4.99,SUP171,62,329,94.0,True,2025-09-22,Discontinued,0.0,0,C,0,1,0
P00913,PER-00913-1584,Everline Deluxe Multivitamin Bottle,Personal Care,Vitamins & Supplements,Everline,9.22,18.99,SUP228,20,274,91.0,False,2026-03-17,Discontinued,56.42,3,C,0,1,1
P00914,BEA-00914-8099,Fernwood Series 2 Facial Moisturizer,Beauty,Skincare,Fernwood,7.46,17.99,SUP241,21,295,60.0,False,2025-01-26,Active,11536.9,687,A,1,0,0
P00915,TOY-00915-6663,Quinley Premium Vehicle Toy Set,Toys,Action Figures & Playsets,Quinley,6.69,17.99,SUP012,34,445,,False,2024-03-20,Active,11705.75,706,A,1,0,0
P00916,BEA-00916-3345,Glacier Elite Body Mist,Beauty,Fragrances,Glacier,10.42,17.99,SUP003,7,169,117.0,True,2024-06-11,Seasonal,6311.11,369,B,1,0,0
P00917,HOM-00917-5545,Trailhaven Advanced Closet Organizer,Home & Kitchen,Storage & Organization,Trailhaven,4.22,9.99,SUP052,60,468,,True,2024-01-05,Seasonal,594.48,64,C,0,0,0
P00918,AUT-00918-4161,Novara Compact Tire Inflator,Automotive,Tire & Wheel Care,Novara,196.31,327.99,SUP052,65,42,,True,2026-02-17,Seasonal,6719.37,23,B,0,1,1
P00919,ELE-00919-2993,Comet Series 2 Lens Filter Set,Electronics,Cameras & Accessories,Comet,128.06,253.99,SUP159,14,59,,True,2024-08-09,Seasonal,160645.19,678,A,1,0,1
P00920,ELE-00920-4848,Timbercrest Signature Smart Plug,Electronics,Smart Home Devices,Timbercrest,37.56,58.99,SUP053,15,114,,True,2024-07-02,Seasonal,1770.01,32,C,0,1,0
P00921,BEA-00921-6338,Vanture Everyday Facial Moisturizer,Beauty,Skincare,Vanture,2.2,5.99,SUP102,18,511,328.0,False,2025-07-06,Active,709.01,129,C,0,0,0
P00922,SPO-00922-1458,Vertex Series 2 Sleeping Bag,Sports,Outdoor Recreation,Vertex,26.4,54.99,SUP124,40,199,,False,2024-08-12,Active,45245.41,878,A,1,0,0
P00923,GRO-00923-7056,Pinnacle Premium Salad Dressing Set,Grocery,Condiments & Sauces,Pinnacle,5.97,9.99,SUP171,57,403,379.0,False,2026-06-11,Active,835.93,89,C,0,0,1
P00924,ELE-00924-5422,Rockridge Elite Video Doorbell,Electronics,Smart Home Devices,Rockridge,35.13,56.99,SUP297,52,172,,False,2026-03-02,Active,4454.86,84,B,0,0,0
P00925,GRO-00925-6031,Comet Max Rice 5lb Bag,Grocery,Pantry Staples,Comet,3.79,5.99,SUP195,48,551,210.0,False,2025-02-15,Active,2851.83,510,B,1,0,0
P00926,HOM-00926-2303,Ironclad Signature Closet Organizer,Home & Kitchen,Storage & Organization,Ironclad,8.51,18.99,SUP068,34,259,,False,2025-08-08,Active,2132.7,121,B,0,0,0
P00927,ELE-00927-2378,Meridian Advanced Wireless Mouse,Electronics,Laptop Accessories,Meridian,53.28,114.99,SUP093,21,64,,False,2024-12-18,Active,12600.94,123,A,0,0,0
P00928,CLO-00928-5855,Everline Essential Toddler Joggers,Clothing,Kids' Apparel,Everline,18.54,37.99,SUP012,27,150,,False,2025-01-28,Active,20525.78,581,A,1,0,1
P00929,ELE-00929-6714,Lumino Signature Phone Case,Electronics,Mobile Accessories,Lumino,21.39,38.99,SUP115,36,146,,False,2025-03-14,Discontinued,0.0,0,C,0,1,0
P00930,GRO-00930-6697,Fernwood Pro Olive Oil,Grocery,Pantry Staples,Fernwood,2.37,3.99,SUP168,6,371,507.0,False,2024-12-14,Active,500.82,133,C,0,0,0
P00931,BOO-00931-1223,BlueStone Lite History Hardcover,Books,Non-Fiction,BlueStone,10.7,20.99,SUP277,49,173,,False,2025-02-02,Active,378.04,21,C,0,1,1
P00932,SPO-00932-5262,Glacier Elite Bike Lock,Sports,Cycling,Glacier,166.68,378.99,SUP068,31,32,,False,2024-06-16,Active,6703.6,19,B,0,1,1
P00933,GRO-00933-2434,Copperfield Elite Rice 5lb Bag,Grocery,Pantry Staples,Copperfield,6.26,8.99,SUP057,48,313,385.0,False,2025-08-17,Active,1249.92,152,C,0,0,1
P00934,GRO-00934-5933,Vaultis Series 2 Coffee Pods Box,Grocery,Beverages,Vaultis,5.48,9.99,SUP008,17,255,490.0,False,2024-03-02,Active,274.76,30,C,0,1,1
P00935,HOM-00935-8183,Cedarwood Premium Throw Pillow Set,Home & Kitchen,Home Decor,Cedarwood,14.17,29.99,SUP161,44,170,,False,2026-04-09,Active,3364.48,121,B,0,0,0
P00936,PER-00936-9634,Comet Everyday Plus Deodorant 2-Pack,Personal Care,Personal Hygiene,Comet,1.5,2.99,SUP296,19,713,135.0,False,2026-04-09,Active,644.88,232,C,0,0,0
P00937,HOM-00937-5408,Rockridge Pro Pillow 2-Pack,Home & Kitchen,Bedding & Linens,Rockridge,125.53,289.99,SUP102,19,45,,False,2024-07-08,Active,15087.93,55,A,0,0,1
P00938,HOM-00938-5462,Pinnacle Signature Sheet Set,Home & Kitchen,Bedding & Linens,Pinnacle,14.15,30.99,SUP149,68,132,,True,2024-02-10,Seasonal,4016.56,145,B,0,0,0
P00939,BEA-00939-6314,NorthPoint Deluxe Sunscreen SPF50,Beauty,Skincare,NorthPoint,2.26,3.99,SUP018,42,710,193.0,True,2025-03-13,Seasonal,753.11,204,C,0,0,0
P00940,HOM-00940-1486,Halcyon Series 2 Pillow 2-Pack,Home & Kitchen,Bedding & Linens,Halcyon,32.98,54.99,SUP159,12,176,,False,2024-02-26,Active,2880.25,58,B,0,0,1
P00941,HOM-00941-4052,Halcyon Advanced Closet Organizer,Home & Kitchen,Storage & Organization,Halcyon,24.6,46.99,SUP050,67,134,,False,2025-01-02,Active,4909.18,113,B,0,0,0
P00942,ELE-00942-3826,ClearPath Signature USB-C Hub,Electronics,Laptop Accessories,ClearPath,20.48,40.99,SUP008,18,167,,False,2025-11-16,Active,2119.05,55,B,0,0,0
P00943,BOO-00943-6094,Palisade Lite Illustrated Novel,Books,Comics & Graphic Novels,Palisade,3.05,5.99,SUP194,3,402,,False,2024-10-09,Active,3579.26,648,B,1,0,0
P00944,BOO-00944-2404,Ironclad X200 Manga Box Set,Books,Comics & Graphic Novels,Ironclad,4.88,7.99,SUP028,43,367,,False,2026-03-26,Active,664.29,92,C,0,0,0
P00945,SPO-00945-1340,BlueStone Signature Meditation Cushion,Sports,Yoga & Wellness,BlueStone,8.31,19.99,SUP022,55,183,,False,2024-01-14,Active,1133.06,61,C,0,0,0
P00946,TOY-00946-4067,Trailhaven X200 Alphabet Learning Set,Toys,Educational Toys,Trailhaven,9.31,22.99,SUP053,14,256,,False,2025-10-09,Active,3079.4,143,B,0,0,0
P00947,GRO-00947-1214,Comet Everyday Rice 5lb Bag,Grocery,Pantry Staples,Comet,1.69,2.99,SUP028,49,656,409.0,False,2025-04-04,Active,337.43,121,C,0,0,0
P00948,PER-00948-7339,Meridian Compact Razor Set,Personal Care,Shaving & Grooming,Meridian,4.39,6.99,SUP171,59,335,263.0,False,2024-08-08,Active,4079.86,634,B,1,0,0
P00949,SPO-00949-9134,Brightline Compact Resistance Bands Set,Sports,Fitness Equipment,Brightline,282.05,523.99,SUP068,35,54,,False,2025-01-27,Active,71330.12,145,A,0,0,1
P00950,TOY-00950-7166,Meridian Pro Construction Blocks,Toys,Building Sets,Meridian,9.37,17.99,SUP190,50,247,,False,2024-09-03,Active,1790.65,111,C,0,0,0
P00951,SPO-00951-3576,Vertex Pro Hiking Backpack,Sports,Outdoor Recreation,Vertex,6.24,9.99,SUP159,13,231,,False,2025-07-19,Active,4699.92,513,B,1,0,0
P00952,GRO-00952-7357,Halcyon Pro Pasta Variety Pack,Grocery,Pantry Staples,Halcyon,4.22,7.99,SUP096,8,499,518.0,False,2026-05-26,Active,798.7,109,C,0,0,0
P00953,GRO-00953-8231,Foundry Signature Trail Mix,Grocery,Snacks,Foundry,2.48,3.99,SUP043,20,383,260.0,True,2025-04-02,Discontinued,3.7,1,C,0,1,0
P00954,BEA-00954-9042,Norwell Premium Eau de Parfum,Beauty,Fragrances,Norwell,8.23,17.99,SUP191,38,183,76.0,False,2025-09-30,Active,5276.57,312,B,1,0,0
P00955,ELE-00955-5646,Kestrel Signature Video Doorbell,Electronics,Smart Home Devices,Kestrel,33.51,62.99,SUP156,20,117,,False,2025-07-11,Active,222.94,4,C,0,1,0
P00956,BEA-00956-4626,Driftwood Everyday Plus Lipstick Set,Beauty,Makeup,Driftwood,8.31,15.99,SUP210,25,355,356.0,False,2026-01-24,Active,0.0,0,C,0,1,0
P00957,ELE-00957-1677,Ostrom Pro Phone Case,Electronics,Mobile Accessories,Ostrom,15.98,34.99,SUP150,42,274,,False,2025-05-28,Active,8913.04,273,A,1,0,0
P00958,ELE-00958-5122,Driftwood Everyday Plus Phone Case,Electronics,Mobile Accessories,Driftwood,29.78,62.99,SUP241,26,159,,False,2025-02-11,Active,13327.63,232,A,0,0,0
P00959,PER-00959-1564,Harborlight Deluxe Smart Scale,Personal Care,Health Monitoring,Harborlight,10.98,23.99,SUP159,15,325,187.0,False,2024-04-18,Active,2093.51,95,B,0,0,1
P00960,SPO-00960-4437,Ironclad Compact Massage Roller,Sports,Yoga & Wellness,Ironclad,25.22,49.99,SUP245,16,163,,False,2025-12-09,Active,29409.14,627,A,1,0,0
P00961,CLO-00961-1558,ClearPath Elite Ankle Boots,Clothing,Footwear,ClearPath,3.37,7.99,SUP159,14,341,,False,2026-03-29,Active,1009.96,138,C,0,0,0
P00962,GRO-00962-4381,Lumino Essential Olive Oil,Grocery,Pantry Staples,Lumino,2.44,3.99,SUP286,38,586,309.0,False,2026-06-13,Active,217.38,58,C,0,0,0
P00963,CLO-00963-5521,Trailhaven Elite Ankle Boots,Clothing,Footwear,Trailhaven,5.15,9.99,SUP258,40,442,,False,2025-10-27,Active,3467.88,376,B,1,0,0
P00964,AUT-00964-4041,UrbanNest Ultra Dash Cam,Automotive,Car Electronics,UrbanNest,13.01,25.99,SUP062,37,140,,False,2024-11-21,Active,966.56,40,C,0,1,0
P00965,SPO-00965-4002,Norwell Pro Resistance Bands Set,Sports,Fitness Equipment,Norwell,6.58,13.99,SUP211,25,299,,False,2025-10-03,Active,1181.06,89,C,0,0,0
P00966,BOO-00966-7638,Halcyon Everyday Plus Comic Anthology,Books,Comics & Graphic Novels,Halcyon,6.58,11.99,SUP028,50,207,,False,2024-10-19,Active,1226.09,109,C,0,0,0
P00967,CLO-00967-9800,NorthPoint Pro Toddler Joggers,Clothing,Kids' Apparel,NorthPoint,13.65,28.99,SUP274,22,196,,False,2026-03-30,Active,4359.21,160,B,0,0,0
P00968,GRO-00968-3344,Brightline Max Pancake Mix,Grocery,Breakfast Foods,Brightline,10.26,16.99,SUP088,47,265,483.0,False,2024-02-09,Active,652.42,41,C,0,1,1
P00969,SPO-00969-1967,Vertex Premium Foam Roller,Sports,Fitness Equipment,Vertex,23.58,45.99,SUP139,12,189,,False,2026-03-30,Active,1430.51,34,C,0,1,0
P00970,PER-00970-1314,BlueStone Everyday Body Wipes,Personal Care,Personal Hygiene,BlueStone,5.49,10.99,SUP008,16,311,397.0,False,2025-11-03,Active,554.91,54,C,0,0,0
P00971,BEA-00971-4570,Vaultis Ultra Body Mist,Beauty,Fragrances,Vaultis,2.04,3.99,SUP260,8,414,254.0,False,2026-03-21,Active,163.02,45,C,0,0,0
P00972,BEA-00972-5464,Silverpine Advanced Fragrance Gift Set,Beauty,Fragrances,Silverpine,9.69,22.99,SUP275,4,259,237.0,False,2024-08-07,Active,21093.45,996,A,1,0,0
P00973,BEA-00973-1125,Halcyon Classic Styling Cream,Beauty,Haircare,Halcyon,15.81,41.99,SUP137,49,135,153.0,False,2025-04-08,Active,1377.35,36,C,0,1,1
P00974,BEA-00974-5492,Cedarwood Ultra Cologne,Beauty,Fragrances,Cedarwood,6.34,14.99,SUP042,20,215,467.0,False,2024-08-19,Active,1874.12,134,C,0,0,0
P00975,PER-00975-6523,Quinley Pro Multivitamin Bottle,Personal Care,Vitamins & Supplements,Quinley,7.84,14.99,SUP196,32,350,274.0,False,2025-10-10,Active,130.52,9,C,0,1,0
P00976,SPO-00976-5169,Ashford Ultra Soccer Ball,Sports,Team Sports Gear,Ashford,41.88,74.99,SUP075,27,127,,False,2025-07-30,Active,159233.78,2296,A,1,0,1
P00977,GRO-00977-1850,Comet Deluxe Popcorn Variety Pack,Grocery,Snacks,Comet,3.93,5.99,SUP286,38,438,114.0,False,2025-09-22,Discontinued,0.0,0,C,0,1,0
P00978,BEA-00978-5077,Timbercrest Everyday Plus Eyeshadow Palette,Beauty,Makeup,Timbercrest,7.7,21.99,SUP079,18,211,129.0,False,2025-11-04,Active,641.31,33,C,0,1,0
P00979,BEA-00979-7125,Sunneva Elite Lipstick Set,Beauty,Makeup,Sunneva,11.02,31.99,SUP161,36,329,239.0,False,2024-02-11,Active,2075.61,72,B,0,0,0
P00980,ELE-00980-5419,Solstice X200 Video Doorbell,Electronics,Smart Home Devices,Solstice,209.68,329.99,SUP012,24,63,,False,2025-01-06,Active,3710.41,12,B,0,1,1
P00981,CLO-00981-7468,Quinley Elite Canvas Sneakers,Clothing,Footwear,Quinley,4.62,12.99,SUP294,38,505,,False,2024-08-18,Active,2191.39,178,B,0,0,0
P00982,TOY-00982-9536,Meridian Classic Water Blaster,Toys,Outdoor Play,Meridian,9.66,14.99,SUP162,58,163,,False,2026-05-11,Active,137.89,10,C,0,1,0
P00983,SPO-00983-9873,Glacier Ultra Foam Roller,Sports,Fitness Equipment,Glacier,18.68,35.99,SUP290,35,115,,False,2025-04-27,Active,16445.42,486,A,1,0,0
P00984,HOM-00984-3244,Kestrel Deluxe Nonstick Frying Pan,Home & Kitchen,Cookware,Kestrel,24.16,43.99,SUP077,24,153,,False,2024-05-27,Active,10972.46,270,A,1,0,0
P00985,SPO-00985-2990,Norwell Classic Yoga Towel,Sports,Yoga & Wellness,Norwell,41.56,78.99,SUP158,24,95,,False,2024-12-23,Active,3655.88,50,B,0,0,1
P00986,SPO-00986-2628,Fernwood Compact Yoga Towel,Sports,Yoga & Wellness,Fernwood,12.68,28.99,SUP008,18,193,,False,2025-04-25,Active,844.31,31,C,0,1,0
P00987,GRO-00987-6907,Glacier Compact Pasta Sauce Jar,Grocery,Condiments & Sauces,Glacier,3.26,4.99,SUP223,19,558,436.0,False,2024-10-23,Discontinued,13.0,3,C,0,1,0
P00988,BOO-00988-6371,Quinley Essential Illustrated Novel,Books,Comics & Graphic Novels,Quinley,5.14,8.99,SUP034,56,506,,False,2025-07-17,Active,952.15,115,C,0,0,0
P00989,BOO-00989-3751,Willowbrook Classic Illustrated Novel,Books,Comics & Graphic Novels,Willowbrook,8.31,15.99,SUP115,40,308,,False,2025-12-02,Discontinued,14.81,1,C,0,1,1
P00990,AUT-00990-2425,Novara Compact Seat Cover Set,Automotive,Interior Accessories,Novara,19.32,33.99,SUP190,57,106,,True,2025-07-17,Discontinued,0.0,0,C,0,1,0
P00991,HOM-00991-3739,Rockridge Everyday Nonstick Frying Pan,Home & Kitchen,Cookware,Rockridge,17.84,27.99,SUP022,55,113,,False,2025-06-11,Active,10550.18,404,A,1,0,0
P00992,HOM-00992-2385,Vaultis Pro Stand Mixer,Home & Kitchen,Small Appliances,Vaultis,6.96,11.99,SUP231,17,240,,False,2025-08-22,Active,2431.04,221,B,0,0,0
P00993,CLO-00993-8708,Copperfield Premium Crew Neck Tee 3-Pack,Clothing,Men's Apparel,Copperfield,6.64,12.99,SUP242,9,185,,False,2024-09-19,Active,1980.96,167,C,0,0,0
P00994,ELE-00994-5355,Norwell Classic GPS Running Watch,Electronics,Wearable Tech,Norwell,93.54,196.99,SUP159,14,52,,False,2025-08-01,Active,19086.69,104,A,0,0,1
P00995,BEA-00995-9012,Pinnacle Elite Cologne,Beauty,Fragrances,Pinnacle,10.05,27.99,SUP171,57,157,277.0,False,2024-02-16,Active,1497.35,57,C,0,0,0
P00996,TOY-00996-9021,Willowbrook Everyday Plus Strategy Game,Toys,Board Games & Puzzles,Willowbrook,3.49,6.99,SUP022,49,369,,False,2025-12-23,Active,1156.68,175,C,0,0,0
P00997,HOM-00997-3420,Vanture X200 Wall Art Set,Home & Kitchen,Home Decor,Vanture,2.09,3.99,SUP121,12,369,,False,2024-12-12,Active,1383.03,367,C,1,0,0
P00998,BEA-00998-2034,Vanture Classic Shampoo & Conditioner Set,Beauty,Haircare,Vanture,2.3,6.99,SUP253,61,775,512.0,False,2026-01-12,Active,3017.7,471,B,1,0,0
P00999,PER-00999-6384,Crestmark Premium Probiotic Capsules,Personal Care,Vitamins & Supplements,Crestmark,3.19,6.99,SUP022,58,488,268.0,False,2024-08-19,Active,1612.4,241,C,0,0,0
P01000,CLO-01000-2215,Rockridge Everyday Plus Cardigan,Clothing,Women's Apparel,Rockridge,10.61,26.99,SUP294,32,324,,False,2026-06-10,Active,13269.01,531,A,1,0,0
P01001,CLO-01001-7661,Cedarwood Lite Wrap Dress,Clothing,Women's Apparel,Cedarwood,12.33,22.99,SUP144,20,262,,False,2025-04-19,Active,2372.04,113,B,0,0,0
P01002,CLO-01002-7113,Silverpine Essential Compression Shorts,Clothing,Activewear,Silverpine,4.55,7.99,SUP008,20,380,,False,2026-05-07,Discontinued,0.0,0,C,0,1,0
P01003,HOM-01003-4053,Halcyon Everyday Plus Storage Bin Set,Home & Kitchen,Storage & Organization,Halcyon,50.68,79.99,SUP086,53,102,,False,2024-09-23,Active,26744.25,367,A,1,0,1
P01004,HOM-01004-5547,Cedarwood Essential Comforter,Home & Kitchen,Bedding & Linens,Cedarwood,11.1,17.99,SUP149,54,287,,False,2025-04-19,Active,1454.83,90,C,0,0,0
P01005,SPO-01005-2385,Comet Elite Resistance Bands Set,Sports,Fitness Equipment,Comet,3.18,6.99,SUP285,23,406,,False,2025-10-13,Active,342.95,52,C,0,0,0
P01006,BEA-01006-3083,Ostrom Classic Eyeshadow Palette,Beauty,Makeup,Ostrom,3.92,11.99,SUP201,13,439,502.0,True,2025-10-05,Seasonal,3448.47,307,B,1,0,0
P01007,GRO-01007-8346,Novara Series 2 Hot Sauce Set,Grocery,Condiments & Sauces,Novara,3.84,6.99,SUP164,23,291,371.0,True,2024-08-18,Seasonal,973.34,152,C,0,0,0
P01008,ELE-01008-4241,Ironclad Pro Fitness Tracker,Electronics,Wearable Tech,Ironclad,48.29,77.99,SUP290,29,134,,False,2025-01-02,Discontinued,222.25,3,C,0,1,0
P01009,AUT-01009-5706,Vaultis X200 Wheel Cleaner,Automotive,Tire & Wheel Care,Vaultis,11.7,20.99,SUP075,23,200,,False,2024-07-28,Active,4423.5,228,B,0,0,0
P01010,ELE-01010-8314,Vanture Advanced Laptop Sleeve,Electronics,Laptop Accessories,Vanture,147.9,255.99,SUP103,24,42,,False,2025-08-16,Active,191510.88,808,A,1,0,1
P01011,TOY-01011-3499,Crestmark Pro Water Blaster,Toys,Outdoor Play,Crestmark,11.26,20.99,SUP220,53,289,,True,2025-01-13,Seasonal,2614.45,136,B,0,0,0
P01012,BEA-01012-5427,Willowbrook Everyday Plus Makeup Brush Set,Beauty,Makeup,Willowbrook,5.6,15.99,SUP171,45,229,468.0,False,2024-01-07,Active,1318.73,89,C,0,0,0
P01013,BOO-01013-1248,ClearPath Elite Short Story Collection,Books,Fiction,ClearPath,9.84,14.99,SUP052,52,357,,False,2024-09-23,Active,157.85,11,C,0,1,1
P01014,HOM-01014-2009,Vaultis X200 Cast Iron Skillet,Home & Kitchen,Cookware,Vaultis,4.08,9.99,SUP215,10,486,,False,2024-12-01,Active,22116.75,2378,A,1,0,0
P01015,HOM-01015-8719,Copperfield Premium Weighted Blanket,Home & Kitchen,Bedding & Linens,Copperfield,25.8,44.99,SUP068,29,183,,False,2025-05-26,Active,1783.3,43,C,0,0,0
P01016,CLO-01016-8294,Cedarwood Pro Compression Shorts,Clothing,Activewear,Cedarwood,11.09,17.99,SUP159,12,155,,False,2026-04-14,Active,140.15,8,C,0,1,0
P01017,SPO-01017-5003,Comet Deluxe Resistance Bands Set,Sports,Fitness Equipment,Comet,30.96,54.99,SUP258,41,145,,False,2026-06-15,Active,6099.89,121,B,0,0,0
P01018,HOM-01018-4746,Norwell Pro Wall Art Set,Home & Kitchen,Home Decor,Norwell,25.41,56.99,SUP068,33,91,,True,2025-09-07,Seasonal,20042.33,377,A,1,0,0
P01019,BEA-01019-5991,Vertex Pro Vitamin C Serum,Beauty,Skincare,Vertex,4.04,8.99,SUP218,51,358,74.0,False,2026-04-04,Active,6142.39,735,B,1,0,0
P01020,BEA-01020-5654,Vaultis Everyday Shampoo & Conditioner Set,Beauty,Haircare,Vaultis,20.63,38.99,SUP258,37,204,356.0,False,2024-01-16,Active,2015.59,55,C,0,0,1
P01021,HOM-01021-2207,UrbanNest Lite Coffee Maker,Home & Kitchen,Small Appliances,UrbanNest,33.59,49.99,SUP080,5,99,,False,2026-02-23,Active,2442.71,53,B,0,0,1
P01022,CLO-01022-2507,Lumino Signature Kids Rain Jacket,Clothing,Kids' Apparel,Lumino,13.45,32.99,SUP043,16,254,,False,2025-04-21,Active,2477.83,78,B,0,0,0
P01023,HOM-01023-1744,Sunneva Lite Comforter,Home & Kitchen,Bedding & Linens,Sunneva,44.37,105.99,SUP259,19,117,,False,2024-12-05,Active,23932.85,241,A,0,0,1
P01024,CLO-01024-6372,Kestrel Deluxe Cardigan,Clothing,Women's Apparel,Kestrel,3.84,7.99,SUP134,25,584,,False,2024-11-29,Active,2134.12,288,B,1,0,0
P01025,ELE-01025-4203,Sunneva Lite Video Doorbell,Electronics,Smart Home Devices,Sunneva,17.42,36.99,SUP079,18,188,,False,2024-11-14,Active,6796.41,195,B,0,0,0
P01026,CLO-01026-6392,Amberfield Deluxe Kids Graphic Tee,Clothing,Kids' Apparel,Amberfield,11.72,29.99,SUP007,18,194,,False,2026-01-07,Active,9207.48,330,A,1,0,0
P01027,GRO-01027-3061,Timbercrest Premium Breakfast Bar Box,Grocery,Breakfast Foods,Timbercrest,5.93,9.99,SUP043,17,450,74.0,False,2025-02-22,Active,72.08,8,C,0,1,1
P01028,BEA-01028-4270,Willowbrook X200 Cleansing Foam,Beauty,Skincare,Willowbrook,11.52,30.99,SUP152,9,232,371.0,False,2024-04-14,Active,4631.37,158,B,0,0,0
P01029,BEA-01029-1308,Amberfield Everyday Cleansing Foam,Beauty,Skincare,Amberfield,3.4,9.99,SUP248,33,378,138.0,False,2026-04-01,Active,1745.66,189,C,0,0,0
P01030,PER-01030-4611,Cedarwood Everyday Plus Multivitamin Bottle,Personal Care,Vitamins & Supplements,Cedarwood,6.74,12.99,SUP150,38,294,301.0,True,2025-07-04,Seasonal,899.66,74,C,0,0,0
P01031,CLO-01031-2584,Meridian Essential Blouse,Clothing,Women's Apparel,Meridian,5.83,9.99,SUP068,34,327,,False,2024-12-22,Active,711.27,75,C,0,0,0
P01032,TOY-01032-9562,Solstice Max Counting Puzzle,Toys,Educational Toys,Solstice,16.05,35.99,SUP274,20,150,,False,2025-10-11,Active,3362.24,100,B,0,0,0
P01033,HOM-01033-6883,Vanture Essential Coffee Maker,Home & Kitchen,Small Appliances,Vanture,8.71,18.99,SUP102,18,346,,False,2024-11-16,Active,906.65,52,C,0,0,0
P01034,GRO-01034-5856,Ostrom Everyday Trail Mix,Grocery,Snacks,Ostrom,2.49,3.99,SUP032,48,699,365.0,False,2025-06-27,Active,17365.52,4693,A,1,0,0
P01035,ELE-01035-3257,UrbanNest Premium Lens Filter Set,Electronics,Cameras & Accessories,UrbanNest,344.26,559.99,SUP275,4,35,,False,2024-01-08,Active,162378.08,309,A,1,0,1
P01036,BEA-01036-3705,Foundry Compact Lipstick Set,Beauty,Makeup,Foundry,6.36,17.99,SUP114,8,192,210.0,False,2024-09-07,Active,8106.97,488,A,1,0,0
P01037,SPO-01037-9691,Willowbrook Ultra Bike Lock,Sports,Cycling,Willowbrook,18.65,35.99,SUP143,45,120,,False,2024-11-08,Active,2291.15,67,B,0,0,0
P01038,AUT-01038-2782,Sunneva Deluxe Trunk Organizer,Automotive,Interior Accessories,Sunneva,24.74,44.99,SUP248,40,156,,False,2025-12-24,Discontinued,45.72,1,C,0,1,0
P01039,CLO-01039-9106,ClearPath Elite School Uniform Set,Clothing,Kids' Apparel,ClearPath,10.95,25.99,SUP073,25,193,,False,2025-11-19,Active,1909.84,81,C,0,0,0
P01040,BOO-01040-8962,Palisade Max Graphic Novel Vol. 1,Books,Comics & Graphic Novels,Palisade,6.15,8.99,SUP158,22,285,,False,2025-12-24,Active,1051.32,123,C,0,0,0
P01041,HOM-01041-4111,Kestrel Everyday Plus Sheet Set,Home & Kitchen,Bedding & Linens,Kestrel,9.03,20.99,SUP259,21,277,,False,2025-03-12,Active,431.86,23,C,0,1,0
P01042,ELE-01042-2646,Norwell Signature Tripod Kit,Electronics,Cameras & Accessories,Norwell,24.18,38.99,SUP064,10,179,,False,2024-11-25,Active,10085.41,276,A,1,0,0
P01043,TOY-01043-8121,Brightline Series 2 Backyard Game Set,Toys,Outdoor Play,Brightline,1.94,3.99,SUP270,22,461,,False,2025-04-26,Active,2473.76,669,B,1,0,0
P01044,HOM-01044-9071,Palisade Everyday Nonstick Frying Pan,Home & Kitchen,Cookware,Palisade,14.08,27.99,SUP043,20,245,,False,2024-08-31,Active,626.37,26,C,0,1,0
P01045,ELE-01045-2617,Silverpine Lite Security Camera,Electronics,Smart Home Devices,Silverpine,222.17,426.99,SUP258,45,31,,False,2025-04-27,Active,8474.48,21,A,0,1,1
P01046,PER-01046-9268,Novara X200 Cotton Swabs Bulk,Personal Care,Personal Hygiene,Novara,5.49,7.99,SUP112,26,375,526.0,False,2025-08-28,Active,4351.99,589,B,1,0,0
P01047,PER-01047-5186,Pinnacle Classic Razor Set,Personal Care,Shaving & Grooming,Pinnacle,6.33,12.99,SUP159,13,376,365.0,False,2026-06-02,Active,2378.34,194,B,0,0,0
P01048,BOO-01048-7855,Silverpine Premium Reference Encyclopedia,Books,Educational & Reference,Silverpine,9.26,14.99,SUP159,14,219,,True,2024-12-01,Seasonal,320.28,23,C,0,1,1
P01049,BEA-01049-4861,BlueStone Everyday Body Lotion,Beauty,Bath & Body,BlueStone,16.3,40.99,SUP050,59,251,122.0,False,2024-04-13,Active,9329.49,244,A,0,0,1
P01050,AUT-01050-7307,Comet Signature License Plate Frame,Automotive,Exterior Accessories,Comet,69.69,121.99,SUP034,51,109,,False,2024-11-10,Discontinued,488.77,4,C,0,1,1
P01051,HOM-01051-8855,Novara X200 Stand Mixer,Home & Kitchen,Small Appliances,Novara,35.07,71.99,SUP204,19,170,,False,2026-01-23,Active,3445.73,51,B,0,0,1
P01052,BEA-01052-2882,Cedarwood Pro Bath Bomb Set,Beauty,Bath & Body,Cedarwood,4.7,12.99,SUP247,7,334,230.0,False,2025-02-14,Active,469.74,38,C,0,1,0
P01053,GRO-01053-4645,Aurelia Signature Olive Oil,Grocery,Pantry Staples,Aurelia,2.74,4.99,SUP028,53,714,146.0,False,2025-01-14,Active,324.86,69,C,0,0,0
P01054,PER-01054-5906,Sunneva Advanced Shaving Cream,Personal Care,Shaving & Grooming,Sunneva,18.61,26.99,SUP215,13,179,146.0,False,2025-02-21,Active,7421.68,295,B,1,0,1
P01055,PER-01055-2463,Meridian Elite Pulse Oximeter,Personal Care,Health Monitoring,Meridian,11.97,18.99,SUP084,49,194,523.0,True,2024-08-18,Seasonal,506.14,29,C,0,1,1
P01056,SPO-01056-2138,Silverpine Pro Team Jersey,Sports,Team Sports Gear,Silverpine,12.09,23.99,SUP171,61,254,,True,2026-01-26,Seasonal,5480.22,247,B,0,0,0
P01057,ELE-01057-7288,Meridian Deluxe Video Doorbell,Electronics,Smart Home Devices,Meridian,221.29,486.99,SUP159,14,62,,False,2025-09-04,Active,24004.05,53,A,0,0,1
P01058,CLO-01058-8399,Vaultis Series 2 Wrap Dress,Clothing,Women's Apparel,Vaultis,17.16,26.99,SUP215,12,253,,False,2026-05-18,Active,8803.96,350,A,1,0,1
P01059,HOM-01059-6763,BlueStone Signature Area Rug,Home & Kitchen,Home Decor,BlueStone,3.38,5.99,SUP159,15,361,,False,2024-03-30,Active,367.02,67,C,0,0,0
P01060,AUT-01060-6234,Lumino Classic Roof Rack,Automotive,Exterior Accessories,Lumino,22.27,41.99,SUP022,65,115,,True,2025-10-12,Seasonal,26278.31,665,A,1,0,0
P01061,HOM-01061-3897,Ashford Everyday Weighted Blanket,Home & Kitchen,Bedding & Linens,Ashford,20.14,36.99,SUP071,27,166,,False,2024-03-14,Active,8180.7,238,A,0,0,0
P01062,ELE-01062-8882,Trailhaven Advanced Soundbar,Electronics,Headphones & Audio,Trailhaven,7.55,11.99,SUP114,8,410,,False,2024-03-21,Active,2915.32,264,B,1,0,0
P01063,SPO-01063-7675,Norwell Pro Yoga Block Set,Sports,Yoga & Wellness,Norwell,12.82,23.99,SUP159,16,312,,False,2026-02-10,Active,3839.69,174,B,0,0,0
P01064,BEA-01064-5387,Meridian Signature Body Mist,Beauty,Fragrances,Meridian,13.41,34.99,SUP034,45,176,138.0,False,2024-11-04,Active,1720.01,54,C,0,0,1
P01065,AUT-01065-6761,Aurelia Max Steering Wheel Cover,Automotive,Interior Accessories,Aurelia,16.49,23.99,SUP084,45,122,,False,2024-10-15,Active,1742.46,76,C,0,0,0
P01066,ELE-01066-8093,Glacier Series 2 Soundbar,Electronics,Headphones & Audio,Glacier,137.06,266.99,SUP018,47,71,,False,2024-06-21,Active,17171.16,69,A,0,0,1
P01067,TOY-01067-2390,Timbercrest Premium Kickball Set,Toys,Outdoor Play,Timbercrest,3.52,8.99,SUP082,12,349,,False,2024-04-08,Active,223.39,26,C,0,1,0
P01068,ELE-01068-6087,Ostrom Max Wireless Charger,Electronics,Mobile Accessories,Ostrom,28.35,50.99,SUP152,11,108,,False,2025-08-27,Active,1499.9,32,C,0,1,0
P01069,ELE-01069-2818,Rockridge Lite Bluetooth Speaker,Electronics,Headphones & Audio,Rockridge,21.95,37.99,SUP274,18,199,,False,2025-04-22,Active,849.55,25,C,0,1,0
P01070,CLO-01070-4254,Fernwood Series 2 Running Shoes,Clothing,Footwear,Fernwood,8.74,15.99,SUP035,33,205,,True,2025-06-29,Seasonal,3008.35,204,B,0,0,0
P01071,HOM-01071-6959,Fernwood Premium Storage Bin Set,Home & Kitchen,Storage & Organization,Fernwood,38.31,82.99,SUP008,21,152,,True,2024-05-20,Seasonal,14581.45,192,A,0,0,1
P01072,BOO-01072-8229,Pinnacle Max Graphic Novel Vol. 1,Books,Comics & Graphic Novels,Pinnacle,3.26,4.99,SUP102,17,646,,False,2026-06-14,Active,3189.05,677,B,1,0,0
P01073,ELE-01073-6401,Rockridge Max Action Camera,Electronics,Cameras & Accessories,Rockridge,58.68,116.99,SUP171,55,68,,True,2024-01-08,Seasonal,5801.84,54,B,0,0,0
P01074,ELE-01074-9217,Timbercrest Max Tripod Kit,Electronics,Cameras & Accessories,Timbercrest,14.77,26.99,SUP171,55,214,,False,2025-02-12,Active,906.89,36,C,0,1,0
P01075,SPO-01075-1313,Aurelia Everyday Plus Yoga Towel,Sports,Yoga & Wellness,Aurelia,25.68,37.99,SUP088,40,178,,False,2025-04-20,Active,869.62,24,C,0,1,0
P01076,HOM-01076-2913,Vanture Advanced Electric Kettle,Home & Kitchen,Small Appliances,Vanture,37.07,53.99,SUP012,25,128,,False,2024-04-06,Active,4158.83,84,B,0,0,1
P01077,SPO-01077-3301,UrbanNest X200 Team Jersey,Sports,Team Sports Gear,UrbanNest,9.09,18.99,SUP274,18,364,,False,2025-06-11,Active,14390.21,806,A,1,0,0
P01078,TOY-01078-7559,Foundry Pro Model Kit,Toys,Building Sets,Foundry,20.42,39.99,SUP149,55,109,,True,2025-06-29,Seasonal,2876.35,76,B,0,0,1
P01079,ELE-01079-1834,Ironclad Premium Wireless Earbuds,Electronics,Headphones & Audio,Ironclad,57.5,116.99,SUP226,44,139,,False,2025-04-28,Active,10381.27,95,A,0,0,0
P01080,TOY-01080-2804,Copperfield Premium Vehicle Toy Set,Toys,Action Figures & Playsets,Copperfield,17.6,33.99,SUP114,8,197,,False,2024-11-30,Active,2775.74,87,B,0,0,1
P01081,GRO-01081-9765,Quinley Everyday Plus Pasta Sauce Jar,Grocery,Condiments & Sauces,Quinley,5.27,7.99,SUP248,32,274,301.0,False,2026-04-28,Active,1047.97,141,C,0,0,0
P01082,BEA-01082-4555,Trailhaven Pro Makeup Brush Set,Beauty,Makeup,Trailhaven,19.46,49.99,SUP231,19,197,71.0,False,2024-06-11,Active,11104.6,236,A,0,0,1
P01083,ELE-01083-5347,Sunneva Deluxe Car Mount,Electronics,Mobile Accessories,Sunneva,15.69,31.99,SUP022,50,227,,False,2025-11-09,Active,50649.25,1704,A,1,0,0
P01084,AUT-01084-9286,Novara Premium Roof Rack,Automotive,Exterior Accessories,Novara,7.64,10.99,SUP012,28,171,,False,2024-12-04,Active,3540.71,343,B,1,0,0
P01085,CLO-01085-5561,Quinley Everyday Plus Running Leggings,Clothing,Activewear,Quinley,19.79,45.99,SUP028,46,226,,False,2024-12-19,Active,6593.27,153,B,0,0,1
P01086,CLO-01086-2965,Willowbrook Premium Crew Neck Tee 3-Pack,Clothing,Men's Apparel,Willowbrook,18.05,28.99,SUP247,6,117,,False,2024-08-05,Active,2107.06,79,B,0,0,1
P01087,PER-01087-2318,Copperfield Max Blood Pressure Monitor,Personal Care,Health Monitoring,Copperfield,8.8,13.99,SUP068,33,207,296.0,False,2025-09-07,Active,1381.7,109,C,0,0,1
P01088,GRO-01088-3807,Solstice Everyday Popcorn Variety Pack,Grocery,Snacks,Solstice,1.59,2.99,SUP114,7,760,483.0,False,2024-06-28,Active,327.35,116,C,0,0,0
P01089,AUT-01089-5216,Ironclad Elite Tire Pressure Gauge,Automotive,Tools & Equipment,Ironclad,59.62,117.99,SUP164,21,118,,False,2024-12-05,Active,7991.82,72,A,0,0,1
P01090,SPO-01090-6576,Everline Signature Hiking Backpack,Sports,Outdoor Recreation,Everline,25.0,51.99,SUP180,16,173,,False,2025-03-17,Active,4805.3,98,B,0,0,0
P01091,PER-01091-9671,Harborlight Pro Probiotic Capsules,Personal Care,Vitamins & Supplements,Harborlight,8.87,14.99,SUP115,45,301,499.0,True,2024-01-09,Seasonal,2939.98,212,B,0,0,1
P01092,PER-01092-5010,Trailhaven Series 2 Protein Powder,Personal Care,Vitamins & Supplements,Trailhaven,3.17,6.99,SUP121,14,477,356.0,False,2026-01-08,Active,866.32,132,C,0,0,0
P01093,PER-01093-8783,Solstice Everyday Omega-3 Softgels,Personal Care,Vitamins & Supplements,Solstice,4.13,6.99,SUP084,53,420,336.0,False,2024-10-29,Active,587.42,90,C,0,0,0
P01094,HOM-01094-1109,Glacier Ultra Shelving Unit,Home & Kitchen,Storage & Organization,Glacier,32.04,46.99,SUP022,59,127,,False,2026-03-18,Active,4551.76,104,B,0,0,0
P01095,TOY-01095-5334,BlueStone Series 2 Alphabet Learning Set,Toys,Educational Toys,BlueStone,12.67,29.99,SUP028,51,181,,False,2025-08-14,Active,114.28,4,C,0,1,0
P01096,TOY-01096-4497,Aurelia X200 Action Figure,Toys,Action Figures & Playsets,Aurelia,5.78,12.99,SUP270,21,305,,False,2024-08-25,Active,4714.43,391,B,1,0,0
P01097,BOO-01097-8925,Harborlight Classic Atlas,Books,Educational & Reference,Harborlight,4.61,8.99,SUP290,37,518,,False,2025-08-26,Active,268.64,32,C,0,1,0
P01098,GRO-01098-9513,Harborlight Essential Breakfast Bar Box,Grocery,Breakfast Foods,Harborlight,6.33,8.99,SUP247,7,295,83.0,False,2025-02-12,Active,205.73,24,C,0,1,1
P01099,PER-01099-4794,Crestmark Series 2 Cotton Swabs Bulk,Personal Care,Personal Hygiene,Crestmark,2.18,3.99,SUP077,19,722,359.0,False,2025-03-19,Active,948.77,253,C,1,0,0
P01100,HOM-01100-9528,ClearPath Essential Drawer Dividers,Home & Kitchen,Storage & Organization,ClearPath,42.54,96.99,SUP035,30,126,,False,2026-02-07,Active,9540.75,104,A,0,0,1
P01101,CLO-01101-6511,Everline Series 2 Sandals,Clothing,Footwear,Everline,19.71,39.99,SUP152,9,134,,False,2025-08-07,Active,851.67,22,C,0,1,1
P01102,CLO-01102-4874,Fernwood Everyday Performance Tank,Clothing,Activewear,Fernwood,13.5,30.99,SUP022,65,152,,False,2026-06-20,Active,5369.6,187,B,0,0,0
P01103,HOM-01103-4440,Vanture Everyday Coffee Maker,Home & Kitchen,Small Appliances,Vanture,2.02,3.99,SUP274,21,417,,False,2026-04-26,Active,1694.07,457,C,1,0,0
P01104,SPO-01104-1094,Foundry Ultra Cycling Gloves,Sports,Cycling,Foundry,49.92,91.99,SUP220,59,105,,False,2026-02-14,Active,89508.8,1053,A,1,0,1
P01105,ELE-01105-7125,Brightline Series 2 GPS Running Watch,Electronics,Wearable Tech,Brightline,42.92,93.99,SUP290,33,85,,False,2025-02-28,Active,5242.6,59,B,0,0,0
P01106,SPO-01106-4354,Trailhaven Deluxe Cycling Gloves,Sports,Cycling,Trailhaven,104.7,231.99,SUP258,43,56,,False,2025-03-26,Active,11814.75,54,A,0,0,1
P01107,AUT-01107-7316,Ironclad Everyday Plus Car Charger,Automotive,Car Electronics,Ironclad,17.65,30.99,SUP115,46,241,,False,2026-03-15,Active,860.08,30,C,0,1,0
P01108,GRO-01108-4447,Ridgeline Everyday Plus BBQ Sauce,Grocery,Condiments & Sauces,Ridgeline,1.52,2.74,SUP080,5,713,67.0,True,2026-03-04,Seasonal,604.68,235,C,0,0,0
P01109,SPO-01109-1934,Novara Classic Shin Guards,Sports,Team Sports Gear,Novara,59.97,137.99,SUP250,44,82,,False,2024-12-03,Active,8878.4,69,A,0,0,1
P01110,HOM-01110-9115,Ashford Essential Nonstick Frying Pan,Home & Kitchen,Cookware,Ashford,66.07,140.99,SUP166,39,66,,False,2025-10-06,Active,30519.17,232,A,0,0,1
P01111,AUT-01111-9086,Copperfield Ultra Tire Shine Kit,Automotive,Tire & Wheel Care,Copperfield,16.98,26.99,SUP263,39,181,,False,2025-06-30,Active,1208.47,49,C,0,0,0
P01112,PER-01112-3876,BlueStone Premium Electric Toothbrush,Personal Care,Oral Care,BlueStone,2.56,5.99,SUP084,48,431,413.0,True,2024-04-13,Seasonal,1199.04,214,C,0,0,0
P01113,HOM-01113-3255,Aurelia Essential Coffee Maker,Home & Kitchen,Small Appliances,Aurelia,23.67,37.99,SUP159,13,96,,False,2024-04-22,Active,2796.24,81,B,0,0,0
P01114,SPO-01114-6372,ClearPath Ultra Hiking Backpack,Sports,Outdoor Recreation,ClearPath,20.85,44.99,SUP132,38,224,,True,2024-03-17,Discontinued,0.0,0,C,0,1,0
P01115,CLO-01115-7856,Ashford Elite Cardigan,Clothing,Women's Apparel,Ashford,22.77,55.99,SUP037,38,172,,False,2024-08-21,Active,12040.72,230,A,0,0,1
P01116,CLO-01116-5384,Amberfield Essential Kids Graphic Tee,Clothing,Kids' Apparel,Amberfield,13.31,32.99,SUP159,12,280,,True,2026-05-03,Seasonal,211.85,7,C,0,1,0
P01117,SPO-01117-9478,Fernwood Deluxe Camp Chair,Sports,Outdoor Recreation,Fernwood,22.62,50.99,SUP022,65,197,,False,2024-10-16,Active,4745.2,99,B,0,0,0
P01118,CLO-01118-5577,Ashford Series 2 Slim Fit Shirt,Clothing,Men's Apparel,Ashford,2.86,4.99,SUP102,19,297,,True,2026-04-23,Seasonal,475.78,103,C,0,0,0
P01119,BOO-01119-3638,Ashford Lite Literary Fiction Hardcover,Books,Fiction,Ashford,14.62,23.99,SUP159,13,234,,False,2025-02-05,Active,1581.39,69,C,0,0,1
P01120,HOM-01120-7333,BlueStone Series 2 Pillow 2-Pack,Home & Kitchen,Bedding & Linens,BlueStone,52.86,93.99,SUP028,53,71,,False,2025-02-22,Active,6543.21,76,B,0,0,1
P01121,BEA-01121-9775,BlueStone Max Styling Cream,Beauty,Haircare,BlueStone,17.31,28.99,SUP216,10,120,469.0,False,2024-08-21,Active,2325.91,85,B,0,0,1
P01122,AUT-01122-7028,Vaultis Signature Bluetooth Car Adapter,Automotive,Car Electronics,Vaultis,2.45,4.99,SUP043,19,330,,False,2025-08-26,Active,1223.26,264,C,1,0,0
P01123,ELE-01123-7967,Sunneva Series 2 Wireless Mouse,Electronics,Laptop Accessories,Sunneva,121.73,248.99,SUP211,21,84,,False,2025-06-21,Active,10409.51,45,A,0,0,1
P01124,BOO-01124-9952,Crestmark Lite Picture Book,Books,Children's Books,Crestmark,11.87,17.99,SUP008,19,246,,True,2024-10-04,Seasonal,41689.56,2515,A,1,0,1
P01125,HOM-01125-7600,Ridgeline Premium Comforter,Home & Kitchen,Bedding & Linens,Ridgeline,7.1,12.99,SUP195,46,380,,False,2025-12-16,Active,621.4,52,C,0,0,0
P01126,AUT-01126-8738,Aurelia Premium Wheel Cover Set,Automotive,Tire & Wheel Care,Aurelia,17.91,32.99,SUP115,44,207,,True,2025-10-01,Seasonal,825.28,26,C,0,1,0
P01127,CLO-01127-1953,Copperfield Essential Slim Fit Shirt,Clothing,Men's Apparel,Copperfield,5.51,8.99,SUP235,49,245,,False,2025-10-10,Active,169.95,19,C,0,1,0
P01128,BEA-01128-2554,Crestmark Premium Hair Mask,Beauty,Haircare,Crestmark,8.38,18.99,SUP159,11,307,209.0,False,2025-02-10,Active,4730.25,268,B,1,0,0
P01129,HOM-01129-5170,Timbercrest Lite Sheet Set,Home & Kitchen,Bedding & Linens,Timbercrest,4.47,8.99,SUP103,24,265,,False,2025-08-13,Active,101.69,13,C,0,1,0
P01130,BEA-01130-7999,BlueStone Series 2 Body Mist,Beauty,Fragrances,BlueStone,17.74,29.99,SUP188,22,115,379.0,False,2024-11-13,Discontinued,0.0,0,C,0,1,1
P01131,PER-01131-5260,Kestrel Signature Whitening Kit,Personal Care,Oral Care,Kestrel,3.22,6.99,SUP108,49,411,308.0,False,2026-06-30,Active,113.25,18,C,0,1,0
P01132,CLO-01132-8540,Norwell Compact Kids Graphic Tee,Clothing,Kids' Apparel,Norwell,8.51,16.99,SUP097,41,183,,False,2025-02-05,Active,3630.26,229,B,0,0,0
P01133,CLO-01133-9054,Foundry Series 2 Training Jacket,Clothing,Activewear,Foundry,9.34,16.99,SUP115,40,312,,False,2024-09-06,Active,10362.74,653,A,1,0,0
P01134,TOY-01134-3824,Palisade Compact Sidewalk Chalk Set,Toys,Outdoor Play,Palisade,17.68,31.99,SUP204,20,204,,False,2025-02-19,Active,463.74,16,C,0,1,1
P01135,BEA-01135-5412,Vaultis Advanced Body Wash,Beauty,Bath & Body,Vaultis,5.13,8.99,SUP171,50,426,353.0,False,2026-05-08,Active,1556.88,189,C,0,0,0
P01136,BEA-01136-7776,Ridgeline Everyday Body Wash,Beauty,Bath & Body,Ridgeline,42.1,99.99,SUP274,22,156,203.0,False,2026-05-09,Active,0.0,0,C,0,1,1
P01137,GRO-01137-4471,Brightline Essential Granola Bites,Grocery,Snacks,Brightline,3.21,4.99,SUP001,10,421,116.0,False,2024-11-20,Discontinued,9.78,2,C,0,1,0
P01138,HOM-01138-1452,Amberfield Max Pillow 2-Pack,Home & Kitchen,Bedding & Linens,Amberfield,75.88,168.99,SUP031,21,88,,False,2026-03-18,Active,18525.26,116,A,0,0,1
P01139,SPO-01139-4818,Ironclad Deluxe Shin Guards,Sports,Team Sports Gear,Ironclad,12.93,23.99,SUP148,26,198,,False,2024-10-05,Active,1847.44,87,C,0,0,0
P01140,AUT-01140-7613,Timbercrest Classic Wheel Cleaner,Automotive,Tire & Wheel Care,Timbercrest,14.0,20.99,SUP190,52,147,,False,2024-06-26,Active,6580.58,336,B,1,0,0
P01141,PER-01141-9672,Aurelia Essential Grooming Kit,Personal Care,Shaving & Grooming,Aurelia,5.38,10.99,SUP022,58,464,512.0,False,2024-07-21,Active,0.0,0,C,0,1,0
P01142,AUT-01142-2940,Norwell Elite Tire Shine Kit,Automotive,Tire & Wheel Care,Norwell,3.88,6.99,SUP075,24,457,,False,2024-09-10,Active,470.17,72,C,0,0,0
P01143,BEA-01143-6523,Rockridge Everyday Hair Mask,Beauty,Haircare,Rockridge,8.75,14.99,SUP294,33,304,267.0,False,2024-09-23,Active,2061.08,148,B,0,0,0
P01144,GRO-01144-6415,Glacier Everyday Herbal Tea Sampler,Grocery,Beverages,Glacier,1.52,2.99,SUP084,49,570,300.0,True,2024-09-30,Seasonal,533.29,198,C,0,0,0
P01145,BOO-01145-5482,Halcyon Compact Study Guide,Books,Educational & Reference,Halcyon,2.79,4.99,SUP103,21,660,,False,2024-12-15,Active,1283.86,271,C,1,0,0
P01146,PER-01146-8851,Vanture Compact Hand Sanitizer 3-Pack,Personal Care,Personal Hygiene,Vanture,2.62,5.99,SUP056,8,538,108.0,False,2024-01-11,Active,763.68,138,C,0,0,0
P01147,SPO-01147-7874,Ridgeline X200 Team Jersey,Sports,Team Sports Gear,Ridgeline,12.23,27.99,SUP008,19,144,,False,2024-12-10,Active,582.09,22,C,0,1,0
P01148,CLO-01148-1474,Ridgeline Deluxe Blouse,Clothing,Women's Apparel,Ridgeline,13.04,24.99,SUP073,20,187,,False,2025-04-28,Active,412.9,18,C,0,1,0
P01149,SPO-01149-3527,Ashford Compact Shin Guards,Sports,Team Sports Gear,Ashford,38.14,85.99,SUP031,26,118,,False,2024-12-31,Active,131960.92,1666,A,1,0,1
P01150,TOY-01150-1247,Ostrom Essential Counting Puzzle,Toys,Educational Toys,Ostrom,3.81,8.99,SUP104,23,372,,False,2025-03-16,Discontinued,0.0,0,C,0,1,0
P01151,PER-01151-8697,Everline Deluxe Razor Set,Personal Care,Shaving & Grooming,Everline,5.35,10.99,SUP055,12,241,182.0,False,2024-07-24,Active,141.15,15,C,0,1,0
P01152,TOY-01152-5642,ClearPath Advanced Strategy Game,Toys,Board Games & Puzzles,ClearPath,8.94,18.99,SUP115,43,231,,False,2024-04-23,Active,4388.92,252,B,0,0,0
P01153,BEA-01153-6607,Comet Essential Lipstick Set,Beauty,Makeup,Comet,16.49,47.99,SUP068,28,111,518.0,True,2026-04-01,Seasonal,1047.0,24,C,0,1,1
P01154,GRO-01154-2901,Vaultis Series 2 Breakfast Bar Box,Grocery,Breakfast Foods,Vaultis,2.05,3.99,SUP274,19,460,448.0,False,2026-06-22,Active,4784.39,1292,B,1,0,0
P01155,CLO-01155-3378,Vanture Signature Wrap Dress,Clothing,Women's Apparel,Vanture,5.45,10.99,SUP075,24,399,,True,2025-01-06,Seasonal,49160.37,4822,A,1,0,0
P01156,GRO-01156-3381,Vertex Everyday Hot Sauce Set,Grocery,Condiments & Sauces,Vertex,7.49,9.99,SUP042,19,310,305.0,False,2025-11-25,Active,366.51,40,C,0,1,1
P01157,PER-01157-1877,Everline Premium Body Wipes,Personal Care,Personal Hygiene,Everline,4.99,9.99,SUP218,54,334,447.0,False,2024-05-08,Active,1410.21,154,C,0,0,0
P01158,CLO-01158-4612,Crestmark Essential Ankle Boots,Clothing,Footwear,Crestmark,44.99,90.99,SUP245,16,156,,False,2024-06-15,Active,0.0,0,C,0,1,1
P01159,CLO-01159-5521,Copperfield Everyday Plus Running Shoes,Clothing,Footwear,Copperfield,9.24,20.99,SUP159,16,163,,False,2025-04-19,Active,8287.41,424,A,1,0,0
P01160,GRO-01160-7584,Norwell Classic Cereal Box,Grocery,Breakfast Foods,Norwell,6.52,8.99,SUP088,46,362,85.0,False,2025-10-05,Active,24.05,3,C,0,1,1
P01161,BOO-01161-7861,Comet Compact Short Story Collection,Books,Fiction,Comet,4.92,7.99,SUP250,48,416,,False,2025-10-01,Active,88.94,12,C,0,1,0
P01162,CLO-01162-4324,Vertex Advanced Kids Rain Jacket,Clothing,Kids' Apparel,Vertex,9.92,14.99,SUP190,55,261,,False,2024-11-06,Active,1689.8,119,C,0,0,0
P01163,ELE-01163-3946,Norwell Advanced Car Mount,Electronics,Mobile Accessories,Norwell,51.82,72.99,SUP104,29,82,,False,2026-03-10,Active,14311.67,212,A,0,0,0
P01164,AUT-01164-1085,Foundry Elite Tire Pressure Gauge,Automotive,Tools & Equipment,Foundry,48.94,70.99,SUP109,37,107,,False,2025-07-31,Discontinued,345.64,5,C,0,1,1
P01165,GRO-01165-9666,Willowbrook Ultra Rice 5lb Bag,Grocery,Pantry Staples,Willowbrook,6.91,10.99,SUP003,8,305,486.0,False,2024-10-15,Active,389.8,38,C,0,1,1
P01166,BEA-01166-2624,NorthPoint Compact Lipstick Set,Beauty,Makeup,NorthPoint,5.74,12.99,SUP018,48,241,306.0,False,2025-03-05,Active,49.45,4,C,0,1,0
P01167,HOM-01167-5821,Meridian Signature Cookware Set,Home & Kitchen,Cookware,Meridian,8.66,19.99,SUP028,45,214,,False,2024-09-28,Active,1495.76,80,C,0,0,0
P01168,CLO-01168-6277,Foundry Signature Crew Neck Tee 3-Pack,Clothing,Men's Apparel,Foundry,6.03,11.99,SUP058,10,319,,False,2024-05-06,Active,387.67,35,C,0,1,0
P01169,SPO-01169-8655,Amberfield Everyday Foam Roller,Sports,Fitness Equipment,Amberfield,13.99,27.99,SUP274,19,189,,True,2024-01-06,Seasonal,1084.22,41,C,0,1,0
P01170,AUT-01170-2114,Norwell Premium Wheel Cleaner,Automotive,Tire & Wheel Care,Norwell,12.41,24.99,SUP247,6,155,,False,2025-02-23,Active,5405.92,233,B,0,0,0
P01171,ELE-01171-2113,Pinnacle Compact Security Camera,Electronics,Smart Home Devices,Pinnacle,26.47,53.99,SUP012,28,116,,False,2024-01-06,Active,7985.57,163,A,0,0,0
P01172,PER-01172-9955,Vaultis Premium Omega-3 Softgels,Personal Care,Vitamins & Supplements,Vaultis,2.77,4.99,SUP008,20,558,252.0,True,2026-05-27,Seasonal,1496.99,323,C,1,0,0
P01173,SPO-01173-5907,Pinnacle Advanced Massage Roller,Sports,Yoga & Wellness,Pinnacle,24.81,38.99,SUP164,27,182,,False,2026-03-11,Active,3233.36,88,B,0,0,0
P01174,GRO-01174-2633,Pinnacle Everyday Plus Breakfast Bar Box,Grocery,Breakfast Foods,Pinnacle,1.65,2.99,SUP102,19,836,372.0,False,2025-11-13,Active,955.35,343,C,1,0,0
P01175,HOM-01175-9800,Driftwood Elite Throw Pillow Set,Home & Kitchen,Home Decor,Driftwood,14.17,22.99,SUP241,25,218,,False,2025-11-15,Active,1997.47,92,C,0,0,0
P01176,GRO-01176-7329,Foundry Pro Rice 5lb Bag,Grocery,Pantry Staples,Foundry,2.06,3.99,SUP290,40,377,123.0,False,2025-07-25,Active,258.8,68,C,0,0,0
P01177,AUT-01177-4910,Crestmark Everyday Plus Tire Inflator,Automotive,Tire & Wheel Care,Crestmark,110.61,195.99,SUP148,24,52,,False,2025-10-30,Active,19756.46,112,A,0,0,1
P01178,GRO-01178-2849,Fernwood Everyday Plus Pasta Variety Pack,Grocery,Pantry Staples,Fernwood,4.42,6.99,SUP035,27,478,448.0,False,2026-02-08,Active,325.39,51,C,0,0,0
P01179,CLO-01179-8003,UrbanNest Advanced Training Jacket,Clothing,Activewear,UrbanNest,4.7,8.99,SUP270,24,317,,False,2025-04-12,Active,685.6,82,C,0,0,0
P01180,SPO-01180-7957,Amberfield Premium Bike Helmet,Sports,Cycling,Amberfield,8.02,12.99,SUP115,42,330,,False,2026-01-25,Active,7324.44,608,B,1,0,0
P01181,AUT-01181-7345,Crestmark Classic Tire Pressure Gauge,Automotive,Tools & Equipment,Crestmark,71.74,140.99,SUP115,45,97,,True,2024-08-04,Seasonal,21801.34,167,A,0,0,1
P01182,SPO-01182-7805,Quinley Advanced Massage Roller,Sports,Yoga & Wellness,Quinley,58.25,106.99,SUP201,16,98,,False,2026-03-21,Active,4666.66,48,B,0,0,1
P01183,TOY-01183-4067,Amberfield Deluxe Coding Robot Kit,Toys,Educational Toys,Amberfield,3.51,5.99,SUP102,14,380,,True,2025-10-06,Seasonal,3168.04,558,B,1,0,0
P01184,HOM-01184-8426,Silverpine X200 Drawer Dividers,Home & Kitchen,Storage & Organization,Silverpine,27.71,48.99,SUP055,14,93,,False,2024-04-09,Active,641.91,14,C,0,1,0
P01185,AUT-01185-8471,Brightline Classic Tire Inflator,Automotive,Tire & Wheel Care,Brightline,10.51,19.99,SUP215,11,297,,True,2024-06-14,Seasonal,1440.09,78,C,0,0,0
P01186,GRO-01186-1843,Everline Advanced Oatmeal Packets,Grocery,Breakfast Foods,Everline,5.44,7.99,SUP041,57,280,187.0,True,2024-04-28,Seasonal,208.71,27,C,0,1,1
P01187,ELE-01187-4983,Rockridge Premium GPS Running Watch,Electronics,Wearable Tech,Rockridge,59.58,113.99,SUP012,31,78,,False,2024-08-09,Active,6462.89,60,B,0,0,0
P01188,PER-01188-8564,Crestmark Elite Grooming Kit,Personal Care,Shaving & Grooming,Crestmark,13.67,22.99,SUP149,64,145,374.0,False,2025-12-29,Active,4795.33,223,B,0,0,1
P01189,HOM-01189-4460,Halcyon Everyday Plus Air Fryer,Home & Kitchen,Small Appliances,Halcyon,33.73,75.99,SUP011,31,156,,False,2026-01-23,Active,10953.76,154,A,0,0,1
P01190,HOM-01190-4075,Glacier X200 Storage Bin Set,Home & Kitchen,Storage & Organization,Glacier,43.07,64.99,SUP235,47,159,,False,2026-06-26,Active,9643.58,157,A,0,0,1
P01191,BOO-01191-6970,Foundry Essential Activity Book,Books,Children's Books,Foundry,5.27,8.99,SUP292,34,358,,False,2024-04-27,Active,920.56,110,C,0,0,0
P01192,GRO-01192-1876,UrbanNest Essential Trail Mix,Grocery,Snacks,UrbanNest,2.36,3.7,SUP276,37,498,140.0,False,2025-05-28,Active,329.99,97,C,0,0,0
P01193,HOM-01193-2923,ClearPath Lite Cast Iron Skillet,Home & Kitchen,Cookware,ClearPath,21.73,32.99,SUP028,45,169,,False,2026-01-19,Active,15441.15,507,A,1,0,0
P01194,BOO-01194-2748,Amberfield Advanced Study Guide,Books,Educational & Reference,Amberfield,5.97,8.99,SUP274,17,308,,False,2026-05-29,Discontinued,8.42,1,C,0,1,0
P01195,TOY-01195-9166,Solstice Pro Kickball Set,Toys,Outdoor Play,Solstice,8.76,17.99,SUP026,32,230,,False,2024-03-30,Active,864.81,50,C,0,0,0
P01196,TOY-01196-3153,Norwell Signature Strategy Game,Toys,Board Games & Puzzles,Norwell,4.37,10.99,SUP096,7,565,,False,2025-08-27,Active,2040.45,203,C,0,0,0
P01197,HOM-01197-1600,NorthPoint Classic Shelving Unit,Home & Kitchen,Storage & Organization,NorthPoint,7.82,14.99,SUP022,57,401,,False,2024-03-13,Active,14232.75,1024,A,1,0,0
P01198,CLO-01198-5715,Rockridge Deluxe Training Jacket,Clothing,Activewear,Rockridge,9.07,16.99,SUP247,5,298,,False,2024-03-18,Active,954.99,60,C,0,0,0
P01199,TOY-01199-9075,Ironclad Elite Alphabet Learning Set,Toys,Educational Toys,Ironclad,18.26,31.99,SUP052,52,108,,False,2026-01-31,Active,1383.27,47,C,0,0,1
P01200,HOM-01200-1587,Amberfield Series 2 Sheet Set,Home & Kitchen,Bedding & Linens,Amberfield,31.99,70.99,SUP188,24,120,,False,2026-04-24,Active,879.81,13,C,0,1,0
P01201,HOM-01201-5870,Sunneva Max Weighted Blanket,Home & Kitchen,Bedding & Linens,Sunneva,32.4,56.99,SUP218,60,99,,False,2024-06-18,Active,1437.6,28,C,0,1,1
P01202,ELE-01202-9810,Copperfield Everyday Screen Protector 2-Pack,Electronics,Mobile Accessories,Copperfield,10.32,14.99,SUP104,24,269,,False,2026-02-04,Active,6755.63,484,B,1,0,0
P01203,CLO-01203-7020,Ashford Essential Running Shoes,Clothing,Footwear,Ashford,10.18,25.99,SUP234,7,231,,False,2026-04-11,Active,19247.25,806,A,1,0,0
P01204,HOM-01204-6227,Kestrel Deluxe Weighted Blanket,Home & Kitchen,Bedding & Linens,Kestrel,4.25,6.99,SUP084,43,380,,False,2025-05-03,Active,742.87,115,C,0,0,0
P01205,SPO-01205-9613,Trailhaven Max Yoga Towel,Sports,Yoga & Wellness,Trailhaven,13.82,28.99,SUP028,59,291,,False,2024-06-05,Active,1446.06,57,C,0,0,0
P01206,PER-01206-1569,Vaultis Ultra Omega-3 Softgels,Personal Care,Vitamins & Supplements,Vaultis,2.47,4.99,SUP131,22,742,158.0,False,2025-11-09,Active,582.68,124,C,0,0,0
P01207,HOM-01207-9647,Quinley Advanced Closet Organizer,Home & Kitchen,Storage & Organization,Quinley,56.54,133.99,SUP204,20,79,,False,2025-05-15,Active,902.61,7,C,0,1,1
P01208,BOO-01208-2635,Driftwood Series 2 Bedtime Stories Collection,Books,Children's Books,Driftwood,8.79,16.99,SUP012,26,303,,False,2024-11-16,Active,5624.53,356,B,1,0,1
P01209,HOM-01209-8672,Halcyon Signature Coffee Maker,Home & Kitchen,Small Appliances,Halcyon,2.49,5.99,SUP242,7,721,,False,2026-02-28,Discontinued,8.49,2,C,0,1,0
P01210,ELE-01210-7770,Halcyon Series 2 Action Camera,Electronics,Cameras & Accessories,Halcyon,17.2,32.99,SUP064,11,264,,False,2025-07-15,Active,6283.16,205,B,0,0,0
P01211,TOY-01211-7873,Sunneva Classic Magnetic Tile Set,Toys,Building Sets,Sunneva,14.11,27.99,SUP193,36,256,,False,2024-08-29,Active,3243.29,125,B,0,0,0
P01212,BEA-01212-4602,Ostrom Lite Cleansing Foam,Beauty,Skincare,Ostrom,10.48,27.99,SUP026,37,163,260.0,False,2025-01-11,Active,6856.06,260,B,1,0,0
P01213,PER-01213-6121,ClearPath Deluxe Digital Thermometer,Personal Care,Health Monitoring,ClearPath,10.7,21.99,SUP108,53,284,428.0,False,2024-10-08,Active,1866.23,91,C,0,0,1
P01214,CLO-01214-5822,Norwell Essential Running Shoes,Clothing,Footwear,Norwell,9.34,17.99,SUP134,31,263,,False,2025-04-25,Active,2234.87,135,B,0,0,0
P01215,HOM-01215-3031,Kestrel Elite Cast Iron Skillet,Home & Kitchen,Cookware,Kestrel,41.58,85.99,SUP135,9,96,,False,2024-09-04,Active,10507.99,130,A,0,0,1
P01216,BEA-01216-9751,ClearPath Compact Vitamin C Serum,Beauty,Skincare,ClearPath,10.81,19.99,SUP068,30,327,379.0,False,2025-08-03,Active,5528.32,295,B,1,0,0
P01217,HOM-01217-4961,Pinnacle Signature Shelving Unit,Home & Kitchen,Storage & Organization,Pinnacle,10.94,22.99,SUP158,26,272,,False,2025-02-12,Active,29836.48,1406,A,1,0,0
P01218,AUT-01218-7672,Everline Deluxe Trunk Organizer,Automotive,Interior Accessories,Everline,68.88,135.99,SUP069,34,120,,False,2024-02-19,Discontinued,0.0,0,C,0,1,1
P01219,SPO-01219-6207,Timbercrest Elite Bike Lock,Sports,Cycling,Timbercrest,45.82,84.99,SUP034,55,70,,False,2024-01-06,Active,306.17,4,C,0,1,1
P01220,GRO-01220-1600,Sunneva Essential Coffee Pods Box,Grocery,Beverages,Sunneva,2.67,4.06,SUP028,52,656,227.0,False,2024-03-28,Active,71.54,19,C,0,1,0
P01221,CLO-01221-3190,UrbanNest Everyday Running Leggings,Clothing,Activewear,UrbanNest,34.51,58.99,SUP270,19,139,,False,2024-05-26,Discontinued,0.0,0,C,0,1,1
P01222,SPO-01222-9849,Willowbrook Advanced Camp Chair,Sports,Outdoor Recreation,Willowbrook,9.99,21.99,SUP028,43,212,,False,2024-03-16,Discontinued,0.0,0,C,0,1,0
P01223,TOY-01223-6422,Driftwood Everyday Playset,Toys,Action Figures & Playsets,Driftwood,6.32,11.99,SUP112,32,435,,False,2025-08-26,Active,360.64,33,C,0,1,0
P01224,ELE-01224-4154,Pinnacle Lite Car Mount,Electronics,Mobile Accessories,Pinnacle,24.85,49.99,SUP060,33,194,,False,2025-06-26,Active,2453.57,54,B,0,0,0
P01225,ELE-01225-6064,Quinley Everyday Fitness Tracker,Electronics,Wearable Tech,Quinley,74.3,112.99,SUP171,62,90,,False,2024-01-20,Active,22202.04,211,A,0,0,1
P01226,ELE-01226-5794,Timbercrest Deluxe Laptop Stand,Electronics,Laptop Accessories,Timbercrest,52.73,90.99,SUP089,34,144,,False,2025-01-11,Active,18053.85,210,A,0,0,0
P01227,BEA-01227-7461,Vaultis Series 2 Facial Moisturizer,Beauty,Skincare,Vaultis,3.86,10.99,SUP073,24,541,112.0,False,2024-09-24,Active,446.06,44,C,0,0,0
P01228,CLO-01228-9373,Solstice Pro Slim Fit Shirt,Clothing,Men's Apparel,Solstice,9.07,23.99,SUP290,30,262,,False,2025-04-01,Active,904.97,40,C,0,1,0
P01229,HOM-01229-6677,Kestrel Premium Nonstick Frying Pan,Home & Kitchen,Cookware,Kestrel,31.96,74.99,SUP297,51,83,,False,2025-06-17,Active,72856.94,1041,A,1,0,0
P01230,BEA-01230-2363,Fernwood Series 2 Fragrance Gift Set,Beauty,Fragrances,Fernwood,3.78,8.99,SUP028,51,477,390.0,False,2025-04-01,Active,1850.16,221,C,0,0,0
P01231,BEA-01231-8781,Kestrel Premium Styling Cream,Beauty,Haircare,Kestrel,6.4,15.99,SUP196,33,308,247.0,False,2024-12-29,Active,2361.46,157,B,0,0,0
P01232,ELE-01232-2220,Foundry Pro Security Camera,Electronics,Smart Home Devices,Foundry,59.24,107.99,SUP270,23,103,,False,2024-02-06,Active,10566.21,104,A,0,0,0
P01233,PER-01233-4776,Pinnacle Everyday Probiotic Capsules,Personal Care,Vitamins & Supplements,Pinnacle,1.5,2.99,SUP290,29,444,285.0,False,2025-12-23,Active,325.66,120,C,0,0,0
P01234,BOO-01234-3061,Lumino Elite Study Guide,Books,Educational & Reference,Lumino,11.33,19.99,SUP076,35,305,,False,2025-12-27,Active,21060.24,1142,A,1,0,1
P01235,BEA-01235-6188,Glacier Signature Cologne,Beauty,Fragrances,Glacier,16.02,40.99,SUP231,20,249,144.0,False,2026-02-22,Active,2026.42,53,C,0,0,1
P01236,CLO-01236-9494,UrbanNest Advanced Cardigan,Clothing,Women's Apparel,UrbanNest,9.35,18.99,SUP084,51,323,,False,2025-10-01,Active,2570.52,147,B,0,0,0
P01237,GRO-01237-6445,Fernwood Everyday Plus Popcorn Variety Pack,Grocery,Snacks,Fernwood,1.97,3.26,SUP171,53,774,368.0,False,2024-10-25,Active,31.45,10,C,0,1,0
P01238,AUT-01238-1099,Driftwood Pro Tire Inflator,Automotive,Tire & Wheel Care,Driftwood,85.58,137.99,SUP152,9,57,,False,2025-09-19,Discontinued,260.38,2,C,0,1,1
P01239,CLO-01239-4130,Brightline Pro Compression Shorts,Clothing,Activewear,Brightline,18.38,31.99,SUP201,16,185,,False,2026-04-02,Active,1694.36,57,C,0,0,1
P01240,CLO-01240-3139,Novara X200 Training Jacket,Clothing,Activewear,Novara,8.77,21.99,SUP274,17,335,,False,2024-02-01,Active,4105.11,204,B,0,0,0
P01241,PER-01241-6956,Aurelia Max Electric Toothbrush,Personal Care,Oral Care,Aurelia,5.03,10.99,SUP026,28,412,239.0,False,2025-04-07,Active,421.61,41,C,0,1,0
P01242,AUT-01242-4450,Cedarwood Lite Wheel Cover Set,Automotive,Tire & Wheel Care,Cedarwood,12.14,17.99,SUP052,64,233,,True,2025-08-17,Seasonal,2161.71,129,B,0,0,0
P01243,TOY-01243-3972,Ridgeline Advanced Action Figure,Toys,Action Figures & Playsets,Ridgeline,23.86,49.99,SUP164,21,139,,False,2026-06-17,Active,1230.27,26,C,0,1,1
P01244,HOM-01244-9484,Aurelia Everyday Plus Comforter,Home & Kitchen,Bedding & Linens,Aurelia,27.33,55.99,SUP097,48,167,,False,2025-04-01,Discontinued,0.0,0,C,0,1,0
P01245,HOM-01245-8000,NorthPoint Lite Electric Kettle,Home & Kitchen,Small Appliances,NorthPoint,17.64,38.99,SUP159,13,113,,True,2026-03-13,Seasonal,443.65,14,C,0,1,0
P01246,SPO-01246-5878,Willowbrook Compact Bike Helmet,Sports,Cycling,Willowbrook,9.55,19.99,SUP231,21,156,,False,2025-11-24,Active,2046.95,108,C,0,0,0
P01247,CLO-01247-9169,Ironclad Compact Kids Graphic Tee,Clothing,Kids' Apparel,Ironclad,14.95,35.99,SUP200,68,193,,False,2025-12-21,Active,4372.82,133,B,0,0,0
P01248,SPO-01248-7338,Harborlight Advanced Shin Guards,Sports,Team Sports Gear,Harborlight,56.19,88.99,SUP220,69,103,,False,2024-03-29,Active,4646.58,57,B,0,0,1
P01249,TOY-01249-3272,Ridgeline Lite Water Blaster,Toys,Outdoor Play,Ridgeline,4.64,11.99,SUP031,25,331,,True,2025-04-04,Discontinued,63.25,6,C,0,1,0
P01250,GRO-01250-4207,Willowbrook Max Cereal Box,Grocery,Breakfast Foods,Willowbrook,9.13,14.99,SUP009,25,310,350.0,True,2025-11-11,Seasonal,932.91,64,C,0,0,1
P01251,GRO-01251-6266,Aurelia Signature Oatmeal Packets,Grocery,Breakfast Foods,Aurelia,2.83,4.24,SUP261,54,699,292.0,False,2024-04-23,Active,230.75,58,C,0,0,0
P01252,CLO-01252-4188,Kestrel Compact Toddler Joggers,Clothing,Kids' Apparel,Kestrel,3.82,10.99,SUP121,13,295,,False,2026-05-27,Active,354.33,34,C,0,1,0
P01253,GRO-01253-8748,Timbercrest Essential Protein Bar Box,Grocery,Snacks,Timbercrest,3.73,6.99,SUP174,27,430,257.0,False,2025-09-16,Active,682.46,106,C,0,0,0
P01254,SPO-01254-4605,Quinley Ultra Yoga Towel,Sports,Yoga & Wellness,Quinley,10.67,16.99,SUP019,13,340,,False,2026-02-15,Active,21489.97,1370,A,1,0,0
P01255,TOY-01255-6256,Crestmark Lite Sidewalk Chalk Set,Toys,Outdoor Play,Crestmark,9.7,17.99,SUP202,36,361,,True,2025-07-31,Seasonal,978.76,58,C,0,0,0
P01256,CLO-01256-1544,Amberfield Essential Compression Shorts,Clothing,Activewear,Amberfield,3.84,10.99,SUP022,51,429,,False,2026-03-26,Discontinued,94.31,10,C,0,1,0
P01257,SPO-01257-4785,Halcyon Classic Camp Chair,Sports,Outdoor Recreation,Halcyon,4.79,9.99,SUP231,17,472,,False,2026-03-31,Active,11034.47,1183,A,1,0,0
P01258,CLO-01258-3730,Vanture Advanced Kids Rain Jacket,Clothing,Kids' Apparel,Vanture,10.93,26.99,SUP018,48,179,,False,2024-03-10,Active,10460.86,417,A,1,0,0
P01259,SPO-01259-7243,Vertex Classic Yoga Mat,Sports,Fitness Equipment,Vertex,7.51,12.99,SUP022,54,377,,True,2026-05-04,Seasonal,11538.99,952,A,1,0,0
P01260,HOM-01260-8920,Fernwood Classic Storage Bin Set,Home & Kitchen,Storage & Organization,Fernwood,26.07,48.99,SUP088,38,212,,False,2025-04-28,Active,4531.98,101,B,0,0,0
P01261,SPO-01261-4620,ClearPath Elite Yoga Mat,Sports,Fitness Equipment,ClearPath,37.65,84.99,SUP052,67,105,,False,2025-03-21,Discontinued,217.43,3,C,0,1,1
P01262,SPO-01262-1264,Pinnacle Signature Yoga Mat,Sports,Fitness Equipment,Pinnacle,34.69,75.99,SUP294,34,100,,True,2024-08-12,Seasonal,1035.07,14,C,0,1,0
P01263,GRO-01263-5304,Fernwood Pro Protein Bar Box,Grocery,Snacks,Fernwood,3.84,5.99,SUP121,16,291,317.0,False,2025-01-03,Active,2785.34,501,B,1,0,0
P01264,CLO-01264-4885,Silverpine Advanced Chino Pants,Clothing,Men's Apparel,Silverpine,8.38,14.99,SUP135,10,269,,False,2025-05-11,Active,13863.56,1004,A,1,0,0
P01265,AUT-01265-9933,Vaultis Essential Socket Wrench Set,Automotive,Tools & Equipment,Vaultis,7.93,16.99,SUP012,26,247,,False,2025-04-30,Active,589.96,38,C,0,1,0
P01266,HOM-01266-2455,Willowbrook Elite Shelving Unit,Home & Kitchen,Storage & Organization,Willowbrook,16.96,27.99,SUP146,42,191,,False,2025-10-06,Active,49.49,2,C,0,1,0
P01267,SPO-01267-4415,UrbanNest Premium Cycling Gloves,Sports,Cycling,UrbanNest,9.51,17.99,SUP018,49,267,,False,2025-09-11,Active,2354.14,142,B,0,0,0
P01268,PER-01268-1425,UrbanNest Essential Grooming Kit,Personal Care,Shaving & Grooming,UrbanNest,2.67,5.99,SUP171,60,692,163.0,False,2025-11-12,Discontinued,19.22,4,C,0,1,0
P01269,AUT-01269-9165,Halcyon Max Backup Camera,Automotive,Car Electronics,Halcyon,2.89,5.99,SUP294,40,671,,False,2025-06-11,Active,451.84,83,C,0,0,0
P01270,BEA-01270-7996,Driftwood Premium Shampoo & Conditioner Set,Beauty,Haircare,Driftwood,2.05,4.99,SUP084,43,578,425.0,True,2026-06-23,Seasonal,426.92,92,C,0,0,0
P01271,BOO-01271-7677,Everline Everyday Literary Fiction Hardcover,Books,Fiction,Everline,5.04,9.99,SUP244,31,455,,False,2026-03-12,Active,1385.88,147,C,0,0,0
P01272,PER-01272-6495,Brightline Essential Protein Powder,Personal Care,Vitamins & Supplements,Brightline,3.7,7.99,SUP288,39,463,133.0,False,2026-05-23,Discontinued,67.17,9,C,0,1,0
P01273,CLO-01273-4782,Brightline Everyday Running Shoes,Clothing,Footwear,Brightline,5.44,11.99,SUP290,34,426,,False,2025-10-22,Active,1827.56,163,C,0,0,0
P01274,ELE-01274-8033,Quinley Series 2 Smart Plug,Electronics,Smart Home Devices,Quinley,35.71,60.99,SUP215,12,149,,False,2024-08-13,Active,4212.73,74,B,0,0,0
P01275,ELE-01275-9118,Novara Elite Smart Plug,Electronics,Smart Home Devices,Novara,18.01,37.99,SUP261,59,237,,False,2026-05-29,Active,210.16,6,C,0,1,0
P01276,TOY-01276-2546,Silverpine Signature Kickball Set,Toys,Outdoor Play,Silverpine,6.1,14.99,SUP093,22,238,,False,2026-04-15,Active,2979.23,212,B,0,0,0
P01277,BEA-01277-2355,Vanture Compact Body Mist,Beauty,Fragrances,Vanture,5.73,13.99,SUP164,28,435,106.0,True,2024-09-27,Seasonal,794.1,59,C,0,0,0
P01278,HOM-01278-6758,Glacier Premium Table Lamp,Home & Kitchen,Home Decor,Glacier,32.17,71.99,SUP188,27,103,,False,2026-03-17,Active,946.44,15,C,0,1,0
P01279,GRO-01279-9581,Rockridge Pro Sports Drink Case,Grocery,Beverages,Rockridge,6.74,10.99,SUP052,66,368,536.0,True,2025-04-21,Discontinued,53.08,5,C,0,1,1
P01280,TOY-01280-6825,Trailhaven Advanced Strategy Game,Toys,Board Games & Puzzles,Trailhaven,18.06,43.99,SUP079,19,257,,False,2025-10-21,Active,3530.89,92,B,0,0,1
P01281,CLO-01281-7358,Novara Pro High-Waist Jeans,Clothing,Women's Apparel,Novara,10.93,18.99,SUP099,17,261,,False,2024-11-08,Active,1872.81,108,C,0,0,0
P01282,AUT-01282-3954,Willowbrook Series 2 Floor Mat Set,Automotive,Interior Accessories,Willowbrook,28.29,56.99,SUP019,15,192,,True,2024-08-22,Seasonal,9443.23,178,A,0,0,0
P01283,SPO-01283-5918,Norwell X200 Foam Roller,Sports,Fitness Equipment,Norwell,10.62,20.99,SUP127,36,313,,False,2025-01-01,Active,4268.08,216,B,0,0,0
P01284,PER-01284-2304,Kestrel Deluxe Protein Powder,Personal Care,Vitamins & Supplements,Kestrel,16.22,24.99,SUP231,20,229,124.0,False,2024-06-20,Active,603.36,27,C,0,1,1
P01285,AUT-01285-5027,Ashford Max Car Charger,Automotive,Car Electronics,Ashford,8.36,17.99,SUP179,24,179,,True,2024-05-08,Seasonal,53.1,3,C,0,1,0
P01286,GRO-01286-8942,Solstice Lite Sports Drink Case,Grocery,Beverages,Solstice,2.17,3.49,SUP171,54,350,378.0,False,2025-02-01,Active,345.08,109,C,0,0,0
P01287,SPO-01287-9368,Vertex Compact Foam Roller,Sports,Fitness Equipment,Vertex,32.2,69.99,SUP171,51,181,,False,2026-05-14,Active,13869.45,216,A,0,0,0
P01288,ELE-01288-6333,Silverpine Series 2 Smart Bulb Kit,Electronics,Smart Home Devices,Silverpine,139.67,208.99,SUP008,18,70,,True,2024-02-05,Seasonal,8965.92,49,A,0,0,1
P01289,PER-01289-8287,ClearPath Max Pulse Oximeter,Personal Care,Health Monitoring,ClearPath,4.45,7.99,SUP003,7,415,117.0,False,2024-10-25,Active,1502.08,204,C,0,0,0
P01290,GRO-01290-5064,Pinnacle Essential Pasta Variety Pack,Grocery,Pantry Staples,Pinnacle,6.98,9.99,SUP034,54,179,428.0,True,2024-09-15,Seasonal,350.02,38,C,0,1,1
P01291,SPO-01291-5945,Sunneva Signature Camping Tent,Sports,Outdoor Recreation,Sunneva,55.62,121.99,SUP274,20,67,,True,2024-07-08,Seasonal,4201.39,38,B,0,1,1
P01292,AUT-01292-4219,Cedarwood Max Car Cover,Automotive,Exterior Accessories,Cedarwood,29.06,52.99,SUP258,39,165,,False,2024-03-07,Active,1499.2,30,C,0,1,0
P01293,HOM-01293-8336,Vanture Essential Throw Pillow Set,Home & Kitchen,Home Decor,Vanture,104.4,217.99,SUP163,43,54,,True,2024-06-09,Seasonal,30447.64,152,A,0,0,1
P01294,AUT-01294-1459,Everline Series 2 Roof Rack,Automotive,Exterior Accessories,Everline,12.05,20.99,SUP106,11,202,,False,2025-04-23,Discontinued,38.0,2,C,0,1,0
P01295,ELE-01295-6027,Norwell Max Sleep Tracker Ring,Electronics,Wearable Tech,Norwell,19.53,39.99,SUP288,38,227,,False,2025-01-24,Active,76014.65,2056,A,1,0,0
P01296,BEA-01296-3754,Vaultis Classic Sunscreen SPF50,Beauty,Skincare,Vaultis,18.48,48.99,SUP019,14,155,86.0,False,2025-07-16,Active,1687.09,37,C,0,1,1
P01297,CLO-01297-7548,Foundry Everyday Wrap Dress,Clothing,Women's Apparel,Foundry,11.67,25.99,SUP022,65,238,,False,2026-02-19,Active,6610.17,273,B,1,0,0
P01298,BEA-01298-5748,Silverpine Advanced Styling Cream,Beauty,Haircare,Silverpine,3.12,8.99,SUP171,59,306,262.0,False,2024-04-11,Active,481.72,57,C,0,0,0
P01299,BOO-01299-6732,Glacier Pro Popular Science Paperback,Books,Non-Fiction,Glacier,8.21,14.99,SUP159,14,284,,False,2024-10-28,Active,7831.33,560,B,1,0,1
P01300,PER-01300-7508,Pinnacle Compact Water Flosser,Personal Care,Oral Care,Pinnacle,2.82,5.99,SUP294,32,607,485.0,False,2026-03-08,Active,3981.96,710,B,1,0,0
P01301,GRO-01301-2753,Silverpine Premium Baking Mix,Grocery,Pantry Staples,Silverpine,1.82,3.08,SUP241,23,500,349.0,False,2024-08-03,Active,265.42,91,C,0,0,0
P01302,CLO-01302-7984,Ashford Signature Denim Jacket,Clothing,Men's Apparel,Ashford,5.86,15.99,SUP274,17,366,,False,2024-03-29,Active,2998.12,208,B,0,0,0
P01303,AUT-01303-2957,Everline Everyday Tire Shine Kit,Automotive,Tire & Wheel Care,Everline,9.96,19.99,SUP210,21,275,,True,2024-08-06,Seasonal,11928.02,640,A,1,0,0
P01304,TOY-01304-6713,Halcyon Lite Counting Puzzle,Toys,Educational Toys,Halcyon,16.69,29.99,SUP274,19,245,,False,2024-12-27,Active,3451.75,123,B,0,0,0
P01305,ELE-01305-7496,Copperfield Max Smart Plug,Electronics,Smart Home Devices,Copperfield,53.36,107.99,SUP195,47,90,,False,2024-08-21,Discontinued,185.28,2,C,0,1,0
P01306,PER-01306-2012,Lumino Premium Whitening Kit,Personal Care,Oral Care,Lumino,7.33,10.99,SUP156,23,405,232.0,False,2025-04-01,Active,1443.89,140,C,0,0,0
P01307,ELE-01307-3522,Vertex X200 Smartwatch Band,Electronics,Wearable Tech,Vertex,33.09,57.99,SUP164,28,129,,False,2024-07-05,Active,2184.89,40,B,0,1,0
P01308,BOO-01308-2883,Timbercrest Advanced Illustrated Novel,Books,Comics & Graphic Novels,Timbercrest,6.63,10.99,SUP270,25,192,,False,2025-06-14,Active,859.88,84,C,0,0,0
P01309,CLO-01309-9039,BlueStone Compact School Uniform Set,Clothing,Kids' Apparel,BlueStone,6.76,10.99,SUP022,48,202,,True,2026-02-28,Seasonal,595.16,58,C,0,0,0
P01310,TOY-01310-3960,Rockridge Pro Vehicle Toy Set,Toys,Action Figures & Playsets,Rockridge,28.26,66.99,SUP159,13,195,,False,2024-10-18,Active,5556.28,91,B,0,0,1
P01311,HOM-01311-5790,Rockridge Compact Table Lamp,Home & Kitchen,Home Decor,Rockridge,6.22,10.99,SUP110,6,211,,False,2025-05-09,Discontinued,21.79,2,C,0,1,0
P01312,HOM-01312-4715,Novara Pro Area Rug,Home & Kitchen,Home Decor,Novara,1.5,3.99,SUP188,27,908,,True,2025-10-12,Seasonal,209.64,54,C,0,0,0
P01313,TOY-01313-2247,Meridian Elite Strategy Game,Toys,Board Games & Puzzles,Meridian,10.66,27.99,SUP171,53,349,,False,2024-03-01,Active,1029.69,40,C,0,1,0
P01314,HOM-01314-2636,Solstice Deluxe Drawer Dividers,Home & Kitchen,Storage & Organization,Solstice,13.03,28.99,SUP115,39,284,,False,2024-11-07,Active,1950.8,72,C,0,0,0
P01315,CLO-01315-7895,Vanture Signature Running Shoes,Clothing,Footwear,Vanture,11.73,30.99,SUP195,43,215,,False,2025-08-01,Active,175.29,6,C,0,1,0
P01316,SPO-01316-4376,Amberfield Classic Cycling Gloves,Sports,Cycling,Amberfield,17.14,32.99,SUP159,12,146,,False,2024-08-18,Active,1514.89,51,C,0,0,0
P01317,SPO-01317-7741,Crestmark Essential Basketball,Sports,Team Sports Gear,Crestmark,29.11,66.99,SUP042,16,101,,True,2025-01-10,Seasonal,14986.92,242,A,0,0,0
P01318,HOM-01318-8330,Vaultis Classic Coffee Maker,Home & Kitchen,Small Appliances,Vaultis,12.34,20.99,SUP174,24,202,,False,2025-02-17,Active,7110.22,367,B,1,0,0
P01319,GRO-01319-6856,Norwell Advanced Herbal Tea Sampler,Grocery,Beverages,Norwell,6.97,10.99,SUP008,17,309,115.0,False,2026-05-04,Discontinued,0.0,0,C,0,1,1
P01320,PER-01320-2546,Harborlight Lite Digital Thermometer,Personal Care,Health Monitoring,Harborlight,4.42,9.99,SUP247,7,392,428.0,False,2024-04-13,Active,313.02,35,C,0,1,0
P01321,BEA-01321-9179,Ashford Compact Hair Dryer,Beauty,Haircare,Ashford,17.77,36.99,SUP274,16,205,177.0,False,2025-08-01,Active,12326.97,365,A,1,0,1
P01322,ELE-01322-6436,Quinley Lite Smart Plug,Electronics,Smart Home Devices,Quinley,60.75,109.99,SUP020,7,118,,False,2026-05-31,Active,15012.84,144,A,0,0,0
P01323,HOM-01323-7714,Vanture Signature Closet Organizer,Home & Kitchen,Storage & Organization,Vanture,13.44,29.99,SUP064,13,155,,False,2026-04-05,Active,6436.19,232,B,0,0,0
P01324,GRO-01324-9353,Lumino Pro Granola Bites,Grocery,Snacks,Lumino,1.5,2.99,SUP028,58,620,381.0,False,2025-05-16,Active,672.09,246,C,0,0,0
P01325,PER-01325-7948,Palisade Compact Protein Powder,Personal Care,Vitamins & Supplements,Palisade,5.99,9.99,SUP225,52,409,191.0,False,2024-12-20,Active,389.1,42,C,0,0,0
P01326,GRO-01326-5246,Timbercrest Lite Pancake Mix,Grocery,Breakfast Foods,Timbercrest,3.46,4.99,SUP019,17,611,528.0,False,2024-05-11,Active,533.94,117,C,0,0,0
P01327,ELE-01327-5538,Rockridge Ultra Tripod Kit,Electronics,Cameras & Accessories,Rockridge,21.22,31.99,SUP159,12,218,,True,2024-08-26,Seasonal,6816.88,228,B,0,0,0
P01328,CLO-01328-1251,Sunneva Everyday Slim Fit Shirt,Clothing,Men's Apparel,Sunneva,4.64,10.99,SUP108,61,546,,False,2025-12-27,Active,1349.07,133,C,0,0,0
P01329,ELE-01329-7877,Meridian Deluxe Laptop Stand,Electronics,Laptop Accessories,Meridian,94.39,143.99,SUP215,14,93,,False,2024-01-25,Active,6120.27,47,B,0,0,1
P01330,GRO-01330-3060,Solstice Compact Pancake Mix,Grocery,Breakfast Foods,Solstice,8.97,12.99,SUP174,26,381,88.0,False,2025-10-18,Active,689.72,59,C,0,0,1
P01331,PER-01331-4844,Lumino Max Grooming Kit,Personal Care,Shaving & Grooming,Lumino,3.16,4.99,SUP159,12,661,457.0,True,2026-04-27,Seasonal,132.75,28,C,0,1,0
P01332,SPO-01332-5430,Foundry Elite Camping Tent,Sports,Outdoor Recreation,Foundry,38.18,71.99,SUP150,46,138,,True,2025-01-27,Seasonal,13149.5,193,A,0,0,1
P01333,ELE-01333-5042,Aurelia Advanced Bluetooth Speaker,Electronics,Headphones & Audio,Aurelia,126.53,227.99,SUP225,59,74,,False,2026-01-07,Discontinued,0.0,0,C,0,1,1
P01334,BEA-01334-9579,UrbanNest Ultra Eyeshadow Palette,Beauty,Makeup,UrbanNest,3.36,9.99,SUP139,14,389,440.0,False,2026-06-16,Active,257.46,28,C,0,1,0
P01335,HOM-01335-6405,Glacier Essential Sheet Set,Home & Kitchen,Bedding & Linens,Glacier,8.66,12.99,SUP115,38,371,,False,2025-11-25,Active,4333.17,354,B,1,0,0
P01336,ELE-01336-8543,Crestmark Pro Video Doorbell,Electronics,Smart Home Devices,Crestmark,89.32,137.99,SUP008,18,90,,False,2025-04-01,Active,17944.28,139,A,0,0,1
P01337,BOO-01337-7811,Vanture Compact Bedtime Stories Collection,Books,Children's Books,Vanture,4.91,6.99,SUP068,32,506,,False,2025-05-29,Active,735.78,112,C,0,0,0
P01338,CLO-01338-6962,Rockridge Advanced Cardigan,Clothing,Women's Apparel,Rockridge,6.34,10.99,SUP102,15,247,,False,2024-07-13,Discontinued,0.0,0,C,0,1,0
P01339,TOY-01339-1822,Harborlight Everyday Counting Puzzle,Toys,Educational Toys,Harborlight,1.5,3.99,SUP164,22,643,,True,2024-04-30,Seasonal,489.38,131,C,0,0,0
P01340,AUT-01340-2391,Comet Max Steering Wheel Cover,Automotive,Interior Accessories,Comet,12.12,17.99,SUP192,58,148,,False,2025-12-22,Active,755.83,45,C,0,0,0
P01341,HOM-01341-5359,Foundry Essential Shelving Unit,Home & Kitchen,Storage & Organization,Foundry,36.52,73.99,SUP288,36,172,,False,2025-04-18,Active,9237.58,133,A,0,0,1
P01342,PER-01342-8519,Timbercrest Deluxe Multivitamin Bottle,Personal Care,Vitamins & Supplements,Timbercrest,3.26,6.99,SUP069,34,599,75.0,True,2026-04-27,Seasonal,418.38,66,C,0,0,0
P01343,CLO-01343-1120,Halcyon Compact Slim Fit Shirt,Clothing,Men's Apparel,Halcyon,14.89,38.99,SUP159,14,251,,True,2025-11-08,Seasonal,222.96,6,C,0,1,0
P01344,GRO-01344-8510,Solstice Elite Pancake Mix,Grocery,Breakfast Foods,Solstice,5.38,9.99,SUP218,45,340,123.0,False,2024-08-27,Active,186.84,20,C,0,1,1
P01345,AUT-01345-5515,Glacier Max Dash Cam,Automotive,Car Electronics,Glacier,6.23,12.99,SUP079,19,192,,False,2026-05-27,Active,1185.64,97,C,0,0,0
P01346,ELE-01346-5928,Sunneva Compact Security Camera,Electronics,Smart Home Devices,Sunneva,42.18,85.99,SUP159,14,162,,False,2024-01-07,Active,7486.68,92,B,0,0,0
P01347,CLO-01347-4896,Quinley Everyday Plus Crew Neck Tee 3-Pack,Clothing,Men's Apparel,Quinley,9.8,21.99,SUP115,41,233,,False,2024-03-28,Active,516.67,26,C,0,1,0
P01348,SPO-01348-5313,Timbercrest Pro Camp Chair,Sports,Outdoor Recreation,Timbercrest,113.3,162.99,SUP114,8,53,,False,2025-07-09,Discontinued,0.0,0,C,0,1,1
P01349,GRO-01349-1556,Driftwood Advanced Pasta Sauce Jar,Grocery,Condiments & Sauces,Driftwood,4.63,6.99,SUP018,55,508,380.0,False,2025-07-05,Active,1511.02,232,C,0,0,0
P01350,AUT-01350-4971,Sunneva Ultra Socket Wrench Set,Automotive,Tools & Equipment,Sunneva,12.11,23.99,SUP008,18,172,,False,2025-10-30,Active,11389.86,510,A,1,0,0
P01351,HOM-01351-4190,Harborlight Premium Comforter,Home & Kitchen,Bedding & Linens,Harborlight,6.02,14.99,SUP075,28,242,,True,2025-08-13,Seasonal,2681.89,190,B,0,0,0
P01352,AUT-01352-4778,Quinley Max Dash Cam,Automotive,Car Electronics,Quinley,10.35,18.99,SUP274,22,244,,False,2024-08-25,Active,1189.17,67,C,0,0,0
P01353,ELE-01353-3537,Silverpine Series 2 Over-Ear Headphones,Electronics,Headphones & Audio,Silverpine,24.74,46.99,SUP043,18,150,,False,2024-05-15,Active,1948.39,43,C,0,0,0
P01354,HOM-01354-6178,Vaultis Premium Storage Bin Set,Home & Kitchen,Storage & Organization,Vaultis,26.07,59.99,SUP018,53,201,,True,2026-05-28,Seasonal,8208.82,147,A,0,0,0
P01355,BEA-01355-9036,Timbercrest X200 Eyeshadow Palette,Beauty,Makeup,Timbercrest,3.89,8.99,SUP171,54,612,235.0,False,2024-11-04,Active,667.91,84,C,0,0,0
P01356,AUT-01356-1796,Ironclad X200 Wheel Cleaner,Automotive,Tire & Wheel Care,Ironclad,19.83,32.99,SUP285,23,139,,False,2024-06-01,Active,9982.28,326,A,1,0,0
P01357,HOM-01357-4942,Timbercrest Premium Area Rug,Home & Kitchen,Home Decor,Timbercrest,30.29,68.99,SUP018,52,103,,False,2024-03-04,Active,17402.69,274,A,1,0,0
P01358,AUT-01358-3257,Fernwood X200 Backup Camera,Automotive,Car Electronics,Fernwood,22.06,40.99,SUP215,14,161,,False,2025-12-31,Active,6028.19,159,B,0,0,0
P01359,HOM-01359-1787,Comet Max Wall Art Set,Home & Kitchen,Home Decor,Comet,23.41,48.99,SUP022,52,152,,False,2026-02-09,Active,1758.04,37,C,0,1,0
P01360,BEA-01360-7846,UrbanNest Everyday Vitamin C Serum,Beauty,Skincare,UrbanNest,6.67,13.99,SUP028,55,407,305.0,False,2026-03-10,Active,889.87,68,C,0,0,0
P01361,GRO-01361-4601,Vaultis Classic BBQ Sauce,Grocery,Condiments & Sauces,Vaultis,2.06,3.36,SUP274,16,398,205.0,False,2026-02-16,Active,24.19,8,C,0,1,0
P01362,ELE-01362-5730,Kestrel Classic Car Mount,Electronics,Mobile Accessories,Kestrel,464.01,648.99,SUP200,73,22,,False,2024-06-04,Active,39075.12,64,A,0,0,1
P01363,PER-01363-6779,Palisade Deluxe Blood Pressure Monitor,Personal Care,Health Monitoring,Palisade,3.41,5.99,SUP159,12,345,303.0,False,2024-01-14,Active,486.85,87,C,0,0,0
P01364,BEA-01364-2777,BlueStone Essential Eau de Parfum,Beauty,Fragrances,BlueStone,27.42,55.99,SUP032,47,94,540.0,True,2025-04-02,Seasonal,44.03,1,C,0,1,1
P01365,SPO-01365-9246,Harborlight Classic Massage Roller,Sports,Yoga & Wellness,Harborlight,6.8,12.99,SUP159,15,198,,False,2025-04-08,Active,40000.45,3324,A,1,0,0
P01366,CLO-01366-9065,Halcyon Lite Training Jacket,Clothing,Activewear,Halcyon,6.97,14.99,SUP018,48,315,,True,2024-01-26,Seasonal,2819.81,207,B,0,0,0
P01367,CLO-01367-8853,Trailhaven Compact High-Waist Jeans,Clothing,Women's Apparel,Trailhaven,5.07,10.99,SUP112,29,495,,True,2026-03-10,Seasonal,360.88,35,C,0,1,0
P01368,BOO-01368-3507,Glacier Lite Fantasy Trilogy Box Set,Books,Fiction,Glacier,2.31,3.99,SUP201,15,730,,False,2025-08-08,Active,7842.67,2119,B,1,0,0
P01369,AUT-01369-4952,Cedarwood Ultra License Plate Frame,Automotive,Exterior Accessories,Cedarwood,7.66,15.99,SUP159,14,218,,True,2025-09-13,Seasonal,1318.33,88,C,0,0,0
P01370,SPO-01370-3437,Willowbrook Essential Team Jersey,Sports,Team Sports Gear,Willowbrook,10.29,21.99,SUP192,73,175,,True,2025-05-13,Seasonal,7856.42,384,A,1,0,0
P01371,CLO-01371-6696,Foundry Lite Performance Tank,Clothing,Activewear,Foundry,4.67,7.99,SUP026,37,425,,True,2026-06-24,Seasonal,1004.56,133,C,0,0,0
P01372,BOO-01372-3654,Silverpine Elite Literary Fiction Hardcover,Books,Fiction,Silverpine,7.83,10.99,SUP218,51,249,,False,2025-12-10,Active,698.08,66,C,0,0,1
P01373,BOO-01373-9705,Foundry Advanced Early Reader Set,Books,Children's Books,Foundry,6.5,12.99,SUP283,29,325,,True,2025-06-11,Seasonal,791.91,65,C,0,0,0
P01374,BEA-01374-3216,Solstice Essential Body Wash,Beauty,Bath & Body,Solstice,4.72,9.99,SUP274,19,458,119.0,False,2025-04-02,Active,7053.86,745,B,1,0,0
P01375,BOO-01375-2340,Driftwood Ultra Graphic Novel Vol. 1,Books,Comics & Graphic Novels,Driftwood,5.9,8.99,SUP022,66,458,,False,2026-01-31,Active,2835.11,339,B,1,0,0
P01376,BEA-01376-5405,Timbercrest Signature Cleansing Foam,Beauty,Skincare,Timbercrest,2.2,4.99,SUP022,62,430,73.0,False,2024-11-18,Active,701.36,151,C,0,0,0
P01377,TOY-01377-8947,Quinley Ultra Action Figure,Toys,Action Figures & Playsets,Quinley,7.07,15.99,SUP152,9,195,,False,2026-02-24,Discontinued,0.0,0,C,0,1,0
P01378,PER-01378-1262,Vanture Everyday Plus Whitening Kit,Personal Care,Oral Care,Vanture,8.84,16.99,SUP156,20,209,451.0,False,2024-05-04,Active,1951.36,127,C,0,0,1
P01379,PER-01379-8617,Vaultis Classic Digital Thermometer,Personal Care,Health Monitoring,Vaultis,4.78,7.99,SUP258,39,401,507.0,False,2024-02-02,Active,83.86,12,C,0,1,0
P01380,AUT-01380-8322,Pinnacle Classic Tire Shine Kit,Automotive,Tire & Wheel Care,Pinnacle,54.09,79.99,SUP102,19,65,,False,2024-02-16,Active,9369.09,126,A,0,0,1
P01381,BOO-01381-9230,Ostrom Compact Literary Fiction Hardcover,Books,Fiction,Ostrom,3.18,4.99,SUP152,8,409,,False,2024-11-30,Active,245.28,54,C,0,0,0
P01382,TOY-01382-5988,Ironclad Deluxe Collectible Figure 3-Pack,Toys,Action Figures & Playsets,Ironclad,34.89,58.99,SUP048,24,107,,False,2025-04-27,Active,3173.1,61,B,0,0,1
P01383,HOM-01383-9700,Timbercrest Pro Coffee Maker,Home & Kitchen,Small Appliances,Timbercrest,26.84,49.99,SUP275,4,99,,False,2026-03-28,Active,1221.59,26,C,0,1,0
P01384,CLO-01384-4622,Pinnacle Deluxe Toddler Joggers,Clothing,Kids' Apparel,Pinnacle,9.04,14.99,SUP027,49,381,,False,2026-04-18,Active,6383.81,460,B,1,0,0
P01385,GRO-01385-2482,Willowbrook Essential BBQ Sauce,Grocery,Condiments & Sauces,Willowbrook,2.45,3.99,SUP271,38,722,402.0,False,2024-01-29,Discontinued,0.0,0,C,0,1,0
P01386,ELE-01386-1178,Glacier X200 Wireless Mouse,Electronics,Laptop Accessories,Glacier,14.99,24.99,SUP270,20,221,,False,2025-11-29,Active,8456.28,360,A,1,0,0
P01387,PER-01387-6044,Meridian Signature Grooming Kit,Personal Care,Shaving & Grooming,Meridian,2.92,4.99,SUP012,26,668,140.0,True,2024-07-02,Seasonal,891.92,189,C,0,0,0
P01388,AUT-01388-1519,Fernwood Advanced License Plate Frame,Automotive,Exterior Accessories,Fernwood,17.4,27.99,SUP225,49,154,,False,2024-12-24,Active,2323.45,89,B,0,0,0
P01389,CLO-01389-2489,Brightline Elite Performance Tank,Clothing,Activewear,Brightline,45.58,107.99,SUP084,48,144,,False,2026-02-21,Active,897.77,9,C,0,1,1
P01390,GRO-01390-9645,Ostrom Everyday Plus Pancake Mix,Grocery,Breakfast Foods,Ostrom,7.69,10.99,SUP052,66,340,500.0,False,2026-06-16,Active,1344.25,130,C,0,0,1
P01391,SPO-01391-3434,Brightline Essential Sleeping Bag,Sports,Outdoor Recreation,Brightline,11.82,27.99,SUP115,45,180,,False,2025-12-24,Active,1122.32,43,C,0,0,0
P01392,BEA-01392-2524,Everline Premium Vitamin C Serum,Beauty,Skincare,Everline,2.77,7.99,SUP274,20,595,478.0,False,2024-06-16,Active,543.5,74,C,0,0,0
P01393,TOY-01393-8148,Foundry X200 Model Kit,Toys,Building Sets,Foundry,7.69,12.99,SUP115,38,298,,True,2024-02-04,Seasonal,1652.45,136,C,0,0,0
P01394,PER-01394-3826,Everline Premium Razor Set,Personal Care,Shaving & Grooming,Everline,6.03,11.99,SUP057,44,336,505.0,False,2026-06-28,Active,11458.48,1027,A,1,0,0
P01395,GRO-01395-8912,Solstice Advanced Trail Mix,Grocery,Snacks,Solstice,4.76,6.99,SUP156,23,526,544.0,False,2024-08-02,Active,32.66,5,C,0,1,0
P01396,HOM-01396-3529,ClearPath X200 Stand Mixer,Home & Kitchen,Small Appliances,ClearPath,38.84,80.99,SUP115,42,110,,False,2024-07-28,Active,12244.19,163,A,0,0,1
P01397,GRO-01397-5114,BlueStone Max Herbal Tea Sampler,Grocery,Beverages,BlueStone,5.99,9.99,SUP008,16,460,502.0,False,2025-04-20,Active,561.65,64,C,0,0,1
P01398,ELE-01398-1276,Foundry Premium Smartwatch Band,Electronics,Wearable Tech,Foundry,80.89,168.99,SUP042,15,104,,False,2024-06-02,Active,15539.17,99,A,0,0,1
P01399,BEA-01399-7728,UrbanNest Everyday Plus Loofah & Soap Set,Beauty,Bath & Body,UrbanNest,14.19,33.99,SUP008,19,197,190.0,False,2025-08-30,Active,94.62,3,C,0,1,1
P01400,ELE-01400-9149,Brightline Series 2 Sleep Tracker Ring,Electronics,Wearable Tech,Brightline,49.38,78.99,SUP155,41,131,,False,2026-02-21,Active,1050.19,14,C,0,1,0
P01401,ELE-01401-2840,Willowbrook Advanced Tripod Kit,Electronics,Cameras & Accessories,Willowbrook,34.6,67.99,SUP176,56,86,,False,2024-11-11,Active,11127.71,174,A,0,0,0
P01402,GRO-01402-6981,Cedarwood Compact Rice 5lb Bag,Grocery,Pantry Staples,Cedarwood,3.82,5.99,SUP210,22,434,322.0,False,2025-03-03,Active,176.35,32,C,0,1,0
P01403,HOM-01403-5072,Novara Pro Cast Iron Skillet,Home & Kitchen,Cookware,Novara,18.97,32.99,SUP050,65,112,,False,2026-03-31,Active,13637.43,450,A,1,0,0
P01404,SPO-01404-8809,Ostrom Classic Bike Lock,Sports,Cycling,Ostrom,36.72,54.99,SUP241,27,92,,True,2026-03-24,Seasonal,1161.5,23,C,0,1,1
P01405,ELE-01405-1037,UrbanNest Elite Screen Protector 2-Pack,Electronics,Mobile Accessories,UrbanNest,43.23,61.99,SUP115,38,100,,False,2024-03-26,Active,9626.62,167,A,0,0,0
P01406,AUT-01406-9663,Silverpine Pro Tire Inflator,Automotive,Tire & Wheel Care,Silverpine,77.65,143.99,SUP012,25,54,,False,2025-11-13,Active,5164.38,39,B,0,1,1
P01407,HOM-01407-8007,Glacier Everyday Plus Air Fryer,Home & Kitchen,Small Appliances,Glacier,13.77,26.99,SUP274,18,286,,True,2024-01-19,Seasonal,949.66,38,C,0,1,0
P01408,ELE-01408-5585,Halcyon Deluxe Soundbar,Electronics,Headphones & Audio,Halcyon,23.12,49.99,SUP196,37,213,,False,2024-05-22,Active,1295.71,27,C,0,1,0
P01409,ELE-01409-3398,Foundry Ultra Camera Backpack,Electronics,Cameras & Accessories,Foundry,53.75,93.99,SUP159,11,58,,False,2025-07-26,Active,13761.83,161,A,0,0,0
P01410,SPO-01410-3500,Norwell Series 2 Camp Chair,Sports,Outdoor Recreation,Norwell,14.67,26.99,SUP012,32,136,,False,2024-04-21,Active,7393.46,292,B,1,0,0
P01411,GRO-01411-1307,Quinley Elite Cereal Box,Grocery,Breakfast Foods,Quinley,3.14,4.99,SUP008,21,665,542.0,False,2024-06-16,Active,292.84,63,C,0,0,0
P01412,CLO-01412-1664,Copperfield Advanced Crew Neck Tee 3-Pack,Clothing,Men's Apparel,Copperfield,15.25,40.99,SUP159,15,116,,False,2025-02-11,Active,6826.5,179,B,0,0,0
P01413,ELE-01413-4164,UrbanNest X200 Laptop Sleeve,Electronics,Laptop Accessories,UrbanNest,48.67,86.99,SUP263,49,149,,False,2025-01-14,Active,9134.3,113,A,0,0,0
P01414,PER-01414-6634,Meridian Premium Cotton Swabs Bulk,Personal Care,Personal Hygiene,Meridian,5.74,9.99,SUP177,17,368,176.0,True,2025-05-27,Seasonal,276.05,29,C,0,1,0
P01415,ELE-01415-4220,NorthPoint Everyday Plus Lens Filter Set,Electronics,Cameras & Accessories,NorthPoint,407.44,747.99,SUP005,39,35,,False,2026-04-19,Active,62102.25,90,A,0,0,1
P01416,BEA-01416-1740,Crestmark Classic Body Mist,Beauty,Fragrances,Crestmark,2.86,8.99,SUP174,28,306,301.0,False,2025-01-20,Active,527.86,61,C,0,0,0
P01417,AUT-01417-7475,Kestrel Essential Mud Flap Set,Automotive,Exterior Accessories,Kestrel,24.95,49.99,SUP090,22,136,,False,2024-10-06,Discontinued,0.0,0,C,0,1,0
P01418,HOM-01418-1990,Kestrel Lite Shelving Unit,Home & Kitchen,Storage & Organization,Kestrel,26.82,52.99,SUP027,42,191,,False,2024-07-12,Active,2074.87,42,B,0,0,0
P01419,GRO-01419-4296,Palisade Series 2 Salad Dressing Set,Grocery,Condiments & Sauces,Palisade,5.59,7.99,SUP245,14,298,505.0,True,2026-03-10,Seasonal,92.62,13,C,0,1,1
P01420,TOY-01420-9800,Silverpine Signature Water Blaster,Toys,Outdoor Play,Silverpine,2.15,3.99,SUP162,53,801,,False,2024-07-17,Active,87.91,24,C,0,1,0
P01421,GRO-01421-3708,Glacier Advanced Breakfast Bar Box,Grocery,Breakfast Foods,Glacier,4.23,5.99,SUP211,22,415,75.0,False,2024-01-04,Active,314.56,56,C,0,0,0
P01422,ELE-01422-4201,Ironclad Lite Wireless Charger,Electronics,Mobile Accessories,Ironclad,95.94,159.99,SUP032,50,95,,False,2025-04-10,Active,5854.35,39,B,0,1,1
P01423,BEA-01423-1073,Palisade Lite Loofah & Soap Set,Beauty,Bath & Body,Palisade,16.97,29.99,SUP026,38,237,81.0,False,2025-10-29,Discontinued,286.79,10,C,0,1,1
P01424,ELE-01424-1294,Ashford Elite Fitness Tracker,Electronics,Wearable Tech,Ashford,58.22,114.99,SUP152,9,94,,False,2024-01-14,Active,16198.79,152,A,0,0,0
P01425,PER-01425-8034,Copperfield Classic Grooming Kit,Personal Care,Shaving & Grooming,Copperfield,7.72,14.99,SUP158,21,379,221.0,True,2025-08-03,Seasonal,1033.79,73,C,0,0,0
P01426,BOO-01426-3193,Ironclad Pro Short Story Collection,Books,Fiction,Ironclad,11.96,19.99,SUP164,24,303,,True,2025-02-04,Seasonal,969.89,52,C,0,0,1
P01427,BOO-01427-1658,BlueStone Lite Popular Science Paperback,Books,Non-Fiction,BlueStone,5.3,8.99,SUP215,12,505,,False,2025-12-09,Active,605.88,72,C,0,0,0
P01428,HOM-01428-9104,Timbercrest Pro Storage Bin Set,Home & Kitchen,Storage & Organization,Timbercrest,29.38,57.99,SUP188,29,90,,False,2024-01-31,Active,25321.67,472,A,1,0,0
P01429,SPO-01429-4083,Comet Deluxe Camping Tent,Sports,Outdoor Recreation,Comet,23.7,45.99,SUP192,65,201,,False,2026-03-29,Discontinued,90.54,2,C,0,1,0
P01430,SPO-01430-1973,ClearPath Ultra Bike Helmet,Sports,Cycling,ClearPath,20.16,44.99,SUP035,28,198,,False,2026-03-07,Active,25068.56,592,A,1,0,0
P01431,ELE-01431-3216,Cedarwood Essential Camera Backpack,Electronics,Cameras & Accessories,Cedarwood,61.44,83.99,SUP115,36,110,,True,2025-09-18,Seasonal,4202.42,53,B,0,0,0
P01432,AUT-01432-2314,Halcyon Essential Tool Kit,Automotive,Tools & Equipment,Halcyon,21.37,39.99,SUP171,45,230,,False,2025-07-19,Discontinued,121.05,3,C,0,1,0
P01433,CLO-01433-9594,Harborlight Advanced Blouse,Clothing,Women's Apparel,Harborlight,3.67,8.99,SUP154,13,268,,False,2025-10-04,Active,355.25,44,C,0,0,0
P01434,TOY-01434-8140,NorthPoint Max Counting Puzzle,Toys,Educational Toys,NorthPoint,14.29,30.99,SUP077,20,256,,False,2024-05-26,Active,597.51,21,C,0,1,0
P01435,GRO-01435-6455,Palisade Advanced Herbal Tea Sampler,Grocery,Beverages,Palisade,3.34,5.99,SUP275,5,417,297.0,False,2026-03-28,Active,208.69,38,C,0,1,0
P01436,ELE-01436-7514,Meridian Signature Smart Bulb Kit,Electronics,Smart Home Devices,Meridian,191.63,285.99,SUP028,52,55,,False,2025-12-01,Active,41891.88,159,A,0,0,1
P01437,SPO-01437-1261,Meridian Everyday Sleeping Bag,Sports,Outdoor Recreation,Meridian,18.2,37.99,SUP290,36,142,,False,2025-11-19,Active,5505.62,164,B,0,0,0
P01438,TOY-01438-4952,Quinley Classic Sidewalk Chalk Set,Toys,Outdoor Play,Quinley,15.17,29.99,SUP230,37,167,,False,2025-03-25,Active,29.96,1,C,0,1,0
P01439,BEA-01439-7079,Cedarwood Everyday Eau de Parfum,Beauty,Fragrances,Cedarwood,7.76,19.99,SUP171,47,323,538.0,True,2024-05-08,Seasonal,4689.15,254,B,1,0,0
P01440,ELE-01440-7780,Norwell X200 Laptop Stand,Electronics,Laptop Accessories,Norwell,15.28,23.99,SUP028,50,179,,False,2025-04-10,Active,5710.79,264,B,1,0,0
P01441,TOY-01441-8944,Kestrel Essential STEM Building Kit,Toys,Educational Toys,Kestrel,5.57,12.99,SUP159,13,291,,False,2025-05-12,Discontinued,0.0,0,C,0,1,0
P01442,HOM-01442-8233,Driftwood Pro Pillow 2-Pack,Home & Kitchen,Bedding & Linens,Driftwood,37.03,67.99,SUP022,58,75,,False,2024-08-21,Active,6016.6,94,B,0,0,1
P01443,GRO-01443-7012,Novara Advanced Breakfast Bar Box,Grocery,Breakfast Foods,Novara,1.69,2.99,SUP274,21,477,542.0,True,2026-04-22,Seasonal,649.15,231,C,0,0,0
P01444,BOO-01444-2504,Solstice Series 2 Biography,Books,Non-Fiction,Solstice,2.96,5.99,SUP073,26,545,,False,2024-12-25,Active,42.45,8,C,0,1,0
P01445,ELE-01445-5711,BlueStone Advanced Sleep Tracker Ring,Electronics,Wearable Tech,BlueStone,31.05,58.99,SUP115,41,126,,True,2026-05-20,Seasonal,7193.85,129,B,0,0,0
P01446,ELE-01446-5733,Willowbrook Compact Fitness Tracker,Electronics,Wearable Tech,Willowbrook,6.58,13.99,SUP174,24,192,,False,2026-03-11,Active,1122.26,85,C,0,0,0
P01447,ELE-01447-3940,Sunneva Classic Wireless Charger,Electronics,Mobile Accessories,Sunneva,60.52,84.99,SUP008,18,83,,False,2024-03-09,Active,13725.74,171,A,0,0,0
P01448,PER-01448-6485,Willowbrook Max Protein Powder,Personal Care,Vitamins & Supplements,Willowbrook,4.1,6.99,SUP159,15,369,309.0,False,2024-05-14,Active,178.37,28,C,0,1,0
P01449,GRO-01449-6571,Pinnacle Deluxe Breakfast Bar Box,Grocery,Breakfast Foods,Pinnacle,6.2,8.99,SUP207,27,255,497.0,False,2024-12-24,Active,3481.1,418,B,1,0,1
P01450,SPO-01450-8038,Palisade Classic Shin Guards,Sports,Team Sports Gear,Palisade,19.91,32.99,SUP050,50,125,,False,2025-07-22,Active,2330.71,75,B,0,0,0
P01451,PER-01451-1370,Solstice Series 2 Probiotic Capsules,Personal Care,Vitamins & Supplements,Solstice,5.23,9.99,SUP030,9,211,213.0,False,2024-04-13,Active,321.92,35,C,0,1,0
P01452,SPO-01452-2916,Halcyon X200 Bike Lock,Sports,Cycling,Halcyon,43.62,94.99,SUP145,27,126,,False,2024-07-16,Active,2787.12,32,B,0,1,1
P01453,CLO-01453-3023,Silverpine Lite Kids Graphic Tee,Clothing,Kids' Apparel,Silverpine,16.95,43.99,SUP159,14,235,,False,2026-02-19,Active,11300.04,276,A,1,0,0
P01454,CLO-01454-3082,Glacier X200 Slim Fit Shirt,Clothing,Men's Apparel,Glacier,5.65,14.99,SUP116,12,269,,False,2025-02-09,Active,408.12,28,C,0,1,0
P01455,BEA-01455-9282,Kestrel Compact Eau de Parfum,Beauty,Fragrances,Kestrel,7.22,12.99,SUP075,26,260,431.0,False,2025-05-22,Active,5327.52,436,B,1,0,0
P01456,BOO-01456-3832,Crestmark Ultra Mystery Novel,Books,Fiction,Crestmark,2.76,4.99,SUP115,36,696,,False,2025-05-01,Active,646.4,138,C,0,0,0
P01457,PER-01457-7395,Kestrel Advanced Cotton Swabs Bulk,Personal Care,Personal Hygiene,Kestrel,7.05,12.99,SUP079,22,433,61.0,False,2026-06-02,Active,398.39,36,C,0,1,0
P01458,TOY-01458-8947,Meridian Ultra 1000-Piece Puzzle,Toys,Board Games & Puzzles,Meridian,8.19,19.99,SUP058,8,301,,False,2024-04-21,Active,1733.28,91,C,0,0,0
P01459,BEA-01459-1851,NorthPoint X200 Sunscreen SPF50,Beauty,Skincare,NorthPoint,9.1,20.99,SUP137,43,246,379.0,False,2025-04-20,Active,2196.28,115,B,0,0,0
P01460,GRO-01460-8077,Ironclad Max Oatmeal Packets,Grocery,Breakfast Foods,Ironclad,4.67,6.99,SUP113,52,550,255.0,False,2024-03-12,Discontinued,0.0,0,C,0,1,0
P01461,AUT-01461-7033,Copperfield Pro Socket Wrench Set,Automotive,Tools & Equipment,Copperfield,12.91,23.99,SUP116,14,138,,False,2024-02-12,Active,2454.62,111,B,0,0,0
P01462,HOM-01462-9837,Foundry Lite Stand Mixer,Home & Kitchen,Small Appliances,Foundry,4.62,8.99,SUP001,10,322,,False,2025-03-17,Active,2552.94,310,B,1,0,0
P01463,AUT-01463-9095,Ridgeline Compact Car Cover,Automotive,Exterior Accessories,Ridgeline,34.93,49.99,SUP196,34,131,,False,2026-04-04,Active,16237.29,348,A,1,0,1
P01464,GRO-01464-3637,Solstice Ultra Baking Mix,Grocery,Pantry Staples,Solstice,2.63,4.99,SUP012,29,417,89.0,False,2025-01-08,Active,1815.23,394,C,1,0,0
P01465,SPO-01465-7035,Palisade Ultra Camping Tent,Sports,Outdoor Recreation,Palisade,7.96,15.99,SUP050,68,395,,False,2025-10-15,Active,49027.97,3304,A,1,0,0
P01466,TOY-01466-2825,Timbercrest Lite Alphabet Learning Set,Toys,Educational Toys,Timbercrest,5.06,8.99,SUP241,25,380,,False,2026-04-19,Active,1031.62,127,C,0,0,0
P01467,CLO-01467-6315,Comet Everyday Plus Kids Rain Jacket,Clothing,Kids' Apparel,Comet,9.94,15.99,SUP294,37,342,,False,2024-01-06,Active,3099.21,208,B,0,0,0
P01468,HOM-01468-9753,Cedarwood Everyday Plus Wall Art Set,Home & Kitchen,Home Decor,Cedarwood,15.69,27.99,SUP295,17,170,,False,2025-09-28,Active,1507.41,58,C,0,0,0
P01469,AUT-01469-5452,Ironclad Elite Dash Cam,Automotive,Car Electronics,Ironclad,20.7,34.99,SUP170,28,122,,False,2026-03-30,Active,37872.67,1164,A,1,0,0
P01470,BEA-01470-9612,Norwell Lite Makeup Brush Set,Beauty,Makeup,Norwell,4.22,9.99,SUP064,13,557,469.0,False,2026-03-28,Discontinued,71.94,8,C,0,1,0
P01471,GRO-01471-6319,Vanture Essential Breakfast Bar Box,Grocery,Breakfast Foods,Vanture,7.02,9.99,SUP250,47,304,404.0,False,2025-11-02,Active,8674.48,933,A,1,0,1
P01472,CLO-01472-9186,Rockridge Deluxe Kids Rain Jacket,Clothing,Kids' Apparel,Rockridge,6.41,16.99,SUP179,19,408,,True,2026-04-26,Seasonal,14843.77,942,A,1,0,0
P01473,BEA-01473-8839,Meridian Everyday Plus Shampoo & Conditioner Set,Beauty,Haircare,Meridian,8.14,20.99,SUP294,31,241,370.0,False,2025-07-02,Active,920.77,49,C,0,0,0
P01474,SPO-01474-1263,Vertex X200 Yoga Mat,Sports,Fitness Equipment,Vertex,16.02,35.99,SUP159,14,131,,False,2024-01-18,Active,10663.7,319,A,1,0,0
P01475,HOM-01475-3843,Quinley Pro Comforter,Home & Kitchen,Bedding & Linens,Quinley,7.75,12.99,SUP157,18,327,,False,2026-06-14,Active,2586.88,217,B,0,0,0
P01476,BEA-01476-1704,Driftwood Deluxe Body Lotion,Beauty,Bath & Body,Driftwood,3.21,8.99,SUP012,30,380,122.0,False,2026-03-13,Active,405.84,47,C,0,0,0
P01477,AUT-01477-7949,Ashford Max Tire Shine Kit,Automotive,Tire & Wheel Care,Ashford,43.49,87.99,SUP043,20,154,,False,2024-06-22,Active,4981.74,60,B,0,0,1
P01478,ELE-01478-7529,Meridian Everyday Security Camera,Electronics,Smart Home Devices,Meridian,78.52,162.99,SUP189,2,68,,False,2026-05-24,Active,21064.08,136,A,0,0,1
P01479,BEA-01479-6768,Amberfield Pro Facial Moisturizer,Beauty,Skincare,Amberfield,19.0,36.99,SUP296,24,147,448.0,False,2025-08-17,Active,4128.51,118,B,0,0,1
P01480,SPO-01480-1931,Lumino Elite Massage Roller,Sports,Yoga & Wellness,Lumino,6.47,13.99,SUP138,17,395,,False,2025-02-16,Active,16198.46,1258,A,1,0,0
P01481,AUT-01481-2175,Timbercrest Classic Bluetooth Car Adapter,Automotive,Car Electronics,Timbercrest,85.13,138.99,SUP008,17,70,,True,2026-01-16,Seasonal,11640.24,89,A,0,0,1
P01482,BOO-01482-8580,Ironclad Deluxe Popular Science Paperback,Books,Non-Fiction,Ironclad,6.72,11.99,SUP115,40,221,,True,2025-08-03,Seasonal,505.58,46,C,0,0,0
P01483,AUT-01483-3147,Norwell Elite Seat Cover Set,Automotive,Interior Accessories,Norwell,10.44,17.99,SUP028,56,194,,False,2025-12-20,Active,5373.15,319,B,1,0,0
P01484,HOM-01484-6216,Ashford Classic Nonstick Frying Pan,Home & Kitchen,Cookware,Ashford,28.47,52.99,SUP286,34,164,,False,2024-11-11,Discontinued,0.0,0,C,0,1,0
P01485,GRO-01485-8952,Driftwood Signature Sparkling Water Case,Grocery,Beverages,Driftwood,4.2,6.99,SUP028,50,279,516.0,False,2024-12-21,Active,299.98,47,C,0,0,0
P01486,PER-01486-3879,Amberfield Ultra Toothbrush 4-Pack,Personal Care,Oral Care,Amberfield,2.99,4.99,SUP026,35,580,499.0,False,2024-03-30,Active,397.89,85,C,0,0,0
P01487,AUT-01487-3918,Driftwood Ultra Socket Wrench Set,Automotive,Tools & Equipment,Driftwood,34.89,56.99,SUP129,32,178,,False,2026-03-21,Active,10763.51,203,A,0,0,1
P01488,CLO-01488-2691,Comet Everyday Plus Kids Rain Jacket,Clothing,Kids' Apparel,Comet,45.47,113.99,SUP159,14,76,,False,2024-08-27,Active,67141.7,644,A,1,0,1
P01489,CLO-01489-4682,Comet Pro Toddler Joggers,Clothing,Kids' Apparel,Comet,4.26,8.99,SUP210,26,331,,False,2024-05-05,Active,1458.51,176,C,0,0,0
P01490,BEA-01490-6433,NorthPoint Pro Sunscreen SPF50,Beauty,Skincare,NorthPoint,3.6,6.99,SUP102,19,387,136.0,False,2024-03-14,Active,437.96,67,C,0,0,0
P01491,ELE-01491-3994,Glacier Deluxe Smart Bulb Kit,Electronics,Smart Home Devices,Glacier,14.94,30.99,SUP270,23,220,,False,2024-12-18,Active,1461.17,52,C,0,0,0
P01492,AUT-01492-3168,Norwell Premium Jump Starter,Automotive,Tools & Equipment,Norwell,34.01,55.99,SUP171,47,147,,False,2025-03-19,Active,11280.69,217,A,0,0,1
P01493,TOY-01493-6003,Halcyon Elite Card Game,Toys,Board Games & Puzzles,Halcyon,15.15,37.99,SUP012,29,284,,False,2026-01-31,Active,2810.28,80,B,0,0,0
P01494,BEA-01494-1485,BlueStone Classic Lipstick Set,Beauty,Makeup,BlueStone,10.05,21.99,SUP011,32,360,138.0,False,2025-08-19,Active,689.77,34,C,0,1,0
P01495,GRO-01495-1594,Foundry Compact Sports Drink Case,Grocery,Beverages,Foundry,4.24,5.99,SUP135,9,346,143.0,False,2026-01-05,Active,1426.02,253,C,1,0,0
P01496,GRO-01496-6819,Comet Compact Sparkling Water Case,Grocery,Beverages,Comet,5.97,10.99,SUP117,12,254,198.0,False,2024-01-05,Active,4697.06,463,B,1,0,1
P01497,ELE-01497-4974,Kestrel Deluxe Laptop Sleeve,Electronics,Laptop Accessories,Kestrel,133.16,188.99,SUP122,15,48,,False,2024-01-27,Active,3353.36,19,B,0,1,1
P01498,SPO-01498-9757,Novara Advanced Sleeping Bag,Sports,Outdoor Recreation,Novara,22.03,33.99,SUP018,52,181,,True,2024-07-27,Seasonal,475.8,15,C,0,1,0
P01499,CLO-01499-5497,Everline Deluxe Performance Tank,Clothing,Activewear,Everline,12.62,25.99,SUP014,11,180,,False,2024-12-17,Active,2779.74,116,B,0,0,0
P01500,HOM-01500-3970,Copperfield Everyday Closet Organizer,Home & Kitchen,Storage & Organization,Copperfield,32.5,49.99,SUP018,51,170,,True,2024-03-08,Seasonal,710.67,15,C,0,1,1
P01501,BOO-01501-8327,ClearPath Ultra Reference Encyclopedia,Books,Educational & Reference,ClearPath,6.81,12.99,SUP211,27,305,,False,2026-03-02,Discontinued,37.69,3,C,0,1,0
P01502,PER-01502-1882,Everline X200 Protein Powder,Personal Care,Vitamins & Supplements,Everline,9.32,18.99,SUP171,48,154,346.0,False,2026-05-30,Discontinued,19.39,1,C,0,1,1
P01503,ELE-01503-2913,Glacier Compact Camera Backpack,Electronics,Cameras & Accessories,Glacier,19.16,28.99,SUP028,44,222,,False,2025-03-18,Active,15275.2,571,A,1,0,0
P01504,BEA-01504-7921,Copperfield Max Body Lotion,Beauty,Bath & Body,Copperfield,3.58,6.99,SUP115,35,419,211.0,False,2026-01-02,Active,2487.04,380,B,1,0,0
P01505,CLO-01505-4492,Willowbrook Max Running Leggings,Clothing,Activewear,Willowbrook,5.97,14.99,SUP274,22,482,,False,2024-06-22,Active,40053.12,2870,A,1,0,0
P01506,HOM-01506-5085,Comet Everyday Plus Drawer Dividers,Home & Kitchen,Storage & Organization,Comet,14.59,33.99,SUP019,18,254,,False,2024-01-29,Active,949.9,33,C,0,1,0
P01507,CLO-01507-5740,NorthPoint Everyday Plus Chino Pants,Clothing,Men's Apparel,NorthPoint,17.36,48.99,SUP042,20,198,,True,2026-03-30,Seasonal,17867.89,395,A,1,0,1
P01508,BOO-01508-6334,Kestrel X200 Comic Anthology,Books,Comics & Graphic Novels,Kestrel,4.02,6.99,SUP108,49,285,,True,2026-01-12,Seasonal,1408.28,221,C,0,0,0
P01509,HOM-01509-8286,Brightline Everyday Plus Drawer Dividers,Home & Kitchen,Storage & Organization,Brightline,10.14,14.99,SUP055,16,258,,False,2025-11-21,Active,1016.02,73,C,0,0,0
P01510,HOM-01510-6113,Quinley X200 Cookware Set,Home & Kitchen,Cookware,Quinley,29.3,65.99,SUP030,9,155,,False,2026-01-24,Active,2530.85,41,B,0,1,0
P01511,AUT-01511-7316,Ashford Elite Roof Rack,Automotive,Exterior Accessories,Ashford,30.33,50.99,SUP290,30,181,,False,2025-10-09,Discontinued,278.13,6,C,0,1,0
P01512,GRO-01512-8067,Amberfield Series 2 Coffee Pods Box,Grocery,Beverages,Amberfield,5.3,7.99,SUP220,65,459,198.0,False,2026-01-04,Active,893.03,120,C,0,0,0
P01513,BOO-01513-1405,Meridian Premium Self-Help Guide,Books,Non-Fiction,Meridian,6.1,9.99,SUP211,29,460,,False,2026-06-01,Active,3314.58,354,B,1,0,0
P01514,BOO-01514-5657,Sunneva Essential Language Learning Workbook,Books,Educational & Reference,Sunneva,6.69,12.99,SUP274,19,376,,False,2026-03-12,Active,907.79,73,C,0,0,0
P01515,AUT-01515-4142,NorthPoint Lite License Plate Frame,Automotive,Exterior Accessories,NorthPoint,13.6,26.99,SUP042,20,212,,False,2026-03-22,Active,8436.41,336,A,1,0,0
P01516,SPO-01516-4427,BlueStone Everyday Plus Sleeping Bag,Sports,Outdoor Recreation,BlueStone,15.39,34.99,SUP270,22,186,,True,2025-03-03,Seasonal,18747.57,579,A,1,0,0
P01517,AUT-01517-2956,Lumino Signature Car Cover,Automotive,Exterior Accessories,Lumino,13.85,23.99,SUP294,35,209,,False,2026-01-16,Active,18593.59,833,A,1,0,0
P01518,BOO-01518-7644,Vanture Ultra Comic Anthology,Books,Comics & Graphic Novels,Vanture,5.27,7.99,SUP164,22,302,,False,2024-08-06,Active,163.52,23,C,0,1,0
P01519,BEA-01519-2105,Vanture Classic Bath Bomb Set,Beauty,Bath & Body,Vanture,5.09,12.99,SUP271,31,256,477.0,False,2024-10-13,Active,1525.29,132,C,0,0,0
P01520,BEA-01520-2026,Novara Essential Eyeshadow Palette,Beauty,Makeup,Novara,5.69,13.99,SUP245,15,275,70.0,False,2026-03-04,Active,3416.06,264,B,1,0,0
P01521,BEA-01521-3478,Pinnacle Lite Lipstick Set,Beauty,Makeup,Pinnacle,59.56,164.99,SUP081,8,112,210.0,False,2024-11-27,Active,768.94,5,C,0,1,1
P01522,BEA-01522-9518,Copperfield Compact Hair Mask,Beauty,Haircare,Copperfield,7.31,21.99,SUP084,45,194,207.0,False,2026-01-31,Active,256.45,12,C,0,1,0
P01523,ELE-01523-6142,Ironclad Premium Laptop Stand,Electronics,Laptop Accessories,Ironclad,26.89,44.99,SUP192,75,134,,False,2025-03-27,Active,4642.2,113,B,0,0,0
P01524,BEA-01524-4747,Willowbrook Essential Body Lotion,Beauty,Bath & Body,Willowbrook,4.16,8.99,SUP159,12,299,272.0,False,2024-09-07,Active,867.99,102,C,0,0,0
P01525,BEA-01525-8351,Ironclad Classic Facial Moisturizer,Beauty,Skincare,Ironclad,5.41,15.99,SUP106,12,416,261.0,False,2025-01-10,Active,1248.05,84,C,0,0,0
P01526,ELE-01526-1309,Vaultis Premium GPS Running Watch,Electronics,Wearable Tech,Vaultis,40.76,58.99,SUP012,33,101,,False,2025-06-13,Active,2320.05,43,B,0,0,0
P01527,GRO-01527-8964,Ironclad Premium Breakfast Bar Box,Grocery,Breakfast Foods,Ironclad,4.31,6.99,SUP008,22,414,271.0,True,2024-02-27,Seasonal,11139.35,1720,A,1,0,0
P01528,TOY-01528-4014,Pinnacle Signature Alphabet Learning Set,Toys,Educational Toys,Pinnacle,10.44,16.99,SUP022,63,321,,False,2025-05-22,Active,1132.38,73,C,0,0,0
P01529,CLO-01529-4019,BlueStone Classic Compression Shorts,Clothing,Activewear,BlueStone,12.43,34.99,SUP115,38,232,,False,2024-04-05,Active,6187.74,188,B,0,0,0
P01530,TOY-01530-8941,Halcyon Premium Strategy Game,Toys,Board Games & Puzzles,Halcyon,3.93,7.99,SUP008,17,353,,False,2025-03-20,Active,2621.22,349,B,1,0,0
P01531,CLO-01531-3073,Lumino Everyday Plus Canvas Sneakers,Clothing,Footwear,Lumino,25.56,54.99,SUP028,56,165,,False,2024-10-21,Discontinued,0.0,0,C,0,1,1
P01532,AUT-01532-3183,Copperfield Essential Tire Inflator,Automotive,Tire & Wheel Care,Copperfield,11.88,21.99,SUP290,38,327,,True,2025-07-09,Seasonal,17027.95,838,A,1,0,0
P01533,TOY-01533-6163,Halcyon Advanced Magnetic Tile Set,Toys,Building Sets,Halcyon,9.9,23.99,SUP121,15,272,,False,2026-02-04,Active,3528.22,160,B,0,0,0
P01534,ELE-01534-3111,Comet Classic USB-C Hub,Electronics,Laptop Accessories,Comet,153.67,306.99,SUP274,18,49,,False,2024-03-17,Active,13976.75,50,A,0,0,1
P01535,PER-01535-6997,NorthPoint Lite Digital Thermometer,Personal Care,Health Monitoring,NorthPoint,5.53,10.99,SUP042,18,436,261.0,False,2024-03-18,Active,3858.04,379,B,1,0,0
P01536,ELE-01536-6379,ClearPath Everyday Plus Lens Filter Set,Electronics,Cameras & Accessories,ClearPath,16.91,30.99,SUP098,56,211,,False,2025-02-18,Active,3392.95,116,B,0,0,0
P01537,BOO-01537-5974,ClearPath Premium Short Story Collection,Books,Fiction,ClearPath,3.61,5.99,SUP190,57,626,,True,2025-11-18,Seasonal,2249.02,408,B,1,0,0
P01538,TOY-01538-5095,Willowbrook Compact Action Figure,Toys,Action Figures & Playsets,Willowbrook,5.55,9.99,SUP294,32,249,,True,2024-09-12,Seasonal,110.77,12,C,0,1,0
P01539,GRO-01539-8468,Aurelia Series 2 Herbal Tea Sampler,Grocery,Beverages,Aurelia,3.31,4.99,SUP200,58,665,236.0,False,2025-12-14,Active,1636.79,362,C,1,0,0
P01540,BOO-01540-7805,BlueStone Premium Manga Box Set,Books,Comics & Graphic Novels,BlueStone,7.63,9.99,SUP270,21,347,,False,2024-01-03,Active,787.85,87,C,0,0,1
P01541,BEA-01541-4561,NorthPoint Compact Vitamin C Serum,Beauty,Skincare,NorthPoint,2.58,6.99,SUP012,32,590,418.0,False,2024-09-25,Active,1161.48,177,C,0,0,0
P01542,ELE-01542-2785,Glacier Signature GPS Running Watch,Electronics,Wearable Tech,Glacier,47.57,80.99,SUP077,24,133,,False,2025-04-18,Discontinued,455.37,6,C,0,1,0
P01543,ELE-01543-3985,Solstice Essential Action Camera,Electronics,Cameras & Accessories,Solstice,73.51,144.99,SUP264,26,60,,False,2025-07-25,Active,3852.35,28,B,0,1,1
P01544,ELE-01544-2338,Amberfield Everyday Plus Laptop Sleeve,Electronics,Laptop Accessories,Amberfield,61.05,97.99,SUP155,41,75,,False,2024-11-28,Active,4892.61,59,B,0,0,0
P01545,ELE-01545-6100,Rockridge Essential Over-Ear Headphones,Electronics,Headphones & Audio,Rockridge,63.11,131.99,SUP034,52,62,,False,2026-03-15,Active,1657.95,13,C,0,1,0
P01546,BOO-01546-9073,Ridgeline Ultra Mystery Novel,Books,Fiction,Ridgeline,7.22,12.99,SUP034,44,303,,False,2025-01-28,Active,1743.03,147,C,0,0,0
P01547,CLO-01547-6938,Foundry Essential Canvas Sneakers,Clothing,Footwear,Foundry,17.09,43.99,SUP218,57,192,,False,2025-08-02,Active,25285.28,618,A,1,0,1
P01548,BEA-01548-8225,Trailhaven Max Foundation,Beauty,Makeup,Trailhaven,6.59,11.99,SUP030,8,432,110.0,False,2024-04-11,Active,135.26,12,C,0,1,0
P01549,SPO-01549-4009,Solstice Compact Basketball,Sports,Team Sports Gear,Solstice,45.1,81.99,SUP149,69,106,,False,2026-04-27,Active,8985.47,116,A,0,0,1
P01550,ELE-01550-9492,Ironclad Deluxe Laptop Sleeve,Electronics,Laptop Accessories,Ironclad,72.63,138.99,SUP037,38,102,,False,2025-04-06,Active,7612.78,58,B,0,0,0
P01551,GRO-01551-3283,Harborlight Series 2 Protein Bar Box,Grocery,Snacks,Harborlight,10.92,17.99,SUP050,65,223,96.0,False,2025-03-04,Active,528.56,32,C,0,1,1
P01552,TOY-01552-6194,Ridgeline X200 STEM Building Kit,Toys,Educational Toys,Ridgeline,32.1,55.99,SUP114,6,169,,True,2024-09-03,Seasonal,2724.29,52,B,0,0,1
P01553,PER-01553-9699,Norwell Pro Cotton Swabs Bulk,Personal Care,Personal Hygiene,Norwell,2.83,6.99,SUP026,32,343,260.0,False,2025-07-08,Active,775.06,119,C,0,0,0
P01554,BEA-01554-1114,Quinley Lite Shampoo & Conditioner Set,Beauty,Haircare,Quinley,27.0,74.99,SUP185,15,98,317.0,False,2024-01-01,Active,4286.91,60,B,0,0,1
P01555,ELE-01555-7369,Pinnacle Series 2 Tripod Kit,Electronics,Cameras & Accessories,Pinnacle,22.21,36.99,SUP034,45,140,,False,2025-02-16,Active,830.94,25,C,0,1,0
P01556,TOY-01556-5393,Solstice Series 2 Alphabet Learning Set,Toys,Educational Toys,Solstice,20.39,52.99,SUP215,13,246,,True,2025-12-12,Seasonal,15411.08,311,A,1,0,1
P01557,AUT-01557-6517,Fernwood Deluxe Seat Cover Set,Automotive,Interior Accessories,Fernwood,11.67,19.99,SUP154,13,241,,False,2025-12-10,Active,2304.57,126,B,0,0,0
P01558,BEA-01558-8434,Vaultis Classic Eyeshadow Palette,Beauty,Makeup,Vaultis,9.35,21.99,SUP089,32,299,402.0,False,2025-07-26,Active,4447.78,216,B,0,0,0
P01559,HOM-01559-3562,Aurelia Ultra Shelving Unit,Home & Kitchen,Storage & Organization,Aurelia,16.34,26.99,SUP171,59,128,,False,2024-12-07,Active,14874.59,595,A,1,0,0
P01560,ELE-01560-9764,UrbanNest Max Over-Ear Headphones,Electronics,Headphones & Audio,UrbanNest,167.17,302.99,SUP115,37,49,,False,2025-04-26,Active,4782.2,17,B,0,1,1
P01561,BOO-01561-9292,Vaultis Essential Study Guide,Books,Educational & Reference,Vaultis,6.39,10.99,SUP022,53,447,,True,2024-06-03,Seasonal,2216.11,221,B,0,0,0
P01562,PER-01562-5720,NorthPoint Advanced Whitening Kit,Personal Care,Oral Care,NorthPoint,2.81,5.99,SUP078,17,544,96.0,False,2025-07-21,Active,505.11,92,C,0,0,0
P01563,SPO-01563-5757,Comet Ultra Resistance Bands Set,Sports,Fitness Equipment,Comet,18.1,41.99,SUP156,22,114,,False,2024-07-16,Active,14072.41,362,A,1,0,0
P01564,GRO-01564-7686,Amberfield Premium Popcorn Variety Pack,Grocery,Snacks,Amberfield,2.45,3.99,SUP022,51,720,342.0,False,2024-10-22,Active,114.18,31,C,0,1,0
P01565,BOO-01565-3430,Pinnacle Premium Study Guide,Books,Educational & Reference,Pinnacle,3.4,4.99,SUP211,22,306,,True,2025-10-31,Seasonal,1745.77,377,C,1,0,0
P01566,AUT-01566-4092,Solstice Max Wheel Cover Set,Automotive,Tire & Wheel Care,Solstice,9.43,18.99,SUP097,41,291,,True,2024-04-22,Seasonal,271.81,15,C,0,1,0
P01567,CLO-01567-4252,Glacier Elite High-Waist Jeans,Clothing,Women's Apparel,Glacier,5.93,12.99,SUP050,56,239,,True,2024-10-28,Seasonal,2565.67,210,B,0,0,0
P01568,TOY-01568-1797,Ashford Signature Magnetic Tile Set,Toys,Building Sets,Ashford,9.04,22.99,SUP005,35,356,,False,2024-11-21,Active,3009.75,142,B,0,0,0
P01569,BEA-01569-4349,Palisade Pro Bath Bomb Set,Beauty,Bath & Body,Palisade,13.91,36.99,SUP022,56,299,268.0,False,2026-05-13,Active,1943.32,57,C,0,0,1
P01570,GRO-01570-9730,Meridian Advanced Hot Sauce Set,Grocery,Condiments & Sauces,Meridian,5.53,9.99,SUP056,8,281,248.0,False,2025-12-20,Active,91.62,10,C,0,1,1
P01571,BOO-01571-1307,Rockridge Pro Illustrated Novel,Books,Comics & Graphic Novels,Rockridge,2.72,4.12,SUP102,16,678,,True,2024-12-05,Seasonal,282.62,74,C,0,0,0
P01572,CLO-01572-8506,Amberfield Everyday Plus Training Jacket,Clothing,Activewear,Amberfield,88.87,233.99,SUP030,7,104,,False,2025-07-08,Active,36201.86,168,A,0,0,1
P01573,PER-01573-4680,Comet Max Hand Sanitizer 3-Pack,Personal Care,Personal Hygiene,Comet,5.16,9.99,SUP159,14,449,229.0,False,2024-08-06,Active,6966.7,756,B,1,0,0
P01574,CLO-01574-3976,Vertex Deluxe Ankle Boots,Clothing,Footwear,Vertex,15.13,35.99,SUP043,16,252,,False,2025-12-22,Active,37097.98,1108,A,1,0,0
P01575,BEA-01575-3346,Silverpine Everyday Plus Shampoo & Conditioner Set,Beauty,Haircare,Silverpine,3.91,10.99,SUP281,30,502,322.0,True,2024-11-10,Seasonal,2409.98,237,B,0,0,0
P01576,BEA-01576-2875,ClearPath Lite Body Wash,Beauty,Bath & Body,ClearPath,6.41,18.99,SUP159,15,206,339.0,False,2026-04-02,Active,2434.64,137,B,0,0,0
P01577,CLO-01577-5070,Halcyon Pro Blouse,Clothing,Women's Apparel,Halcyon,6.6,17.99,SUP238,6,281,,False,2026-03-23,Active,2338.11,139,B,0,0,0
P01578,GRO-01578-3320,Ridgeline Everyday Olive Oil,Grocery,Pantry Staples,Ridgeline,3.5,5.99,SUP115,43,380,354.0,False,2024-08-15,Active,8121.78,1460,A,1,0,0
P01579,SPO-01579-6045,Silverpine Signature Yoga Mat,Sports,Fitness Equipment,Silverpine,12.46,19.99,SUP050,61,170,,False,2025-01-08,Active,4172.25,226,B,0,0,0
P01580,BEA-01580-7875,NorthPoint Essential Styling Cream,Beauty,Haircare,NorthPoint,8.52,22.99,SUP121,16,269,317.0,False,2026-04-13,Active,2646.94,124,B,0,0,0
P01581,BEA-01581-4020,Amberfield Ultra Hair Dryer,Beauty,Haircare,Amberfield,4.45,12.99,SUP115,38,317,432.0,False,2024-03-28,Active,833.79,68,C,0,0,0
P01582,BOO-01582-8891,Timbercrest X200 Picture Book,Books,Children's Books,Timbercrest,5.13,6.99,SUP171,56,377,,False,2025-08-27,Active,304.28,49,C,0,0,0
P01583,ELE-01583-1274,Pinnacle Essential Smart Bulb Kit,Electronics,Smart Home Devices,Pinnacle,33.11,52.99,SUP274,20,130,,False,2025-04-15,Active,9689.51,199,A,0,0,0
P01584,SPO-01584-2255,Vanture Pro Basketball,Sports,Team Sports Gear,Vanture,14.74,31.99,SUP056,8,119,,True,2025-05-26,Seasonal,793.62,27,C,0,1,0
P01585,CLO-01585-9346,Crestmark Classic Running Shoes,Clothing,Footwear,Crestmark,11.64,32.99,SUP022,54,161,,True,2025-06-06,Seasonal,1405.05,46,C,0,0,0
P01586,BEA-01586-8547,Vertex X200 Sunscreen SPF50,Beauty,Skincare,Vertex,9.78,20.99,SUP207,31,278,93.0,False,2025-04-03,Active,2047.37,107,C,0,0,0
P01587,SPO-01587-2058,Ironclad Lite Yoga Towel,Sports,Yoga & Wellness,Ironclad,78.64,131.99,SUP001,10,116,,False,2024-11-08,Active,3616.37,30,B,0,1,1
P01588,TOY-01588-4774,Foundry Advanced Coding Robot Kit,Toys,Educational Toys,Foundry,10.64,25.99,SUP237,29,263,,False,2025-03-03,Active,4551.58,188,B,0,0,0
P01589,AUT-01589-4155,Silverpine Classic Bluetooth Car Adapter,Automotive,Car Electronics,Silverpine,18.28,27.99,SUP211,21,251,,False,2026-06-11,Active,5743.75,226,B,0,0,0
P01590,BEA-01590-1923,Vertex Series 2 Cologne,Beauty,Fragrances,Vertex,11.37,33.99,SUP248,41,338,65.0,False,2024-03-08,Active,2555.0,80,B,0,0,0
P01591,GRO-01591-7544,Ironclad Pro Baking Mix,Grocery,Pantry Staples,Ironclad,4.71,7.99,SUP022,60,447,201.0,False,2024-05-26,Active,1045.16,141,C,0,0,0
P01592,SPO-01592-4894,Timbercrest Classic Soccer Ball,Sports,Team Sports Gear,Timbercrest,4.78,6.99,SUP048,28,413,,False,2024-02-19,Active,950.53,144,C,0,0,0
P01593,BOO-01593-8913,Silverpine Lite Study Guide,Books,Educational & Reference,Silverpine,7.53,11.99,SUP159,14,319,,False,2025-07-24,Active,0.0,0,C,0,1,1
P01594,BOO-01594-4153,Pinnacle Max Short Story Collection,Books,Fiction,Pinnacle,7.91,11.99,SUP084,38,216,,False,2024-10-28,Active,325.51,29,C,0,1,1
P01595,CLO-01595-6814,BlueStone Lite Training Jacket,Clothing,Activewear,BlueStone,16.01,30.99,SUP256,15,141,,False,2024-02-10,Active,5213.05,182,B,0,0,0
P01596,TOY-01596-9104,Driftwood X200 Magnetic Tile Set,Toys,Building Sets,Driftwood,22.44,37.99,SUP130,14,135,,False,2024-07-04,Discontinued,0.0,0,C,0,1,1
P01597,HOM-01597-3163,Trailhaven Essential Comforter,Home & Kitchen,Bedding & Linens,Trailhaven,56.89,128.99,SUP115,43,84,,False,2024-08-25,Active,26118.17,219,A,0,0,1
P01598,CLO-01598-4593,Kestrel Ultra Running Leggings,Clothing,Activewear,Kestrel,15.56,43.99,SUP039,59,162,,False,2024-03-19,Active,10404.98,258,A,1,0,0
P01599,HOM-01599-6970,Glacier Essential Throw Pillow Set,Home & Kitchen,Home Decor,Glacier,75.07,159.99,SUP159,13,62,,False,2025-11-30,Active,7773.95,52,B,0,0,1
P01600,BEA-01600-7182,Sunneva Advanced Body Wash,Beauty,Bath & Body,Sunneva,10.8,27.99,SUP089,33,298,160.0,False,2024-01-23,Active,1076.31,40,C,0,1,0
P01601,SPO-01601-4621,Rockridge Everyday Shin Guards,Sports,Team Sports Gear,Rockridge,10.66,24.99,SUP121,15,220,,False,2026-03-16,Active,2613.32,111,B,0,0,0
P01602,CLO-01602-1687,Harborlight Signature Performance Tank,Clothing,Activewear,Harborlight,14.47,34.99,SUP068,29,223,,False,2026-06-11,Active,2116.83,66,B,0,0,0
P01603,BEA-01603-7702,Novara Series 2 Body Lotion,Beauty,Bath & Body,Novara,6.65,17.99,SUP171,54,292,82.0,False,2026-04-16,Active,3927.21,234,B,0,0,0
P01604,AUT-01604-7246,Comet Series 2 Tool Kit,Automotive,Tools & Equipment,Comet,10.15,14.99,SUP253,51,240,,False,2024-07-12,Active,58.85,4,C,0,1,0
P01605,TOY-01605-4558,Silverpine Everyday Backyard Game Set,Toys,Outdoor Play,Silverpine,8.68,15.99,SUP008,17,259,,False,2024-07-27,Active,764.96,51,C,0,0,0
P01606,CLO-01606-8340,Solstice Classic Performance Tank,Clothing,Activewear,Solstice,20.59,37.99,SUP055,15,183,,True,2026-06-17,Seasonal,888.84,25,C,0,1,1
P01607,PER-01607-1790,Novara Signature Shaving Cream,Personal Care,Shaving & Grooming,Novara,3.93,5.99,SUP192,63,329,323.0,False,2025-07-22,Discontinued,0.0,0,C,0,1,0
P01608,BEA-01608-5866,Vanture Max Cleansing Foam,Beauty,Skincare,Vanture,15.86,44.99,SUP201,17,280,366.0,False,2025-05-11,Active,1339.24,32,C,0,1,1
P01609,TOY-01609-5739,Quinley Pro Card Game,Toys,Board Games & Puzzles,Quinley,18.3,32.99,SUP075,26,199,,False,2026-02-27,Active,411.18,13,C,0,1,1
P01610,HOM-01610-1849,Timbercrest Max Nonstick Frying Pan,Home & Kitchen,Cookware,Timbercrest,40.47,93.99,SUP073,21,138,,False,2024-06-23,Active,3431.66,40,B,0,1,1
P01611,GRO-01611-1380,Halcyon Elite Hot Sauce Set,Grocery,Condiments & Sauces,Halcyon,7.23,9.99,SUP215,13,265,495.0,False,2025-01-05,Active,226.09,26,C,0,1,1
P01612,GRO-01612-9887,Fernwood Signature Granola Bites,Grocery,Snacks,Fernwood,3.09,4.99,SUP159,12,638,149.0,False,2024-05-12,Active,711.83,153,C,0,0,0
P01613,ELE-01613-6609,Foundry Essential Car Mount,Electronics,Mobile Accessories,Foundry,29.39,64.99,SUP108,52,125,,False,2025-12-29,Active,3486.83,58,B,0,0,0
P01614,CLO-01614-8635,Comet Advanced Running Shoes,Clothing,Footwear,Comet,19.13,28.99,SUP016,31,230,,False,2024-07-02,Discontinued,0.0,0,C,0,1,1
P01615,HOM-01615-3855,Vaultis Signature Table Lamp,Home & Kitchen,Home Decor,Vaultis,21.89,49.99,SUP180,18,127,,False,2024-04-30,Active,6084.79,132,B,0,0,0
P01616,BOO-01616-5651,Trailhaven Compact Bedtime Stories Collection,Books,Children's Books,Trailhaven,6.44,11.99,SUP075,23,419,,False,2024-11-27,Active,26744.84,2398,A,1,0,0
P01617,HOM-01617-8938,Halcyon Series 2 Coffee Maker,Home & Kitchen,Small Appliances,Halcyon,78.29,164.99,SUP163,41,114,,True,2025-05-29,Seasonal,38073.39,252,A,0,0,1
P01618,ELE-01618-4934,Amberfield Elite Smart Plug,Electronics,Smart Home Devices,Amberfield,123.08,211.99,SUP210,28,48,,False,2024-07-05,Active,26759.99,137,A,0,0,1
P01619,PER-01619-5507,Amberfield Compact Body Wipes,Personal Care,Personal Hygiene,Amberfield,8.61,17.99,SUP133,13,166,256.0,False,2026-03-31,Active,1101.41,67,C,0,0,1
P01620,SPO-01620-8761,Harborlight Lite Bike Helmet,Sports,Cycling,Harborlight,18.74,31.99,SUP061,20,231,,False,2026-01-25,Active,1574.46,54,C,0,0,0
P01621,PER-01621-1306,Kestrel Premium Grooming Kit,Personal Care,Shaving & Grooming,Kestrel,4.61,8.99,SUP052,48,419,293.0,True,2026-04-18,Seasonal,486.66,59,C,0,0,0
P01622,CLO-01622-5958,Kestrel Ultra Sandals,Clothing,Footwear,Kestrel,5.28,12.99,SUP201,17,283,,False,2024-11-30,Active,1764.79,148,C,0,0,0
P01623,ELE-01623-6746,Willowbrook Classic Soundbar,Electronics,Headphones & Audio,Willowbrook,20.75,43.99,SUP270,23,176,,False,2024-12-20,Active,497.27,12,C,0,1,0
P01624,CLO-01624-8700,Amberfield Elite School Uniform Set,Clothing,Kids' Apparel,Amberfield,48.47,86.99,SUP293,23,152,,False,2025-04-25,Active,6429.58,79,B,0,0,1
P01625,CLO-01625-8479,Everline Ultra Kids Rain Jacket,Clothing,Kids' Apparel,Everline,43.67,78.99,SUP241,21,157,,False,2026-04-09,Discontinued,79.51,1,C,0,1,1
P01626,ELE-01626-2538,Comet Deluxe Soundbar,Electronics,Headphones & Audio,Comet,48.83,106.99,SUP171,45,89,,False,2025-04-02,Active,749.77,8,C,0,1,0
P01627,AUT-01627-1403,UrbanNest Lite Tool Kit,Automotive,Tools & Equipment,UrbanNest,29.73,49.99,SUP258,49,163,,False,2024-12-20,Active,1189.46,25,C,0,1,0
P01628,BOO-01628-2777,Trailhaven Compact Illustrated Novel,Books,Comics & Graphic Novels,Trailhaven,4.04,7.99,SUP108,61,424,,False,2025-08-24,Active,3818.96,520,B,1,0,0
P01629,TOY-01629-7703,Sunneva Everyday Plus Alphabet Learning Set,Toys,Educational Toys,Sunneva,32.52,55.99,SUP264,23,109,,False,2024-04-30,Active,3357.34,66,B,0,0,1
P01630,CLO-01630-3052,NorthPoint Signature Performance Tank,Clothing,Activewear,NorthPoint,18.19,40.99,SUP115,36,128,,False,2026-06-28,Discontinued,0.0,0,C,0,1,1
P01631,BOO-01631-7852,Amberfield Compact Mystery Novel,Books,Fiction,Amberfield,3.45,6.99,SUP171,59,312,,False,2025-09-20,Active,282.03,44,C,0,0,0
P01632,GRO-01632-9438,Norwell Series 2 Pasta Sauce Jar,Grocery,Condiments & Sauces,Norwell,5.11,8.99,SUP034,52,219,416.0,False,2025-02-08,Active,2220.2,265,B,1,0,0
P01633,PER-01633-7124,Palisade Pro Probiotic Capsules,Personal Care,Vitamins & Supplements,Palisade,6.57,13.99,SUP148,30,360,324.0,False,2024-03-23,Active,899.74,69,C,0,0,0
P01634,BEA-01634-2093,Glacier Elite Body Mist,Beauty,Fragrances,Glacier,6.17,10.99,SUP087,7,268,363.0,False,2024-10-21,Active,2512.87,242,B,0,0,0
P01635,HOM-01635-5410,Glacier Ultra Storage Bin Set,Home & Kitchen,Storage & Organization,Glacier,22.03,34.99,SUP102,19,178,,False,2025-06-06,Active,2260.31,69,B,0,0,0
P01636,ELE-01636-3477,Amberfield Max Bluetooth Speaker,Electronics,Headphones & Audio,Amberfield,19.1,34.99,SUP171,48,218,,False,2026-06-07,Active,5170.52,161,B,0,0,0
P01637,BOO-01637-6826,Harborlight Max Literary Fiction Hardcover,Books,Fiction,Harborlight,4.92,8.99,SUP264,26,217,,False,2025-03-20,Active,971.61,118,C,0,0,0
P01638,PER-01638-4940,Vaultis Advanced Hand Sanitizer 3-Pack,Personal Care,Personal Hygiene,Vaultis,3.29,6.99,SUP248,41,448,73.0,False,2026-06-28,Active,298.93,45,C,0,0,0
P01639,AUT-01639-5405,Driftwood Series 2 Jump Starter,Automotive,Tools & Equipment,Driftwood,21.14,43.99,SUP091,22,136,,False,2025-04-17,Active,7206.52,178,B,0,0,0
P01640,SPO-01640-6460,Everline Compact Meditation Cushion,Sports,Yoga & Wellness,Everline,10.58,15.99,SUP211,25,272,,False,2025-12-13,Active,13465.03,912,A,1,0,0
P01641,PER-01641-4386,Rockridge Max Pulse Oximeter,Personal Care,Health Monitoring,Rockridge,5.4,7.99,SUP159,13,249,196.0,True,2024-03-30,Seasonal,1582.0,216,C,0,0,0
P01642,SPO-01642-9473,Driftwood Classic Massage Roller,Sports,Yoga & Wellness,Driftwood,27.58,59.99,SUP090,28,155,,False,2025-12-28,Active,4147.69,73,B,0,0,0
P01643,GRO-01643-1447,Cedarwood Everyday Cereal Box,Grocery,Breakfast Foods,Cedarwood,4.25,7.99,SUP274,18,439,345.0,True,2024-08-08,Seasonal,129.81,18,C,0,1,0
P01644,BOO-01644-7529,Silverpine X200 Study Guide,Books,Educational & Reference,Silverpine,4.94,9.99,SUP031,23,421,,False,2025-01-06,Active,3739.12,405,B,1,0,0
P01645,ELE-01645-5466,Comet Series 2 Lens Filter Set,Electronics,Cameras & Accessories,Comet,353.3,696.99,SUP241,20,24,,False,2024-10-21,Active,9095.92,14,A,0,1,1
P01646,HOM-01646-7233,Ironclad Everyday Stand Mixer,Home & Kitchen,Small Appliances,Ironclad,12.39,24.99,SUP052,66,320,,False,2025-05-06,Active,4001.67,171,B,0,0,0
P01647,BEA-01647-8046,Sunneva Deluxe Cleansing Foam,Beauty,Skincare,Sunneva,5.79,11.99,SUP270,25,326,414.0,False,2025-07-14,Active,3769.16,332,B,1,0,0
P01648,HOM-01648-8788,Timbercrest Ultra Air Fryer,Home & Kitchen,Small Appliances,Timbercrest,10.59,18.99,SUP210,27,239,,False,2024-11-16,Active,9107.09,519,A,1,0,0
P01649,PER-01649-1458,Copperfield Pro Pulse Oximeter,Personal Care,Health Monitoring,Copperfield,12.05,24.99,SUP134,30,274,405.0,False,2024-02-22,Active,6522.8,285,B,1,0,1
P01650,PER-01650-4320,Vaultis Compact Toothbrush 4-Pack,Personal Care,Oral Care,Vaultis,5.01,10.99,SUP019,16,509,512.0,False,2025-07-18,Active,3866.94,379,B,1,0,0
P01651,BEA-01651-1335,BlueStone Advanced Fragrance Gift Set,Beauty,Fragrances,BlueStone,20.27,56.99,SUP037,32,200,223.0,False,2025-01-18,Active,913.97,17,C,0,1,1
P01652,SPO-01652-4012,Halcyon Everyday Resistance Bands Set,Sports,Fitness Equipment,Halcyon,17.32,30.99,SUP032,42,216,,False,2026-01-23,Active,1217.08,41,C,0,1,0
P01653,BEA-01653-2523,Comet Essential Cologne,Beauty,Fragrances,Comet,3.4,9.99,SUP218,57,539,181.0,True,2025-09-26,Seasonal,316.2,39,C,0,1,0
P01654,HOM-01654-6904,Vaultis Essential Shelving Unit,Home & Kitchen,Storage & Organization,Vaultis,10.35,23.99,SUP171,54,289,,True,2024-12-07,Discontinued,24.0,1,C,0,1,0
P01655,GRO-01655-3656,Novara Classic Breakfast Bar Box,Grocery,Breakfast Foods,Novara,2.58,3.99,SUP052,53,557,311.0,False,2024-02-17,Active,3546.03,965,B,1,0,0
P01656,HOM-01656-5363,Ironclad Max Cookware Set,Home & Kitchen,Cookware,Ironclad,18.08,41.99,SUP102,14,187,,False,2025-05-03,Discontinued,130.12,3,C,0,1,0
P01657,GRO-01657-5499,ClearPath Essential Olive Oil,Grocery,Pantry Staples,ClearPath,7.33,9.99,SUP078,23,297,439.0,False,2025-12-26,Active,227.04,24,C,0,1,1
P01658,HOM-01658-1697,Foundry Pro Drawer Dividers,Home & Kitchen,Storage & Organization,Foundry,26.32,45.99,SUP180,15,184,,False,2025-12-07,Active,4272.14,98,B,0,0,0
P01659,ELE-01659-8457,Brightline Pro Tripod Kit,Electronics,Cameras & Accessories,Brightline,292.3,536.99,SUP084,44,39,,False,2024-11-01,Discontinued,2770.2,5,B,0,1,1
P01660,HOM-01660-5197,Rockridge Elite Drawer Dividers,Home & Kitchen,Storage & Organization,Rockridge,5.86,12.99,SUP220,67,236,,False,2024-07-09,Active,34968.3,2902,A,1,0,0
P01661,PER-01661-1266,Crestmark Classic Beard Trimmer,Personal Care,Shaving & Grooming,Crestmark,3.93,5.99,SUP196,36,423,303.0,False,2024-03-08,Active,354.16,66,C,0,0,0
P01662,ELE-01662-1902,Ostrom X200 Laptop Sleeve,Electronics,Laptop Accessories,Ostrom,33.14,47.99,SUP057,40,148,,False,2025-07-10,Active,9753.95,217,A,0,0,0
P01663,GRO-01663-8036,Rockridge Everyday Oatmeal Packets,Grocery,Breakfast Foods,Rockridge,5.43,7.99,SUP083,19,377,389.0,True,2024-08-27,Seasonal,198.56,27,C,0,1,1
P01664,CLO-01664-9429,Vanture Classic Sandals,Clothing,Footwear,Vanture,10.27,15.99,SUP159,13,277,,False,2025-12-08,Discontinued,58.2,5,C,0,1,0
P01665,GRO-01665-7429,Novara Ultra Sparkling Water Case,Grocery,Beverages,Novara,2.89,4.31,SUP274,17,454,541.0,False,2025-06-28,Active,175.8,43,C,0,0,0
P01666,CLO-01666-3656,Cedarwood Everyday Plus Cardigan,Clothing,Women's Apparel,Cedarwood,10.4,21.99,SUP025,13,180,,True,2024-02-17,Seasonal,844.49,41,C,0,1,0
P01667,ELE-01667-5492,Vanture Classic Laptop Sleeve,Electronics,Laptop Accessories,Vanture,58.43,126.99,SUP098,59,115,,False,2025-09-22,Discontinued,94.0,1,C,0,1,0
P01668,BOO-01668-3472,Ashford Advanced Bedtime Stories Collection,Books,Children's Books,Ashford,8.15,14.99,SUP171,58,173,,False,2024-08-19,Active,0.0,0,C,0,1,1
P01669,CLO-01669-2731,Trailhaven Signature High-Waist Jeans,Clothing,Women's Apparel,Trailhaven,7.82,19.99,SUP083,16,231,,False,2026-03-06,Active,2397.76,128,B,0,0,0
P01670,SPO-01670-8784,Palisade Classic Shin Guards,Sports,Team Sports Gear,Palisade,22.59,43.99,SUP074,23,224,,False,2024-01-24,Active,2008.19,49,C,0,0,0
P01671,CLO-01671-1765,Glacier Everyday Training Jacket,Clothing,Activewear,Glacier,8.62,13.99,SUP116,13,246,,False,2024-11-30,Discontinued,14.09,1,C,0,1,0
P01672,BEA-01672-4875,Comet Essential Facial Moisturizer,Beauty,Skincare,Comet,2.24,5.99,SUP043,15,499,474.0,False,2024-01-06,Active,982.88,177,C,0,0,0
P01673,GRO-01673-2423,BlueStone Signature Sports Drink Case,Grocery,Beverages,BlueStone,6.73,9.99,SUP171,45,215,291.0,False,2025-07-31,Active,2314.37,247,B,0,0,1
P01674,HOM-01674-5421,Cedarwood Signature Air Fryer,Home & Kitchen,Small Appliances,Cedarwood,12.69,22.99,SUP263,41,176,,False,2025-03-11,Active,11799.94,551,A,1,0,0
P01675,CLO-01675-3995,Driftwood Series 2 Running Shoes,Clothing,Footwear,Driftwood,1.93,4.99,SUP274,17,544,,False,2025-05-01,Discontinued,13.01,3,C,0,1,0
P01676,ELE-01676-4514,Aurelia Max Laptop Sleeve,Electronics,Laptop Accessories,Aurelia,36.77,63.99,SUP137,47,101,,False,2025-10-01,Active,1888.91,34,C,0,1,0
P01677,GRO-01677-5776,Norwell Pro Pasta Sauce Jar,Grocery,Condiments & Sauces,Norwell,2.32,3.99,SUP075,21,448,349.0,False,2026-03-28,Active,86.72,23,C,0,1,0
P01678,SPO-01678-3882,Solstice Deluxe Basketball,Sports,Team Sports Gear,Solstice,20.09,45.99,SUP104,23,238,,False,2024-12-15,Active,696.14,16,C,0,1,0
P01679,ELE-01679-4144,Solstice X200 GPS Running Watch,Electronics,Wearable Tech,Solstice,26.74,56.99,SUP053,11,156,,False,2025-06-04,Active,35027.67,661,A,1,0,0
P01680,ELE-01680-3611,Timbercrest Series 2 Security Camera,Electronics,Smart Home Devices,Timbercrest,40.76,77.99,SUP171,54,72,,True,2025-07-20,Seasonal,3045.27,42,B,0,0,0
P01681,SPO-01681-6028,Aurelia Deluxe Camp Chair,Sports,Outdoor Recreation,Aurelia,16.65,30.99,SUP028,49,264,,False,2026-03-14,Active,1050.27,35,C,0,1,0
P01682,BEA-01682-7015,Foundry Series 2 Sunscreen SPF50,Beauty,Skincare,Foundry,4.03,9.99,SUP081,7,532,138.0,False,2024-06-23,Active,345.76,36,C,0,1,0
P01683,TOY-01683-8931,Novara Series 2 1000-Piece Puzzle,Toys,Board Games & Puzzles,Novara,6.73,17.99,SUP034,48,209,,False,2025-04-22,Active,15279.6,915,A,1,0,0
P01684,PER-01684-9947,Everline Series 2 Deodorant 2-Pack,Personal Care,Personal Hygiene,Everline,3.26,6.99,SUP050,48,366,499.0,False,2026-02-01,Active,12.39,2,C,0,1,0
P01685,PER-01685-2167,UrbanNest Elite Probiotic Capsules,Personal Care,Vitamins & Supplements,UrbanNest,5.41,9.99,SUP191,50,264,183.0,True,2024-09-13,Seasonal,523.16,56,C,0,0,0
P01686,BEA-01686-7272,Ashford Ultra Cleansing Foam,Beauty,Skincare,Ashford,9.69,18.99,SUP295,18,302,208.0,False,2024-11-26,Active,665.86,37,C,0,1,0
P01687,GRO-01687-9048,NorthPoint Pro Herbal Tea Sampler,Grocery,Beverages,NorthPoint,3.61,5.14,SUP192,69,486,191.0,False,2025-02-13,Discontinued,9.77,2,C,0,1,0
P01688,BOO-01688-2097,Fernwood Everyday Plus Picture Book,Books,Children's Books,Fernwood,3.99,6.99,SUP058,10,520,,False,2025-10-06,Active,2861.01,444,B,1,0,0
P01689,BOO-01689-2748,Halcyon Pro Self-Help Guide,Books,Non-Fiction,Halcyon,4.14,7.99,SUP115,41,417,,False,2025-09-03,Active,23.64,3,C,0,1,0
P01690,BOO-01690-2328,Ironclad Max Fantasy Trilogy Box Set,Books,Fiction,Ironclad,12.49,20.99,SUP171,55,188,,False,2024-04-28,Active,574.04,31,C,0,1,1
P01691,GRO-01691-5432,Rockridge Signature Cereal Box,Grocery,Breakfast Foods,Rockridge,2.9,4.99,SUP260,8,393,150.0,False,2024-07-06,Active,450.57,98,C,0,0,0
P01692,ELE-01692-8188,Ridgeline Everyday Car Mount,Electronics,Mobile Accessories,Ridgeline,35.29,50.99,SUP207,29,146,,False,2026-01-16,Active,1869.71,40,C,0,1,0
P01693,HOM-01693-7602,Comet Signature Sheet Set,Home & Kitchen,Bedding & Linens,Comet,21.55,44.99,SUP028,48,149,,False,2025-09-06,Active,753.05,18,C,0,1,0
P01694,HOM-01694-7294,Pinnacle Signature Comforter,Home & Kitchen,Bedding & Linens,Pinnacle,30.41,61.99,SUP171,45,127,,False,2025-04-17,Active,3160.16,53,B,0,0,0
P01695,ELE-01695-7270,Brightline Max Bluetooth Speaker,Electronics,Headphones & Audio,Brightline,9.31,15.99,SUP044,31,200,,False,2025-01-18,Active,763.35,51,C,0,0,0
P01696,PER-01696-8486,Rockridge Advanced Probiotic Capsules,Personal Care,Vitamins & Supplements,Rockridge,12.75,23.99,SUP102,16,278,418.0,False,2026-06-03,Active,4256.97,188,B,0,0,1
P01697,ELE-01697-7822,Willowbrook Deluxe GPS Running Watch,Electronics,Wearable Tech,Willowbrook,46.37,70.99,SUP288,33,120,,True,2026-03-15,Seasonal,18451.86,279,A,1,0,0
P01698,BOO-01698-5322,Novara Series 2 Language Learning Workbook,Books,Educational & Reference,Novara,9.95,15.99,SUP270,25,195,,False,2025-01-04,Active,17137.73,1151,A,1,0,1
P01699,PER-01699-7422,BlueStone Everyday Whitening Kit,Personal Care,Oral Care,BlueStone,2.42,5.99,SUP064,9,518,358.0,False,2024-11-16,Active,1081.22,197,C,0,0,0
P01700,BEA-01700-1365,Amberfield Max Cologne,Beauty,Fragrances,Amberfield,18.15,42.99,SUP211,22,216,149.0,False,2026-03-07,Active,7189.25,181,B,0,0,1
P01701,CLO-01701-1144,Pinnacle Everyday Canvas Sneakers,Clothing,Footwear,Pinnacle,31.43,53.99,SUP084,49,158,,False,2024-11-11,Active,3495.73,70,B,0,0,1
P01702,SPO-01702-5094,Kestrel Advanced Massage Roller,Sports,Yoga & Wellness,Kestrel,6.07,8.99,SUP005,40,322,,False,2025-01-10,Active,13395.57,1608,A,1,0,0
P01703,GRO-01703-5463,Sunneva Ultra BBQ Sauce,Grocery,Condiments & Sauces,Sunneva,5.55,9.99,SUP258,44,400,483.0,False,2026-04-16,Active,958.79,105,C,0,0,1
P01704,CLO-01704-8309,Vaultis Everyday Slim Fit Shirt,Clothing,Men's Apparel,Vaultis,24.12,63.99,SUP247,6,174,,False,2024-04-08,Active,2225.92,38,B,0,1,1
P01705,TOY-01705-4411,Copperfield Signature Backyard Game Set,Toys,Outdoor Play,Copperfield,37.22,62.99,SUP075,23,80,,False,2025-10-03,Active,9068.01,157,A,0,0,1
P01706,TOY-01706-3314,Amberfield Series 2 Coding Robot Kit,Toys,Educational Toys,Amberfield,29.49,68.99,SUP225,63,151,,False,2025-09-19,Active,993.34,15,C,0,1,1
P01707,TOY-01707-9350,Vertex Pro STEM Building Kit,Toys,Educational Toys,Vertex,12.17,18.99,SUP010,49,141,,False,2024-12-11,Active,828.78,48,C,0,0,0
P01708,PER-01708-7255,Lumino Everyday Plus Shaving Cream,Personal Care,Shaving & Grooming,Lumino,5.31,8.99,SUP159,12,454,253.0,False,2024-06-15,Active,2009.53,245,C,0,0,0
P01709,BEA-01709-9591,Silverpine Series 2 Fragrance Gift Set,Beauty,Fragrances,Silverpine,4.65,10.99,SUP294,40,498,387.0,False,2026-02-24,Active,3988.14,393,B,1,0,0
P01710,TOY-01710-6670,Timbercrest Everyday Plus Action Figure,Toys,Action Figures & Playsets,Timbercrest,6.99,14.99,SUP234,7,192,,False,2025-12-30,Active,3283.47,237,B,0,0,0
P01711,BOO-01711-3306,Cedarwood Lite Self-Help Guide,Books,Non-Fiction,Cedarwood,3.33,4.99,SUP161,42,400,,True,2026-02-21,Seasonal,519.24,112,C,0,0,0
P01712,SPO-01712-3710,Quinley Max Camp Chair,Sports,Outdoor Recreation,Quinley,21.11,42.99,SUP102,16,210,,False,2024-11-01,Active,3723.11,95,B,0,0,0
P01713,SPO-01713-7407,Ridgeline Compact Meditation Cushion,Sports,Yoga & Wellness,Ridgeline,4.06,8.99,SUP211,26,478,,False,2026-05-28,Active,4545.74,542,B,1,0,0
P01714,TOY-01714-2417,Driftwood Deluxe Sidewalk Chalk Set,Toys,Outdoor Play,Driftwood,12.05,19.99,SUP290,40,208,,False,2025-11-20,Active,467.81,25,C,0,1,0
P01715,AUT-01715-3133,Aurelia Deluxe Mud Flap Set,Automotive,Exterior Accessories,Aurelia,23.39,43.99,SUP043,18,127,,False,2024-08-06,Active,4467.7,113,B,0,0,0
P01716,GRO-01716-7857,Novara Advanced Rice 5lb Bag,Grocery,Pantry Staples,Novara,2.82,4.23,SUP012,30,422,275.0,False,2025-03-15,Active,8.48,2,C,0,1,0
P01717,SPO-01717-7736,Palisade Essential Resistance Bands Set,Sports,Fitness Equipment,Palisade,10.27,16.99,SUP102,17,170,,False,2024-10-15,Active,5553.88,352,B,1,0,0
P01718,GRO-01718-6912,Lumino Signature Coffee Pods Box,Grocery,Beverages,Lumino,5.57,8.99,SUP153,43,503,466.0,False,2025-05-04,Active,84.8,11,C,0,1,1
P01719,BOO-01719-3691,Amberfield Ultra Study Guide,Books,Educational & Reference,Amberfield,9.59,16.99,SUP058,10,301,,True,2024-06-20,Seasonal,1212.35,74,C,0,0,1
P01720,TOY-01720-1634,Aurelia Compact Water Blaster,Toys,Outdoor Play,Aurelia,8.2,12.99,SUP171,60,297,,False,2025-10-31,Active,1091.61,91,C,0,0,0
P01721,TOY-01721-7574,Fernwood Series 2 Construction Blocks,Toys,Building Sets,Fernwood,5.29,9.99,SUP077,22,513,,False,2025-02-23,Active,2280.69,244,B,0,0,0
P01722,BEA-01722-3320,Everline Series 2 Sunscreen SPF50,Beauty,Skincare,Everline,26.32,74.99,SUP294,37,133,121.0,False,2025-08-29,Active,109887.84,1577,A,1,0,1
P01723,CLO-01723-1243,Driftwood X200 Running Shoes,Clothing,Footwear,Driftwood,2.84,5.99,SUP066,5,672,,False,2025-08-08,Discontinued,0.0,0,C,0,1,0
P01724,GRO-01724-6091,Vertex Essential Salad Dressing Set,Grocery,Condiments & Sauces,Vertex,5.09,7.99,SUP241,26,494,414.0,False,2025-08-28,Discontinued,29.34,4,C,0,1,0
P01725,HOM-01725-7323,Ridgeline Deluxe Wall Art Set,Home & Kitchen,Home Decor,Ridgeline,17.8,34.99,SUP288,34,126,,True,2025-11-24,Seasonal,5040.7,156,B,0,0,0
P01726,GRO-01726-4695,Harborlight Pro Pasta Sauce Jar,Grocery,Condiments & Sauces,Harborlight,2.99,4.99,SUP149,54,705,318.0,False,2025-08-23,Active,334.75,72,C,0,0,0
P01727,PER-01727-4786,Amberfield Everyday Body Wipes,Personal Care,Personal Hygiene,Amberfield,1.96,3.24,SUP045,19,760,159.0,False,2025-04-15,Active,1459.24,488,C,1,0,0
P01728,GRO-01728-5117,Pinnacle Lite Rice 5lb Bag,Grocery,Pantry Staples,Pinnacle,10.04,15.99,SUP270,18,221,225.0,False,2025-06-17,Active,804.8,56,C,0,0,1
P01729,PER-01729-7646,UrbanNest Signature Beard Trimmer,Personal Care,Shaving & Grooming,UrbanNest,4.28,6.99,SUP115,44,373,98.0,False,2025-07-29,Active,2321.78,356,B,1,0,0
P01730,HOM-01730-8927,Silverpine Lite Comforter,Home & Kitchen,Bedding & Linens,Silverpine,22.1,50.99,SUP159,12,104,,False,2026-01-06,Active,3491.21,74,B,0,0,0
P01731,SPO-01731-1824,Kestrel Elite Cycling Gloves,Sports,Cycling,Kestrel,27.55,52.99,SUP012,25,182,,False,2025-03-09,Active,7045.27,145,B,0,0,0
P01732,CLO-01732-2650,Meridian Max Running Leggings,Clothing,Activewear,Meridian,19.44,49.99,SUP090,28,148,,False,2024-09-30,Active,375.4,9,C,0,1,1
P01733,SPO-01733-8811,Comet X200 Bike Water Bottle Cage,Sports,Cycling,Comet,49.96,86.99,SUP159,12,91,,False,2024-08-18,Active,79512.17,989,A,1,0,1
P01734,BOO-01734-4056,Ostrom Essential Activity Book,Books,Children's Books,Ostrom,2.99,5.99,SUP196,34,503,,False,2024-06-14,Discontinued,18.03,3,C,0,1,0
P01735,SPO-01735-6988,Pinnacle Advanced Shin Guards,Sports,Team Sports Gear,Pinnacle,133.89,193.99,SUP277,53,62,,False,2025-07-03,Discontinued,383.81,2,C,0,1,1
P01736,PER-01736-1294,BlueStone Signature Shaving Cream,Personal Care,Shaving & Grooming,BlueStone,6.41,13.99,SUP164,27,244,243.0,True,2025-11-01,Seasonal,450.48,36,C,0,1,0
P01737,CLO-01737-4337,Foundry Max Denim Jacket,Clothing,Men's Apparel,Foundry,9.92,24.99,SUP068,27,149,,False,2024-10-16,Active,5490.0,234,B,0,0,0
P01738,ELE-01738-6320,UrbanNest Premium Camera Backpack,Electronics,Cameras & Accessories,UrbanNest,35.23,52.99,SUP159,14,151,,False,2025-05-07,Active,10830.67,219,A,0,0,0
P01739,GRO-01739-4073,Copperfield Elite Trail Mix,Grocery,Snacks,Copperfield,2.44,3.99,SUP019,18,525,325.0,False,2024-12-05,Active,36.17,10,C,0,1,0
P01740,SPO-01740-3460,UrbanNest Signature Yoga Mat,Sports,Fitness Equipment,UrbanNest,12.63,21.99,SUP028,53,267,,False,2026-04-01,Active,10183.72,493,A,1,0,0
P01741,CLO-01741-3658,Ostrom Essential Crew Neck Tee 3-Pack,Clothing,Men's Apparel,Ostrom,8.59,22.99,SUP093,17,251,,True,2026-04-06,Discontinued,116.01,5,C,0,1,0
P01742,CLO-01742-7091,Kestrel Lite Cardigan,Clothing,Women's Apparel,Kestrel,14.43,31.99,SUP008,18,186,,False,2026-05-30,Active,5124.6,176,B,0,0,0
P01743,BOO-01743-6298,NorthPoint Compact History Hardcover,Books,Non-Fiction,NorthPoint,4.07,6.99,SUP019,16,565,,False,2026-02-24,Active,1704.74,266,C,1,0,0
P01744,BEA-01744-3641,Ridgeline Compact Eyeshadow Palette,Beauty,Makeup,Ridgeline,7.53,18.99,SUP005,34,239,68.0,False,2026-03-01,Active,1303.04,76,C,0,0,0
P01745,TOY-01745-1354,Everline Signature Water Blaster,Toys,Outdoor Play,Everline,15.27,38.99,SUP037,37,182,,False,2025-05-23,Active,9178.33,255,A,1,0,0
P01746,SPO-01746-3380,Cedarwood Max Foam Roller,Sports,Fitness Equipment,Cedarwood,8.71,19.99,SUP248,36,241,,False,2025-05-14,Active,1408.49,76,C,0,0,0
P01747,SPO-01747-7406,Brightline Pro Bike Water Bottle Cage,Sports,Cycling,Brightline,28.33,47.99,SUP093,21,106,,False,2024-10-02,Active,7333.29,164,B,0,0,0
P01748,SPO-01748-8484,Sunneva Lite Meditation Cushion,Sports,Yoga & Wellness,Sunneva,89.07,142.99,SUP270,22,57,,False,2025-11-18,Active,6279.14,47,B,0,0,1
P01749,AUT-01749-8079,Vaultis Max Jump Starter,Automotive,Tools & Equipment,Vaultis,15.7,28.99,SUP266,50,275,,False,2024-10-18,Discontinued,0.0,0,C,0,1,0
P01750,BOO-01750-9927,Foundry Ultra History Hardcover,Books,Non-Fiction,Foundry,4.29,6.99,SUP258,40,266,,False,2024-10-31,Active,460.67,72,C,0,0,0
P01751,PER-01751-3279,Solstice Essential Beard Trimmer,Personal Care,Shaving & Grooming,Solstice,2.12,3.99,SUP052,56,708,364.0,True,2026-05-12,Seasonal,91.86,25,C,0,1,0
P01752,ELE-01752-7651,ClearPath Max Camera Backpack,Electronics,Cameras & Accessories,ClearPath,48.47,94.99,SUP087,9,72,,False,2024-01-14,Active,53322.83,609,A,1,0,0
P01753,BOO-01753-2259,Ostrom Elite Language Learning Workbook,Books,Educational & Reference,Ostrom,4.78,7.99,SUP135,10,271,,False,2024-04-17,Active,199.2,28,C,0,1,0
P01754,SPO-01754-9098,Pinnacle Classic Soccer Ball,Sports,Team Sports Gear,Pinnacle,66.88,150.99,SUP116,12,108,,False,2025-12-12,Active,40887.96,292,A,1,0,1
P01755,CLO-01755-9742,BlueStone Lite Canvas Sneakers,Clothing,Footwear,BlueStone,2.7,5.99,SUP020,7,583,,False,2025-09-16,Active,732.07,132,C,0,0,0
P01756,GRO-01756-5439,Vanture X200 Baking Mix,Grocery,Pantry Staples,Vanture,1.69,2.99,SUP056,8,594,247.0,False,2025-12-13,Active,574.03,212,C,0,0,0
P01757,CLO-01757-6705,Sunneva Compact Performance Tank,Clothing,Activewear,Sunneva,9.89,15.99,SUP171,52,201,,True,2025-03-01,Seasonal,319.47,22,C,0,1,0
P01758,BEA-01758-3639,ClearPath Advanced Fragrance Gift Set,Beauty,Fragrances,ClearPath,6.82,14.99,SUP192,64,293,261.0,True,2024-01-08,Seasonal,1321.47,94,C,0,0,0
P01759,PER-01759-7244,Rockridge Deluxe Multivitamin Bottle,Personal Care,Vitamins & Supplements,Rockridge,4.19,8.99,SUP102,14,544,252.0,False,2024-09-28,Active,387.47,46,C,0,0,0
P01760,GRO-01760-3130,NorthPoint Deluxe Olive Oil,Grocery,Pantry Staples,NorthPoint,5.88,9.99,SUP075,24,408,121.0,False,2026-02-26,Active,11701.64,1257,A,1,0,1
P01761,HOM-01761-6690,ClearPath Compact Stock Pot,Home & Kitchen,Cookware,ClearPath,6.75,11.99,SUP164,22,425,,False,2025-08-30,Active,614.48,53,C,0,0,0
P01762,CLO-01762-5143,Amberfield Signature Kids Graphic Tee,Clothing,Kids' Apparel,Amberfield,10.59,23.99,SUP188,22,202,,False,2026-03-14,Active,10586.26,467,A,1,0,0
P01763,BEA-01763-3242,Harborlight Everyday Shampoo & Conditioner Set,Beauty,Haircare,Harborlight,4.08,9.99,SUP204,18,406,475.0,False,2024-01-09,Active,5047.84,545,B,1,0,0
P01764,ELE-01764-7849,Glacier Deluxe Over-Ear Headphones,Electronics,Headphones & Audio,Glacier,34.13,46.99,SUP245,16,149,,False,2024-10-19,Active,22808.99,521,A,1,0,0
P01765,CLO-01765-8214,UrbanNest Elite Compression Shorts,Clothing,Activewear,UrbanNest,10.59,23.99,SUP164,28,326,,True,2025-09-18,Seasonal,865.43,38,C,0,1,0
P01766,CLO-01766-1628,Palisade Elite Kids Graphic Tee,Clothing,Kids' Apparel,Palisade,3.58,8.99,SUP102,15,491,,True,2024-01-16,Seasonal,11681.5,1394,A,1,0,0
P01767,HOM-01767-5332,Cedarwood Deluxe Area Rug,Home & Kitchen,Home Decor,Cedarwood,8.76,19.99,SUP090,24,168,,False,2025-02-14,Active,33139.0,1795,A,1,0,0
P01768,BOO-01768-6930,Novara Compact Self-Help Guide,Books,Non-Fiction,Novara,6.55,11.99,SUP011,28,307,,False,2026-03-09,Active,1777.16,158,C,0,0,0
P01769,CLO-01769-3370,Silverpine Compact Sandals,Clothing,Footwear,Silverpine,13.95,23.99,SUP115,46,278,,False,2024-05-27,Active,742.55,34,C,0,1,0
P01770,TOY-01770-3370,Trailhaven Essential Card Game,Toys,Board Games & Puzzles,Trailhaven,4.4,9.99,SUP261,48,500,,False,2024-03-05,Active,396.53,45,C,0,0,0
P01771,BEA-01771-6340,Pinnacle Everyday Body Mist,Beauty,Fragrances,Pinnacle,28.96,84.99,SUP171,61,198,459.0,False,2025-08-03,Active,10039.56,130,A,0,0,1
P01772,HOM-01772-4522,Cedarwood Pro Table Lamp,Home & Kitchen,Home Decor,Cedarwood,17.31,36.99,SUP170,29,229,,True,2024-07-30,Seasonal,3971.67,115,B,0,0,0
P01773,PER-01773-8951,Glacier Lite Omega-3 Softgels,Personal Care,Vitamins & Supplements,Glacier,6.52,13.99,SUP052,63,229,525.0,False,2024-06-16,Active,1702.88,131,C,0,0,0
P01774,CLO-01774-7250,Norwell Pro Chino Pants,Clothing,Men's Apparel,Norwell,22.08,48.99,SUP171,48,123,,False,2025-05-09,Active,90.82,2,C,0,1,1
P01775,ELE-01775-7985,Brightline Lite USB-C Hub,Electronics,Laptop Accessories,Brightline,26.46,57.99,SUP037,38,130,,False,2025-07-06,Active,4410.02,86,B,0,0,0
P01776,AUT-01776-8810,Ironclad Classic Mud Flap Set,Automotive,Exterior Accessories,Ironclad,21.37,35.99,SUP086,45,113,,True,2026-01-14,Seasonal,11020.97,332,A,1,0,0
P01777,HOM-01777-7403,UrbanNest Everyday Wall Art Set,Home & Kitchen,Home Decor,UrbanNest,27.34,45.99,SUP164,26,171,,False,2024-04-04,Active,11380.39,267,A,1,0,0
P01778,TOY-01778-6133,BlueStone Pro Kickball Set,Toys,Outdoor Play,BlueStone,7.61,16.99,SUP012,30,261,,False,2025-12-14,Active,697.63,43,C,0,0,0
P01779,SPO-01779-3406,Ironclad Compact Resistance Bands Set,Sports,Fitness Equipment,Ironclad,7.54,13.99,SUP079,22,221,,False,2025-09-03,Active,1284.94,96,C,0,0,0
P01780,PER-01780-3348,Ashford Advanced Whitening Kit,Personal Care,Oral Care,Ashford,5.92,12.99,SUP022,60,264,313.0,False,2025-09-13,Active,136.91,11,C,0,1,0
P01781,PER-01781-3510,Silverpine Advanced Omega-3 Softgels,Personal Care,Vitamins & Supplements,Silverpine,6.71,9.99,SUP032,57,438,398.0,False,2024-08-05,Active,358.64,38,C,0,1,0
P01782,GRO-01782-1568,Timbercrest Essential Popcorn Variety Pack,Grocery,Snacks,Timbercrest,1.5,2.99,SUP094,55,892,164.0,False,2026-01-25,Active,233.86,82,C,0,0,0
P01783,TOY-01783-8477,UrbanNest Elite Kickball Set,Toys,Outdoor Play,UrbanNest,7.69,14.99,SUP196,35,250,,False,2024-04-22,Active,3386.07,242,B,0,0,0
P01784,GRO-01784-9435,Meridian Compact Olive Oil,Grocery,Pantry Staples,Meridian,8.34,11.99,SUP068,25,350,73.0,True,2025-09-17,Seasonal,315.24,29,C,0,1,1
P01785,BOO-01785-8196,Rockridge Signature Comic Anthology,Books,Comics & Graphic Novels,Rockridge,5.2,9.99,SUP008,17,498,,False,2024-05-02,Discontinued,9.2,1,C,0,1,0
P01786,BOO-01786-3627,UrbanNest Deluxe Early Reader Set,Books,Children's Books,UrbanNest,6.53,10.99,SUP115,36,397,,False,2025-08-04,Active,2886.09,281,B,1,0,0
P01787,ELE-01787-8749,Foundry Premium Lens Filter Set,Electronics,Cameras & Accessories,Foundry,80.43,139.99,SUP052,50,73,,False,2025-02-15,Active,10206.03,80,A,0,0,1
P01788,ELE-01788-6473,Silverpine Classic Smartwatch Band,Electronics,Wearable Tech,Silverpine,59.13,104.99,SUP228,16,70,,True,2024-06-01,Seasonal,3307.57,33,B,0,1,0
P01789,ELE-01789-9537,Vertex Essential Smart Bulb Kit,Electronics,Smart Home Devices,Vertex,128.57,206.99,SUP247,6,78,,False,2024-06-26,Active,35637.39,183,A,0,0,1
P01790,ELE-01790-7782,Cedarwood Classic Lens Filter Set,Electronics,Cameras & Accessories,Cedarwood,57.13,81.99,SUP190,46,61,,False,2025-02-05,Active,19715.35,258,A,1,0,0
P01791,GRO-01791-4288,Norwell Pro Trail Mix,Grocery,Snacks,Norwell,3.88,6.99,SUP171,57,352,405.0,False,2024-11-29,Active,520.92,80,C,0,0,0
P01792,PER-01792-6121,Crestmark Everyday Digital Thermometer,Personal Care,Health Monitoring,Crestmark,3.05,4.99,SUP211,24,313,121.0,False,2025-02-15,Active,415.27,90,C,0,0,0
P01793,CLO-01793-6398,Trailhaven Everyday High-Waist Jeans,Clothing,Women's Apparel,Trailhaven,13.54,28.99,SUP102,19,169,,True,2025-01-30,Seasonal,5818.03,215,B,0,0,0
P01794,TOY-01794-4633,Solstice Advanced Kickball Set,Toys,Outdoor Play,Solstice,3.35,7.99,SUP180,16,392,,False,2024-01-17,Active,1918.04,259,C,1,0,0
P01795,AUT-01795-6078,Trailhaven Series 2 Mud Flap Set,Automotive,Exterior Accessories,Trailhaven,16.08,25.99,SUP115,34,174,,False,2025-01-26,Active,3204.95,131,B,0,0,0
P01796,SPO-01796-7661,Lumino Everyday Cycling Gloves,Sports,Cycling,Lumino,16.13,36.99,SUP115,45,136,,False,2025-01-04,Active,2817.56,82,B,0,0,0
P01797,BEA-01797-3732,Pinnacle Lite Shampoo & Conditioner Set,Beauty,Haircare,Pinnacle,6.65,16.99,SUP234,9,351,323.0,True,2024-12-22,Seasonal,807.28,50,C,0,0,0
P01798,AUT-01798-3042,Timbercrest Advanced Tire Inflator,Automotive,Tire & Wheel Care,Timbercrest,40.51,83.99,SUP235,42,165,,False,2024-07-26,Active,1824.29,23,C,0,1,1
P01799,TOY-01799-5914,Quinley Compact Alphabet Learning Set,Toys,Educational Toys,Quinley,16.89,37.99,SUP115,34,128,,False,2024-06-24,Active,1827.66,53,C,0,0,0
P01800,TOY-01800-7978,Glacier X200 Strategy Game,Toys,Board Games & Puzzles,Glacier,8.31,16.99,SUP274,22,334,,True,2024-03-22,Seasonal,292.02,18,C,0,1,0
P01801,PER-01801-9857,Vertex Premium Probiotic Capsules,Personal Care,Vitamins & Supplements,Vertex,6.51,14.99,SUP159,15,235,534.0,False,2025-07-23,Discontinued,0.0,0,C,0,1,0
P01802,BOO-01802-8874,Ridgeline Essential Comic Anthology,Books,Comics & Graphic Novels,Ridgeline,4.13,6.99,SUP144,24,466,,False,2025-05-13,Active,375.6,58,C,0,0,0
P01803,CLO-01803-9419,ClearPath Deluxe Wrap Dress,Clothing,Women's Apparel,ClearPath,8.4,19.99,SUP149,58,200,,False,2026-01-10,Active,6258.72,336,B,1,0,0
P01804,AUT-01804-3957,Cedarwood Everyday Jump Starter,Automotive,Tools & Equipment,Cedarwood,13.49,22.99,SUP229,18,289,,False,2024-08-04,Discontinued,44.27,2,C,0,1,0
P01805,BEA-01805-5672,Norwell Signature Hair Dryer,Beauty,Haircare,Norwell,2.91,5.99,SUP290,32,298,505.0,False,2025-01-06,Active,771.6,138,C,0,0,0
P01806,TOY-01806-3608,Harborlight Max Collectible Figure 3-Pack,Toys,Action Figures & Playsets,Harborlight,28.19,63.99,SUP195,52,109,,False,2024-06-22,Active,5516.8,93,B,0,0,1
P01807,ELE-01807-3202,Ridgeline Essential Smartwatch Band,Electronics,Wearable Tech,Ridgeline,30.64,56.99,SUP086,44,156,,False,2026-05-07,Active,22476.03,426,A,1,0,0
P01808,ELE-01808-1503,Willowbrook Premium Wireless Charger,Electronics,Mobile Accessories,Willowbrook,63.76,104.99,SUP153,44,106,,True,2025-12-18,Seasonal,96842.49,1006,A,1,0,0
P01809,CLO-01809-8514,Harborlight Ultra Running Shoes,Clothing,Footwear,Harborlight,74.95,176.99,SUP077,25,81,,True,2024-05-15,Discontinued,2070.57,13,B,0,1,1
P01810,ELE-01810-4575,Ashford Pro Phone Case,Electronics,Mobile Accessories,Ashford,6.16,11.99,SUP180,15,261,,False,2026-01-08,Active,29951.93,2701,A,1,0,0
P01811,PER-01811-8711,Amberfield X200 Cotton Swabs Bulk,Personal Care,Personal Hygiene,Amberfield,3.82,6.99,SUP299,9,479,160.0,True,2026-04-22,Seasonal,1351.17,208,C,0,0,0
P01812,ELE-01812-3254,Meridian Signature Laptop Stand,Electronics,Laptop Accessories,Meridian,243.06,442.99,SUP258,45,63,,True,2025-08-25,Seasonal,71123.21,169,A,0,0,1
P01813,SPO-01813-6065,Brightline Ultra Team Jersey,Sports,Team Sports Gear,Brightline,37.44,82.99,SUP137,53,138,,False,2026-06-22,Active,1447.66,19,C,0,1,1
P01814,HOM-01814-4632,Glacier Series 2 Shelving Unit,Home & Kitchen,Storage & Organization,Glacier,21.87,39.99,SUP087,9,120,,False,2024-06-21,Active,7292.43,196,B,0,0,0
P01815,PER-01815-5211,Vertex Classic Body Wipes,Personal Care,Personal Hygiene,Vertex,8.4,12.99,SUP123,52,381,378.0,False,2024-09-20,Active,2980.0,250,B,0,0,1
P01816,BEA-01816-6812,Palisade Elite Styling Cream,Beauty,Haircare,Palisade,41.28,94.99,SUP080,5,139,462.0,False,2025-07-31,Active,1538.27,18,C,0,1,1
P01817,ELE-01817-2637,Driftwood Max Sleep Tracker Ring,Electronics,Wearable Tech,Driftwood,46.85,71.99,SUP295,21,119,,False,2025-05-06,Active,486.37,7,C,0,1,0
P01818,ELE-01818-4975,Rockridge Elite Smart Bulb Kit,Electronics,Smart Home Devices,Rockridge,261.39,455.99,SUP047,32,31,,False,2025-10-12,Active,30198.77,72,A,0,0,1
P01819,CLO-01819-3968,Sunneva Everyday Plus Kids Graphic Tee,Clothing,Kids' Apparel,Sunneva,4.99,9.99,SUP244,33,309,,False,2026-05-30,Active,968.39,104,C,0,0,0
P01820,PER-01820-9769,Ostrom Lite Smart Scale,Personal Care,Health Monitoring,Ostrom,1.5,2.99,SUP115,43,711,457.0,False,2024-07-31,Active,2403.86,872,B,1,0,0
P01821,PER-01821-1130,Meridian Essential Hand Sanitizer 3-Pack,Personal Care,Personal Hygiene,Meridian,4.6,9.99,SUP180,17,424,430.0,True,2026-03-06,Seasonal,362.82,40,C,0,1,0
P01822,GRO-01822-8822,Trailhaven Max Cereal Box,Grocery,Breakfast Foods,Trailhaven,1.67,2.99,SUP274,19,596,155.0,False,2024-05-01,Active,165.32,64,C,0,0,0
P01823,CLO-01823-4946,Silverpine Ultra Compression Shorts,Clothing,Activewear,Silverpine,17.82,38.99,SUP170,28,209,,True,2025-02-22,Seasonal,1325.63,36,C,0,1,1
P01824,ELE-01824-9499,Fernwood Compact Wireless Charger,Electronics,Mobile Accessories,Fernwood,16.74,26.99,SUP171,46,137,,False,2025-01-30,Active,964.07,39,C,0,1,0
P01825,CLO-01825-2152,Lumino Series 2 Canvas Sneakers,Clothing,Footwear,Lumino,11.97,24.99,SUP012,32,295,,False,2026-01-05,Active,74299.95,3204,A,1,0,0
P01826,BOO-01826-4196,Silverpine X200 Early Reader Set,Books,Children's Books,Silverpine,5.86,9.99,SUP028,49,246,,False,2025-01-21,Discontinued,0.0,0,C,0,1,0
P01827,GRO-01827-5656,Cedarwood Everyday Baking Mix,Grocery,Pantry Staples,Cedarwood,2.18,3.5,SUP159,12,821,193.0,False,2026-01-27,Discontinued,0.0,0,C,0,1,0
P01828,BOO-01828-3848,Norwell Ultra Early Reader Set,Books,Children's Books,Norwell,5.13,9.99,SUP102,16,440,,False,2024-05-19,Active,904.48,99,C,0,0,0
P01829,AUT-01829-3233,Fernwood Signature Tool Kit,Automotive,Tools & Equipment,Fernwood,28.16,53.99,SUP171,56,178,,False,2026-06-24,Active,65543.59,1314,A,1,0,0
P01830,ELE-01830-1196,Lumino Advanced USB-C Hub,Electronics,Laptop Accessories,Lumino,13.38,20.99,SUP106,13,186,,False,2024-06-23,Active,7887.52,403,A,1,0,0
P01831,HOM-01831-8979,UrbanNest Advanced Storage Bin Set,Home & Kitchen,Storage & Organization,UrbanNest,9.22,13.99,SUP035,34,224,,False,2025-06-23,Active,14725.95,1134,A,1,0,0
P01832,HOM-01832-6429,NorthPoint Pro Sheet Set,Home & Kitchen,Bedding & Linens,NorthPoint,15.04,30.99,SUP238,7,259,,False,2025-03-31,Active,2619.16,91,B,0,0,0
P01833,ELE-01833-2109,ClearPath Advanced Action Camera,Electronics,Cameras & Accessories,ClearPath,50.87,101.99,SUP255,22,134,,False,2024-03-23,Active,1131.4,12,C,0,1,0
P01834,HOM-01834-8524,Vaultis Lite Table Lamp,Home & Kitchen,Home Decor,Vaultis,60.91,139.99,SUP290,34,101,,False,2025-04-26,Active,6698.61,52,B,0,0,1
P01835,BOO-01835-4956,Ostrom Elite Picture Book,Books,Children's Books,Ostrom,2.65,4.04,SUP046,17,478,,False,2026-03-07,Active,316.45,86,C,0,0,0
P01836,ELE-01836-9711,Silverpine Ultra Security Camera,Electronics,Smart Home Devices,Silverpine,50.72,68.99,SUP079,19,110,,False,2025-05-05,Active,6535.46,100,B,0,0,0
P01837,SPO-01837-2249,Everline Essential Resistance Bands Set,Sports,Fitness Equipment,Everline,39.72,72.99,SUP073,22,141,,False,2025-10-02,Active,5067.94,73,B,0,0,1
P01838,AUT-01838-3914,Halcyon Signature Wheel Cleaner,Automotive,Tire & Wheel Care,Halcyon,6.2,12.99,SUP274,20,414,,False,2026-06-14,Active,3960.39,324,B,1,0,0
P01839,PER-01839-6126,Copperfield Deluxe Probiotic Capsules,Personal Care,Vitamins & Supplements,Copperfield,5.81,12.99,SUP171,59,330,391.0,False,2024-10-03,Active,303.27,25,C,0,1,0
P01840,SPO-01840-7297,BlueStone Everyday Camping Tent,Sports,Outdoor Recreation,BlueStone,30.06,52.99,SUP274,21,175,,False,2024-02-06,Active,620.64,14,C,0,1,0
P01841,HOM-01841-3836,Sunneva Ultra Wall Art Set,Home & Kitchen,Home Decor,Sunneva,28.09,42.99,SUP270,19,162,,True,2025-09-20,Seasonal,932.76,23,C,0,1,0
P01842,ELE-01842-4054,Timbercrest Everyday Plus Laptop Sleeve,Electronics,Laptop Accessories,Timbercrest,49.62,78.99,SUP058,11,137,,False,2025-12-18,Active,9468.63,129,A,0,0,0
P01843,HOM-01843-1940,Ridgeline Deluxe Cast Iron Skillet,Home & Kitchen,Cookware,Ridgeline,15.96,24.99,SUP115,46,249,,True,2024-05-10,Seasonal,2230.63,98,B,0,0,0
P01844,PER-01844-8603,UrbanNest Pro Blood Pressure Monitor,Personal Care,Health Monitoring,UrbanNest,12.3,22.99,SUP115,37,211,335.0,True,2024-11-16,Seasonal,7907.61,368,A,1,0,1
P01845,PER-01845-6403,Ostrom Series 2 Toothbrush 4-Pack,Personal Care,Oral Care,Ostrom,5.77,9.99,SUP144,24,425,252.0,False,2024-11-22,Active,7170.75,769,B,1,0,0
P01846,BEA-01846-9180,Everline Lite Styling Cream,Beauty,Haircare,Everline,9.73,21.99,SUP297,49,283,341.0,False,2025-11-17,Discontinued,89.72,5,C,0,1,0
P01847,GRO-01847-5842,Everline Max Cereal Box,Grocery,Breakfast Foods,Everline,1.5,2.99,SUP034,46,826,453.0,False,2026-03-09,Active,449.04,162,C,0,0,0
P01848,CLO-01848-8494,Willowbrook Compact Crew Neck Tee 3-Pack,Clothing,Men's Apparel,Willowbrook,45.12,112.99,SUP225,58,85,,False,2025-11-01,Active,3960.64,39,B,0,1,1
P01849,GRO-01849-2892,Fernwood Classic Baking Mix,Grocery,Pantry Staples,Fernwood,4.53,6.99,SUP052,49,487,309.0,False,2024-09-27,Discontinued,0.0,0,C,0,1,0
P01850,PER-01850-3578,Fernwood Advanced Toothbrush 4-Pack,Personal Care,Oral Care,Fernwood,6.13,12.99,SUP214,14,224,194.0,False,2025-07-19,Active,783.79,65,C,0,0,0
P01851,HOM-01851-9700,Palisade Premium Table Lamp,Home & Kitchen,Home Decor,Palisade,8.0,14.99,SUP047,34,213,,False,2024-09-02,Active,17141.19,1234,A,1,0,0
P01852,BEA-01852-2556,Quinley Compact Foundation,Beauty,Makeup,Quinley,12.93,26.99,SUP158,22,193,435.0,False,2025-07-29,Active,972.49,38,C,0,1,1
P01853,BEA-01853-8094,Brightline X200 Hair Dryer,Beauty,Haircare,Brightline,23.98,63.99,SUP189,2,193,375.0,True,2026-05-30,Seasonal,1055.28,17,C,0,1,1
P01854,ELE-01854-8813,Cedarwood Deluxe Over-Ear Headphones,Electronics,Headphones & Audio,Cedarwood,43.26,77.99,SUP116,12,106,,False,2025-08-28,Active,7001.26,98,B,0,0,0
P01855,BEA-01855-6554,Amberfield Essential Styling Cream,Beauty,Haircare,Amberfield,11.36,22.99,SUP289,37,262,238.0,False,2025-12-17,Active,6510.57,305,B,1,0,0
P01856,AUT-01856-7224,Crestmark Everyday Floor Mat Set,Automotive,Interior Accessories,Crestmark,38.12,70.99,SUP201,16,166,,False,2025-11-12,Active,2212.58,34,B,0,1,1
P01857,HOM-01857-9490,Amberfield Lite Electric Kettle,Home & Kitchen,Small Appliances,Amberfield,10.27,17.99,SUP030,9,297,,False,2025-03-10,Active,2558.19,157,B,0,0,0
P01858,BOO-01858-1086,Ridgeline Signature Early Reader Set,Books,Children's Books,Ridgeline,6.16,11.99,SUP102,19,428,,False,2024-04-30,Active,11.16,1,C,0,1,0
P01859,BEA-01859-7721,Ridgeline X200 Fragrance Gift Set,Beauty,Fragrances,Ridgeline,14.62,33.99,SUP080,5,142,360.0,False,2026-06-08,Active,5392.38,169,B,0,0,1
P01860,HOM-01860-8579,UrbanNest Deluxe Storage Bin Set,Home & Kitchen,Storage & Organization,UrbanNest,18.27,30.99,SUP075,24,114,,False,2024-11-25,Active,4573.14,164,B,0,0,0
P01861,ELE-01861-5344,Willowbrook Compact Screen Protector 2-Pack,Electronics,Mobile Accessories,Willowbrook,20.79,36.99,SUP052,55,133,,False,2026-03-19,Active,14348.9,419,A,1,0,0
P01862,GRO-01862-1034,Palisade Series 2 Pancake Mix,Grocery,Breakfast Foods,Palisade,1.77,3.03,SUP040,21,887,125.0,False,2026-02-06,Active,16.55,6,C,0,1,0
P01863,ELE-01863-9667,Halcyon Pro Video Doorbell,Electronics,Smart Home Devices,Halcyon,9.61,20.99,SUP261,50,312,,False,2025-09-15,Active,2068.95,109,B,0,0,0
P01864,BEA-01864-7083,Pinnacle Series 2 Hair Dryer,Beauty,Haircare,Pinnacle,7.68,17.99,SUP294,36,265,521.0,True,2025-05-14,Seasonal,6957.57,413,B,1,0,0
P01865,TOY-01865-6777,Glacier Everyday Sidewalk Chalk Set,Toys,Outdoor Play,Glacier,8.2,20.99,SUP031,24,385,,False,2024-09-06,Active,1214.04,61,C,0,0,0
P01866,SPO-01866-7775,Everline Pro Sleeping Bag,Sports,Outdoor Recreation,Everline,12.41,18.99,SUP235,46,257,,False,2024-05-04,Active,2038.49,115,C,0,0,0
P01867,PER-01867-2228,Ironclad Classic Blood Pressure Monitor,Personal Care,Health Monitoring,Ironclad,6.86,9.99,SUP052,49,395,373.0,True,2026-03-06,Seasonal,492.61,53,C,0,0,0
P01868,BEA-01868-8660,Lumino X200 Eau de Parfum,Beauty,Fragrances,Lumino,12.35,27.99,SUP154,12,147,336.0,True,2026-05-27,Seasonal,1116.63,42,C,0,0,1
P01869,SPO-01869-1886,Silverpine Max Yoga Towel,Sports,Yoga & Wellness,Silverpine,29.83,46.99,SUP044,36,180,,False,2025-09-05,Active,18534.63,424,A,1,0,0
P01870,SPO-01870-1648,Amberfield Signature Yoga Block Set,Sports,Yoga & Wellness,Amberfield,40.04,64.99,SUP068,33,118,,False,2026-06-19,Discontinued,234.64,4,C,0,1,1
P01871,HOM-01871-1830,ClearPath Series 2 Weighted Blanket,Home & Kitchen,Bedding & Linens,ClearPath,22.66,46.99,SUP115,41,105,,False,2024-07-16,Active,5089.48,113,B,0,0,0
P01872,GRO-01872-7779,Palisade Signature Cereal Box,Grocery,Breakfast Foods,Palisade,4.84,7.99,SUP201,17,230,320.0,False,2025-04-12,Active,1177.1,155,C,0,0,0
P01873,CLO-01873-4198,Amberfield Premium Ankle Boots,Clothing,Footwear,Amberfield,13.33,33.99,SUP138,19,230,,False,2024-06-08,Active,9596.12,308,A,1,0,0
P01874,TOY-01874-8888,NorthPoint Signature Coding Robot Kit,Toys,Educational Toys,NorthPoint,7.2,18.99,SUP245,16,329,,False,2025-05-01,Active,1112.36,61,C,0,0,0
P01875,CLO-01875-1075,BlueStone Pro Crew Neck Tee 3-Pack,Clothing,Men's Apparel,BlueStone,15.66,29.99,SUP022,63,145,,False,2026-03-23,Active,7783.82,275,B,1,0,0
P01876,HOM-01876-3213,Meridian Lite Storage Bin Set,Home & Kitchen,Storage & Organization,Meridian,28.57,51.99,SUP159,14,120,,False,2024-09-23,Active,4295.81,89,B,0,0,0
P01877,PER-01877-6028,Cedarwood Signature Blood Pressure Monitor,Personal Care,Health Monitoring,Cedarwood,11.61,24.99,SUP022,64,214,490.0,False,2025-01-18,Active,2245.33,99,B,0,0,1
P01878,ELE-01878-4879,Silverpine Elite Lens Filter Set,Electronics,Cameras & Accessories,Silverpine,47.22,97.99,SUP026,28,63,,False,2025-04-15,Active,10299.0,115,A,0,0,0
P01879,PER-01879-4927,Rockridge Advanced Omega-3 Softgels,Personal Care,Vitamins & Supplements,Rockridge,4.35,6.99,SUP078,19,566,404.0,False,2025-02-27,Active,1533.26,241,C,0,0,0
P01880,TOY-01880-2023,Copperfield Everyday Brick Building Set,Toys,Building Sets,Copperfield,4.84,12.99,SUP022,64,488,,False,2026-06-02,Active,3411.64,282,B,1,0,0
P01881,AUT-01881-4274,Harborlight Series 2 Mud Flap Set,Automotive,Exterior Accessories,Harborlight,12.14,18.99,SUP225,47,180,,False,2025-01-23,Discontinued,0.0,0,C,0,1,0
P01882,TOY-01882-1178,Harborlight Classic Construction Blocks,Toys,Building Sets,Harborlight,10.29,20.99,SUP151,23,326,,False,2024-08-20,Active,2131.38,111,B,0,0,0
P01883,HOM-01883-4865,Timbercrest Signature Storage Bin Set,Home & Kitchen,Storage & Organization,Timbercrest,24.79,55.99,SUP176,47,170,,False,2024-10-25,Active,9006.42,174,A,0,0,0
P01884,BOO-01884-3178,Everline Series 2 Early Reader Set,Books,Children's Books,Everline,5.17,7.99,SUP017,15,266,,False,2024-10-04,Active,4993.33,672,B,1,0,0
P01885,TOY-01885-4819,Novara Series 2 Family Board Game,Toys,Board Games & Puzzles,Novara,10.34,15.99,SUP052,62,313,,False,2024-10-14,Active,377.03,25,C,0,1,0
P01886,TOY-01886-7035,Vaultis Essential Family Board Game,Toys,Board Games & Puzzles,Vaultis,18.05,31.99,SUP155,42,121,,False,2026-03-29,Active,6128.29,204,B,0,0,1
P01887,GRO-01887-9892,Palisade Classic Protein Bar Box,Grocery,Snacks,Palisade,3.1,4.99,SUP022,52,455,249.0,False,2025-04-12,Active,312.74,68,C,0,0,0
P01888,HOM-01888-5610,Amberfield Lite Table Lamp,Home & Kitchen,Home Decor,Amberfield,13.52,24.99,SUP031,26,264,,True,2024-12-16,Seasonal,2942.29,128,B,0,0,0
P01889,GRO-01889-4767,Quinley Advanced Pasta Variety Pack,Grocery,Pantry Staples,Quinley,2.83,4.99,SUP008,18,685,307.0,False,2024-05-08,Active,129.6,27,C,0,1,0
P01890,CLO-01890-1792,NorthPoint Compact Training Jacket,Clothing,Activewear,NorthPoint,14.57,26.99,SUP274,22,170,,False,2026-06-05,Active,2061.67,82,B,0,0,0
P01891,CLO-01891-9297,Vaultis Deluxe Running Leggings,Clothing,Activewear,Vaultis,4.51,10.99,SUP115,40,431,,False,2024-05-19,Active,1793.24,176,C,0,0,0
P01892,AUT-01892-8723,Solstice Advanced Tire Pressure Gauge,Automotive,Tools & Equipment,Solstice,8.84,13.99,SUP012,24,353,,False,2024-11-14,Active,334.61,26,C,0,1,0
P01893,TOY-01893-8682,Norwell Everyday Plus Backyard Game Set,Toys,Outdoor Play,Norwell,10.52,18.99,SUP131,22,326,,False,2025-09-29,Active,11434.91,648,A,1,0,0
P01894,SPO-01894-6735,Everline X200 Resistance Bands Set,Sports,Fitness Equipment,Everline,8.23,15.99,SUP269,32,163,,False,2024-01-05,Discontinued,128.78,9,C,0,1,0
P01895,GRO-01895-4849,Willowbrook Advanced Oatmeal Packets,Grocery,Breakfast Foods,Willowbrook,4.86,6.99,SUP042,20,248,541.0,False,2024-10-15,Active,1448.73,225,C,0,0,0
P01896,CLO-01896-1629,Comet Everyday Running Shoes,Clothing,Footwear,Comet,5.2,13.99,SUP056,7,268,,False,2026-05-19,Active,106.79,8,C,0,1,0
P01897,GRO-01897-1380,Ironclad Pro Rice 5lb Bag,Grocery,Pantry Staples,Ironclad,5.17,7.99,SUP294,43,214,418.0,False,2024-01-22,Active,607.76,82,C,0,0,0
P01898,HOM-01898-8864,Vanture Deluxe Area Rug,Home & Kitchen,Home Decor,Vanture,12.07,24.99,SUP258,42,308,,False,2024-08-04,Active,5231.21,224,B,0,0,0
P01899,ELE-01899-8633,Glacier Pro Video Doorbell,Electronics,Smart Home Devices,Glacier,11.54,22.99,SUP159,12,148,,False,2024-03-19,Active,7703.95,365,B,1,0,0
P01900,GRO-01900-7583,Comet Max Sports Drink Case,Grocery,Beverages,Comet,6.89,11.99,SUP042,17,425,497.0,False,2025-09-25,Active,620.33,56,C,0,0,1
P01901,GRO-01901-2910,Aurelia Max Salad Dressing Set,Grocery,Condiments & Sauces,Aurelia,2.59,4.99,SUP052,61,448,443.0,False,2024-01-11,Active,321.32,68,C,0,0,0
P01902,CLO-01902-1372,Vanture Signature Crew Neck Tee 3-Pack,Clothing,Men's Apparel,Vanture,8.11,12.99,SUP258,38,182,,False,2024-02-13,Active,3105.91,261,B,1,0,0
P01903,ELE-01903-1526,Timbercrest Advanced Lens Filter Set,Electronics,Cameras & Accessories,Timbercrest,10.6,18.99,SUP192,56,221,,False,2025-03-07,Active,11473.64,653,A,1,0,0
P01904,GRO-01904-8651,Crestmark Everyday Plus Popcorn Variety Pack,Grocery,Snacks,Crestmark,3.61,5.99,SUP093,20,535,300.0,True,2025-11-13,Seasonal,3760.29,681,B,1,0,0
P01905,ELE-01905-8838,Willowbrook Everyday Camera Backpack,Electronics,Cameras & Accessories,Willowbrook,25.98,44.99,SUP008,19,104,,False,2026-04-04,Active,878.73,21,C,0,1,0
P01906,BOO-01906-6452,Foundry Deluxe Comic Anthology,Books,Comics & Graphic Novels,Foundry,3.59,6.99,SUP028,56,623,,True,2024-07-19,Seasonal,501.05,76,C,0,0,0
P01907,CLO-01907-6924,Vertex X200 Canvas Sneakers,Clothing,Footwear,Vertex,20.45,42.99,SUP211,23,125,,False,2025-06-05,Discontinued,0.0,0,C,0,1,1
P01908,GRO-01908-8336,Ridgeline X200 Salad Dressing Set,Grocery,Condiments & Sauces,Ridgeline,2.59,3.99,SUP178,45,720,219.0,False,2025-12-30,Active,55.2,16,C,0,1,0
P01909,HOM-01909-2602,ClearPath Lite Comforter,Home & Kitchen,Bedding & Linens,ClearPath,93.47,168.99,SUP098,53,44,,False,2025-10-27,Active,3383.79,21,B,0,1,1
P01910,PER-01910-8619,Ostrom Lite Toothbrush 4-Pack,Personal Care,Oral Care,Ostrom,2.36,3.99,SUP170,32,679,455.0,False,2026-05-31,Active,1419.45,383,C,1,0,0
P01911,BOO-01911-3600,Ironclad Series 2 Reference Encyclopedia,Books,Educational & Reference,Ironclad,4.09,6.99,SUP218,43,413,,False,2024-03-10,Active,471.87,72,C,0,0,0
P01912,SPO-01912-2533,Ashford Everyday Plus Basketball,Sports,Team Sports Gear,Ashford,56.3,97.99,SUP176,44,121,,False,2024-02-11,Active,7297.37,82,B,0,0,1
P01913,CLO-01913-7710,Solstice Deluxe Training Jacket,Clothing,Activewear,Solstice,11.88,22.99,SUP056,6,264,,False,2025-09-17,Active,3518.76,165,B,0,0,0
P01914,TOY-01914-9208,Quinley Classic Strategy Game,Toys,Board Games & Puzzles,Quinley,53.26,97.99,SUP277,63,75,,True,2024-12-01,Seasonal,2288.21,24,B,0,1,1
P01915,AUT-01915-2110,Pinnacle Everyday Socket Wrench Set,Automotive,Tools & Equipment,Pinnacle,7.21,9.99,SUP008,17,188,,False,2025-11-04,Active,167.29,18,C,0,1,0
P01916,BEA-01916-3795,Rockridge Advanced Vitamin C Serum,Beauty,Skincare,Rockridge,7.21,17.99,SUP159,15,281,343.0,False,2025-10-14,Active,372.42,22,C,0,1,0
P01917,SPO-01917-7503,Novara Deluxe Foam Roller,Sports,Fitness Equipment,Novara,42.23,89.99,SUP052,58,123,,False,2025-02-07,Active,4252.47,51,B,0,0,1
P01918,HOM-01918-7582,Timbercrest Ultra Area Rug,Home & Kitchen,Home Decor,Timbercrest,11.64,19.99,SUP201,17,305,,False,2026-06-27,Active,4303.21,233,B,0,0,0
P01919,SPO-01919-5125,Sunneva Everyday Shin Guards,Sports,Team Sports Gear,Sunneva,9.67,16.99,SUP159,12,201,,False,2026-03-15,Active,1865.46,120,C,0,0,0
P01920,BEA-01920-5943,Everline Lite Cleansing Foam,Beauty,Skincare,Everline,7.29,18.99,SUP043,18,252,151.0,False,2024-11-27,Active,3111.86,179,B,0,0,0
P01921,ELE-01921-8533,UrbanNest Series 2 Smart Plug,Electronics,Smart Home Devices,UrbanNest,53.92,74.99,SUP150,52,87,,False,2024-01-05,Active,26007.2,377,A,1,0,0
P01922,PER-01922-3734,Comet Classic Omega-3 Softgels,Personal Care,Vitamins & Supplements,Comet,2.1,3.99,SUP154,11,718,287.0,False,2026-06-26,Active,2260.27,608,B,1,0,0
P01923,AUT-01923-6786,Kestrel Essential Bluetooth Car Adapter,Automotive,Car Electronics,Kestrel,6.71,13.99,SUP115,42,216,,False,2026-06-02,Active,2195.13,172,B,0,0,0
P01924,GRO-01924-3664,Willowbrook Ultra Breakfast Bar Box,Grocery,Breakfast Foods,Willowbrook,4.01,5.99,SUP012,33,430,500.0,True,2026-03-31,Seasonal,112.6,20,C,0,1,0
P01925,PER-01925-9837,Quinley Classic Electric Toothbrush,Personal Care,Oral Care,Quinley,8.15,11.99,SUP050,51,308,530.0,False,2024-02-20,Active,162.87,14,C,0,1,1
P01926,GRO-01926-1409,Brightline Max Sparkling Water Case,Grocery,Beverages,Brightline,2.39,3.99,SUP290,38,572,345.0,False,2025-10-18,Active,147.32,39,C,0,1,0
P01927,BEA-01927-8712,Ironclad Signature Body Lotion,Beauty,Bath & Body,Ironclad,8.03,14.99,SUP042,16,299,525.0,False,2026-05-26,Discontinued,58.83,4,C,0,1,0
P01928,AUT-01928-4834,Solstice Advanced Jump Starter,Automotive,Tools & Equipment,Solstice,13.02,25.99,SUP130,12,208,,False,2024-12-14,Active,2708.67,114,B,0,0,0
P01929,GRO-01929-4093,Foundry Pro Popcorn Variety Pack,Grocery,Snacks,Foundry,2.91,4.99,SUP075,22,713,184.0,False,2025-11-19,Active,6786.2,1466,B,1,0,0
P01930,BEA-01930-3000,ClearPath Ultra Eyeshadow Palette,Beauty,Makeup,ClearPath,5.6,11.99,SUP218,56,336,328.0,False,2025-05-04,Active,1919.79,172,C,0,0,0
P01931,SPO-01931-5333,Harborlight Everyday Plus Yoga Mat,Sports,Fitness Equipment,Harborlight,39.89,71.99,SUP164,21,154,,False,2025-02-26,Active,3559.42,53,B,0,0,1
P01932,HOM-01932-8815,Willowbrook Essential Air Fryer,Home & Kitchen,Small Appliances,Willowbrook,6.47,12.99,SUP207,29,340,,False,2025-10-18,Active,5281.67,440,B,1,0,0
P01933,BEA-01933-9454,Driftwood Everyday Plus Eau de Parfum,Beauty,Fragrances,Driftwood,10.52,28.99,SUP174,28,272,174.0,False,2025-06-13,Active,343.85,13,C,0,1,0
P01934,GRO-01934-3924,Halcyon Everyday Plus Salad Dressing Set,Grocery,Condiments & Sauces,Halcyon,2.91,4.99,SUP150,40,638,261.0,False,2025-09-17,Active,1900.04,411,C,1,0,0
P01935,SPO-01935-2369,Aurelia Essential Cycling Gloves,Sports,Cycling,Aurelia,36.28,54.99,SUP286,32,178,,True,2024-07-23,Seasonal,20179.82,394,A,1,0,1
P01936,HOM-01936-1693,Ashford Lite Comforter,Home & Kitchen,Bedding & Linens,Ashford,4.9,10.99,SUP201,14,262,,True,2024-09-20,Seasonal,1937.46,189,C,0,0,0
P01937,HOM-01937-4754,Rockridge Pro Throw Pillow Set,Home & Kitchen,Home Decor,Rockridge,13.7,32.99,SUP195,42,230,,False,2025-08-06,Active,50553.34,1647,A,1,0,0
P01938,SPO-01938-9350,Silverpine Ultra Adjustable Dumbbell Set,Sports,Fitness Equipment,Silverpine,37.47,61.99,SUP195,49,90,,False,2025-05-23,Active,21324.37,375,A,1,0,1
P01939,HOM-01939-6186,Timbercrest X200 Closet Organizer,Home & Kitchen,Storage & Organization,Timbercrest,38.55,55.99,SUP134,27,74,,True,2024-12-15,Seasonal,5786.7,109,B,0,0,1
P01940,BEA-01940-2752,Fernwood Elite Cologne,Beauty,Fragrances,Fernwood,10.5,30.99,SUP176,56,333,63.0,True,2026-01-31,Seasonal,2184.08,77,B,0,0,0
P01941,SPO-01941-4160,Fernwood Deluxe Meditation Cushion,Sports,Yoga & Wellness,Fernwood,69.38,146.99,SUP171,57,125,,True,2024-11-07,Seasonal,3077.24,23,B,0,1,1
P01942,TOY-01942-5091,Solstice Max Family Board Game,Toys,Board Games & Puzzles,Solstice,14.37,27.99,SUP269,36,243,,True,2025-03-09,Seasonal,2062.13,77,B,0,0,0
P01943,ELE-01943-1847,Copperfield Classic GPS Running Watch,Electronics,Wearable Tech,Copperfield,218.98,448.99,SUP293,27,43,,False,2024-10-15,Active,15839.17,38,A,0,1,1
P01944,AUT-01944-9709,Lumino Essential Car Charger,Automotive,Car Electronics,Lumino,77.38,127.99,SUP143,55,101,,True,2025-05-31,Seasonal,2186.62,18,B,0,1,1
P01945,SPO-01945-2857,Ashford Everyday Plus Camp Chair,Sports,Outdoor Recreation,Ashford,18.01,36.99,SUP171,49,262,,False,2025-05-27,Active,3411.0,100,B,0,0,0
P01946,GRO-01946-2132,ClearPath Max Olive Oil,Grocery,Pantry Staples,ClearPath,4.31,6.99,SUP075,22,550,168.0,False,2024-10-25,Discontinued,17.02,3,C,0,1,0
P01947,TOY-01947-4896,NorthPoint Compact Construction Blocks,Toys,Building Sets,NorthPoint,4.53,10.99,SUP255,21,517,,False,2025-12-06,Active,512.13,49,C,0,0,0
P01948,SPO-01948-6075,Rockridge Elite Hiking Backpack,Sports,Outdoor Recreation,Rockridge,24.09,42.99,SUP204,18,159,,False,2024-05-26,Active,497.75,13,C,0,1,0
P01949,BOO-01949-8849,Rockridge Signature Mystery Novel,Books,Fiction,Rockridge,4.14,7.99,SUP274,22,314,,True,2025-12-03,Seasonal,1682.26,229,C,0,0,0
P01950,CLO-01950-2444,Driftwood Pro Denim Jacket,Clothing,Men's Apparel,Driftwood,8.54,21.99,SUP171,54,191,,True,2024-03-01,Seasonal,2306.46,111,B,0,0,0
P01951,SPO-01951-6147,Vanture Classic Yoga Towel,Sports,Yoga & Wellness,Vanture,1.93,3.99,SUP203,39,399,,True,2024-08-16,Seasonal,661.1,179,C,0,0,0
P01952,PER-01952-6513,Glacier Max Smart Scale,Personal Care,Health Monitoring,Glacier,6.26,10.99,SUP022,53,285,429.0,False,2025-01-05,Active,2589.17,255,B,1,0,0
P01953,CLO-01953-3686,Brightline X200 Kids Rain Jacket,Clothing,Kids' Apparel,Brightline,27.91,47.99,SUP171,55,88,,False,2025-01-21,Active,441.23,10,C,0,1,1
P01954,TOY-01954-3067,Glacier Everyday Brick Building Set,Toys,Building Sets,Glacier,4.23,8.99,SUP102,17,472,,True,2025-07-30,Seasonal,376.98,44,C,0,0,0
P01955,TOY-01955-2511,UrbanNest Ultra Water Blaster,Toys,Outdoor Play,UrbanNest,15.3,33.99,SUP151,23,258,,False,2026-05-05,Discontinued,0.0,0,C,0,1,0
P01956,AUT-01956-4826,BlueStone Everyday Plus Car Cover,Automotive,Exterior Accessories,BlueStone,11.26,22.99,SUP084,51,300,,False,2025-11-24,Active,8318.63,387,A,1,0,0
P01957,PER-01957-6564,Vanture Everyday Plus Digital Thermometer,Personal Care,Health Monitoring,Vanture,4.69,9.99,SUP073,24,249,233.0,False,2025-05-11,Active,2490.58,271,B,1,0,0
P01958,HOM-01958-5108,Silverpine Max Coffee Maker,Home & Kitchen,Small Appliances,Silverpine,11.46,22.99,SUP247,6,176,,True,2024-03-17,Seasonal,14726.2,692,A,1,0,0
P01959,HOM-01959-2625,Copperfield Elite Throw Pillow Set,Home & Kitchen,Home Decor,Copperfield,59.26,120.99,SUP159,13,135,,False,2026-06-23,Active,49583.77,441,A,1,0,1
P01960,BOO-01960-3644,Rockridge X200 Short Story Collection,Books,Fiction,Rockridge,4.44,7.99,SUP061,18,569,,False,2024-10-17,Active,399.98,53,C,0,0,0
P01961,BEA-01961-1636,Norwell Everyday Plus Vitamin C Serum,Beauty,Skincare,Norwell,13.11,21.99,SUP220,69,309,323.0,True,2025-07-19,Seasonal,418.52,21,C,0,1,1
P01962,CLO-01962-4002,Driftwood Max Canvas Sneakers,Clothing,Footwear,Driftwood,2.26,5.99,SUP019,15,789,,False,2026-01-06,Discontinued,63.82,11,C,0,1,0
P01963,TOY-01963-1297,Foundry Elite Alphabet Learning Set,Toys,Educational Toys,Foundry,4.42,11.99,SUP075,26,278,,False,2025-09-29,Active,293.95,27,C,0,1,0
P01964,PER-01964-7860,Ridgeline Pro Pulse Oximeter,Personal Care,Health Monitoring,Ridgeline,3.85,6.99,SUP084,42,539,362.0,False,2024-04-12,Active,280.69,42,C,0,0,0
P01965,BEA-01965-7278,Palisade Classic Bath Bomb Set,Beauty,Bath & Body,Palisade,11.56,19.99,SUP035,29,178,308.0,False,2024-08-24,Discontinued,0.0,0,C,0,1,0
P01966,SPO-01966-6570,UrbanNest Ultra Massage Roller,Sports,Yoga & Wellness,UrbanNest,46.92,85.99,SUP254,41,86,,False,2026-06-24,Active,2185.02,28,B,0,1,1
P01967,HOM-01967-8976,Silverpine Max Wall Art Set,Home & Kitchen,Home Decor,Silverpine,18.07,26.99,SUP192,65,183,,False,2025-12-01,Active,2593.93,105,B,0,0,0
P01968,CLO-01968-6379,UrbanNest X200 Toddler Joggers,Clothing,Kids' Apparel,UrbanNest,3.77,8.99,SUP190,45,550,,False,2025-07-31,Active,3892.6,473,B,1,0,0
P01969,ELE-01969-5770,Harborlight Max Screen Protector 2-Pack,Electronics,Mobile Accessories,Harborlight,88.35,151.99,SUP170,29,73,,False,2025-02-10,Active,4939.16,35,B,0,1,1
P01970,CLO-01970-5911,Brightline Deluxe Cardigan,Clothing,Women's Apparel,Brightline,1.53,3.99,SUP102,19,548,,False,2026-05-07,Active,819.86,224,C,0,0,0
P01971,CLO-01971-3512,Aurelia X200 Wrap Dress,Clothing,Women's Apparel,Aurelia,24.69,68.99,SUP185,18,210,,False,2025-10-24,Active,49843.99,783,A,1,0,1
P01972,SPO-01972-5363,Vertex Classic Yoga Mat,Sports,Fitness Equipment,Vertex,43.23,95.99,SUP211,24,93,,False,2025-10-28,Discontinued,0.0,0,C,0,1,1
P01973,BOO-01973-2838,Ironclad Classic Short Story Collection,Books,Fiction,Ironclad,10.93,19.99,SUP159,14,300,,False,2026-04-15,Active,5000.09,271,B,1,0,1
P01974,GRO-01974-5093,Fernwood Series 2 BBQ Sauce,Grocery,Condiments & Sauces,Fernwood,3.68,5.22,SUP137,53,543,465.0,False,2026-05-29,Active,619.65,129,C,0,0,0
P01975,ELE-01975-3486,Novara Elite Tripod Kit,Electronics,Cameras & Accessories,Novara,132.94,215.99,SUP052,58,40,,False,2026-02-22,Active,66775.68,332,A,1,0,1
P01976,ELE-01976-3221,Silverpine Ultra Over-Ear Headphones,Electronics,Headphones & Audio,Silverpine,65.91,122.99,SUP022,54,86,,False,2025-08-29,Active,30430.03,269,A,1,0,0
P01977,PER-01977-3746,Kestrel Everyday Toothbrush 4-Pack,Personal Care,Oral Care,Kestrel,6.1,11.99,SUP012,25,229,302.0,False,2024-07-27,Active,388.12,35,C,0,1,0
P01978,PER-01978-1880,Everline Pro Cotton Swabs Bulk,Personal Care,Personal Hygiene,Everline,6.21,9.99,SUP207,26,395,110.0,True,2024-09-01,Seasonal,862.6,93,C,0,0,0
P01979,GRO-01979-6434,Meridian Elite Salad Dressing Set,Grocery,Condiments & Sauces,Meridian,4.85,6.99,SUP090,29,459,251.0,True,2024-05-20,Discontinued,14.51,2,C,0,1,0
P01980,GRO-01980-2360,BlueStone Essential Protein Bar Box,Grocery,Snacks,BlueStone,3.46,4.99,SUP203,31,380,334.0,True,2025-12-30,Seasonal,199.74,44,C,0,0,0
P01981,BEA-01981-9310,Willowbrook Max Makeup Brush Set,Beauty,Makeup,Willowbrook,29.97,87.99,SUP151,24,161,359.0,False,2024-11-01,Active,6143.3,76,B,0,0,1
P01982,SPO-01982-5557,ClearPath Advanced Yoga Mat,Sports,Fitness Equipment,ClearPath,57.55,101.99,SUP121,16,90,,False,2024-07-25,Active,8965.52,94,A,0,0,1
P01983,GRO-01983-3016,Timbercrest Deluxe Breakfast Bar Box,Grocery,Breakfast Foods,Timbercrest,2.67,4.06,SUP171,59,555,136.0,False,2025-10-24,Active,1314.3,352,C,1,0,0
P01984,ELE-01984-9651,Vaultis Max Smartwatch Band,Electronics,Wearable Tech,Vaultis,50.92,101.99,SUP037,33,121,,False,2025-05-30,Active,73488.24,776,A,1,0,0
P01985,BEA-01985-4233,Meridian Series 2 Body Wash,Beauty,Bath & Body,Meridian,15.44,27.99,SUP293,26,260,307.0,False,2024-08-12,Active,742.38,29,C,0,1,1
P01986,GRO-01986-5988,Fernwood Premium Sports Drink Case,Grocery,Beverages,Fernwood,4.08,5.99,SUP084,45,416,325.0,False,2024-12-06,Active,2776.09,501,B,1,0,0
P01987,GRO-01987-6350,Vertex Ultra BBQ Sauce,Grocery,Condiments & Sauces,Vertex,2.22,3.99,SUP221,41,686,468.0,False,2025-03-14,Active,461.62,125,C,0,0,0
P01988,HOM-01988-9261,Foundry Premium Drawer Dividers,Home & Kitchen,Storage & Organization,Foundry,44.15,98.99,SUP058,9,91,,False,2025-12-29,Active,2876.71,30,B,0,1,1
P01989,SPO-01989-4987,Driftwood Lite Yoga Block Set,Sports,Yoga & Wellness,Driftwood,8.2,16.99,SUP135,10,277,,False,2024-01-07,Active,2240.75,143,B,0,0,0
P01990,CLO-01990-8264,Vertex Signature Toddler Joggers,Clothing,Kids' Apparel,Vertex,9.28,19.99,SUP149,52,172,,False,2025-11-23,Active,2540.73,136,B,0,0,0
P01991,GRO-01991-2049,Cedarwood Series 2 Herbal Tea Sampler,Grocery,Beverages,Cedarwood,5.02,7.99,SUP077,18,367,488.0,False,2024-03-12,Active,174.0,23,C,0,1,0
P01992,CLO-01992-2015,Copperfield Essential Ankle Boots,Clothing,Footwear,Copperfield,20.59,49.99,SUP090,29,153,,False,2026-02-26,Active,1289.96,28,C,0,1,1
P01993,CLO-01993-2408,Brightline Deluxe Running Leggings,Clothing,Activewear,Brightline,9.19,22.99,SUP116,15,364,,False,2024-04-17,Active,179.99,8,C,0,1,0
P01994,TOY-01994-9630,Ashford Max Family Board Game,Toys,Board Games & Puzzles,Ashford,16.05,24.99,SUP252,21,157,,False,2024-08-13,Active,647.98,29,C,0,1,0
P01995,PER-01995-6206,Timbercrest Max Whitening Kit,Personal Care,Oral Care,Timbercrest,7.3,12.99,SUP149,53,432,480.0,False,2024-12-02,Active,150.44,12,C,0,1,0
P01996,HOM-01996-5274,Everline Advanced Area Rug,Home & Kitchen,Home Decor,Everline,9.91,16.99,SUP022,49,193,,True,2026-06-28,Seasonal,10357.07,661,A,1,0,0
P01997,AUT-01997-6476,Vertex Everyday Plus Jump Starter,Automotive,Tools & Equipment,Vertex,2.75,4.99,SUP052,51,563,,False,2024-12-29,Active,66.16,14,C,0,1,0
P01998,SPO-01998-4209,BlueStone Compact Yoga Block Set,Sports,Yoga & Wellness,BlueStone,41.17,65.99,SUP294,34,100,,False,2026-01-04,Active,8783.09,141,A,0,0,1
P01999,SPO-01999-6296,Ridgeline Advanced Soccer Ball,Sports,Team Sports Gear,Ridgeline,43.2,77.99,SUP022,61,153,,False,2024-08-21,Active,11187.19,155,A,0,0,1
P02000,BEA-02000-5960,Comet Ultra Foundation,Beauty,Makeup,Comet,6.39,18.99,SUP177,17,322,125.0,False,2024-12-18,Active,399.79,22,C,0,1,0
P02001,GRO-02001-8335,Copperfield Deluxe Popcorn Variety Pack,Grocery,Snacks,Copperfield,3.14,4.99,SUP051,27,385,153.0,True,2025-04-16,Seasonal,195.42,43,C,0,0,0
P02002,ELE-02002-6277,Copperfield Series 2 Screen Protector 2-Pack,Electronics,Mobile Accessories,Copperfield,349.05,626.99,SUP116,14,26,,True,2024-04-26,Seasonal,7166.1,12,B,0,1,1
P02003,PER-02003-2731,Willowbrook X200 Body Wipes,Personal Care,Personal Hygiene,Willowbrook,2.81,5.99,SUP097,45,622,428.0,False,2024-01-28,Active,927.57,165,C,0,0,0
P02004,BOO-02004-3846,Cedarwood Elite Study Guide,Books,Educational & Reference,Cedarwood,12.69,22.99,SUP292,27,299,,False,2024-11-14,Active,5587.83,261,B,1,0,1
P02005,BEA-02005-5057,Vertex Premium Makeup Brush Set,Beauty,Makeup,Vertex,10.15,27.99,SUP159,14,311,164.0,True,2025-12-18,Seasonal,4475.54,171,B,0,0,0
P02006,CLO-02006-9485,Driftwood Essential Performance Tank,Clothing,Activewear,Driftwood,21.49,55.99,SUP058,8,170,,True,2024-04-06,Discontinued,492.29,9,C,0,1,1
P02007,ELE-02007-5189,Amberfield Premium Laptop Stand,Electronics,Laptop Accessories,Amberfield,11.13,16.99,SUP171,56,328,,False,2026-01-16,Discontinued,0.0,0,C,0,1,0
P02008,HOM-02008-5134,Copperfield Classic Cast Iron Skillet,Home & Kitchen,Cookware,Copperfield,10.04,22.99,SUP019,13,257,,False,2025-07-15,Active,2518.93,119,B,0,0,0
P02009,BOO-02009-2936,BlueStone Max History Hardcover,Books,Non-Fiction,BlueStone,1.5,2.72,SUP274,18,552,,False,2024-09-07,Active,198.66,79,C,0,0,0
P02010,CLO-02010-1590,Trailhaven Compact Training Jacket,Clothing,Activewear,Trailhaven,9.07,19.99,SUP088,42,208,,True,2024-04-12,Seasonal,695.78,38,C,0,1,0
P02011,TOY-02011-7385,Trailhaven Classic STEM Building Kit,Toys,Educational Toys,Trailhaven,20.42,30.99,SUP265,21,193,,True,2025-05-17,Seasonal,3846.14,135,B,0,0,1
P02012,SPO-02012-9393,Timbercrest Ultra Resistance Bands Set,Sports,Fitness Equipment,Timbercrest,10.45,19.99,SUP244,33,316,,True,2025-01-27,Seasonal,997.69,54,C,0,0,0
P02013,BOO-02013-3810,Crestmark Series 2 Biography,Books,Non-Fiction,Crestmark,6.17,9.99,SUP042,20,390,,True,2024-04-09,Seasonal,1548.71,167,C,0,0,0
P02014,TOY-02014-3046,Cedarwood Deluxe Construction Blocks,Toys,Building Sets,Cedarwood,20.82,46.99,SUP288,43,115,,False,2025-08-31,Active,92401.18,2129,A,1,0,1
P02015,ELE-02015-6570,Driftwood Compact USB-C Hub,Electronics,Laptop Accessories,Driftwood,25.23,53.99,SUP295,18,149,,False,2026-02-02,Active,13900.49,277,A,1,0,0
P02016,SPO-02016-9804,Ironclad X200 Yoga Mat,Sports,Fitness Equipment,Ironclad,44.59,66.99,SUP241,22,70,,False,2025-02-17,Active,30090.04,486,A,1,0,1
P02017,SPO-02017-4790,Kestrel Series 2 Camp Chair,Sports,Outdoor Recreation,Kestrel,26.94,51.99,SUP121,12,201,,False,2025-02-15,Active,9997.02,206,A,0,0,0
P02018,GRO-02018-9475,Norwell Signature Oatmeal Packets,Grocery,Breakfast Foods,Norwell,4.11,6.99,SUP191,52,275,496.0,False,2026-03-15,Active,717.92,112,C,0,0,0
P02019,HOM-02019-3159,Amberfield Premium Stand Mixer,Home & Kitchen,Small Appliances,Amberfield,19.55,38.99,SUP021,14,239,,False,2024-12-19,Active,8354.71,227,A,0,0,0
P02020,HOM-02020-9754,Driftwood Premium Closet Organizer,Home & Kitchen,Storage & Organization,Driftwood,26.74,41.99,SUP274,18,131,,False,2024-08-07,Active,6798.49,174,B,0,0,0
P02021,HOM-02021-2861,Silverpine Premium Electric Kettle,Home & Kitchen,Small Appliances,Silverpine,15.75,33.99,SUP052,54,213,,False,2026-02-11,Active,9179.38,290,A,1,0,0
P02022,CLO-02022-1013,Aurelia Premium Performance Tank,Clothing,Activewear,Aurelia,13.56,22.99,SUP210,23,254,,False,2025-04-22,Active,2642.5,125,B,0,0,0
P02023,HOM-02023-5426,Aurelia Everyday Electric Kettle,Home & Kitchen,Small Appliances,Aurelia,22.97,35.99,SUP241,20,208,,True,2026-05-05,Seasonal,233.95,7,C,0,1,0
P02024,SPO-02024-2676,NorthPoint Pro Bike Lock,Sports,Cycling,NorthPoint,4.29,8.99,SUP290,30,481,,False,2026-04-12,Active,335.78,41,C,0,1,0
P02025,ELE-02025-3164,Ridgeline Everyday Plus Bluetooth Speaker,Electronics,Headphones & Audio,Ridgeline,27.07,39.99,SUP247,7,148,,False,2026-01-09,Active,8445.01,225,A,0,0,0
P02026,ELE-02026-5398,Norwell Ultra Camera Backpack,Electronics,Cameras & Accessories,Norwell,81.79,177.99,SUP245,13,64,,False,2024-11-18,Active,2737.13,16,B,0,1,1
P02027,GRO-02027-7066,Aurelia Ultra Pasta Variety Pack,Grocery,Pantry Staples,Aurelia,4.14,5.99,SUP201,17,308,515.0,False,2025-10-16,Active,1361.45,244,C,0,0,0
P02028,HOM-02028-7286,Amberfield Lite Cast Iron Skillet,Home & Kitchen,Cookware,Amberfield,29.1,61.99,SUP162,51,164,,True,2025-03-07,Seasonal,30747.66,544,A,1,0,0
P02029,PER-02029-6553,Fernwood Compact Pulse Oximeter,Personal Care,Health Monitoring,Fernwood,1.9,3.99,SUP012,25,582,453.0,False,2025-11-28,Active,382.75,106,C,0,0,0
P02030,GRO-02030-3681,Sunneva X200 Rice 5lb Bag,Grocery,Pantry Staples,Sunneva,8.85,13.99,SUP290,38,325,106.0,False,2026-04-30,Active,4913.92,380,B,1,0,1
P02031,HOM-02031-8108,Halcyon Premium Pillow 2-Pack,Home & Kitchen,Bedding & Linens,Halcyon,5.83,12.99,SUP121,15,426,,False,2025-10-30,Active,2432.05,198,B,0,0,0
P02032,HOM-02032-9740,Sunneva Ultra Stock Pot,Home & Kitchen,Cookware,Sunneva,13.84,27.99,SUP238,6,168,,True,2025-03-31,Seasonal,3039.16,115,B,0,0,0
P02033,BEA-02033-2198,Fernwood Ultra Fragrance Gift Set,Beauty,Fragrances,Fernwood,19.86,35.99,SUP102,14,104,442.0,False,2026-06-24,Active,2166.7,64,B,0,0,1
P02034,BOO-02034-2672,Kestrel Everyday Graphic Novel Vol. 1,Books,Comics & Graphic Novels,Kestrel,7.61,10.99,SUP127,35,297,,True,2026-02-27,Seasonal,231.16,23,C,0,1,1
P02035,TOY-02035-8938,Willowbrook Everyday Coding Robot Kit,Toys,Educational Toys,Willowbrook,4.98,10.99,SUP132,38,318,,False,2024-08-11,Active,257.57,26,C,0,1,0
P02036,BEA-02036-2289,Ironclad Everyday Vitamin C Serum,Beauty,Skincare,Ironclad,3.8,6.99,SUP294,43,287,481.0,False,2026-05-07,Active,232.01,36,C,0,1,0
P02037,BOO-02037-5707,Copperfield Essential Short Story Collection,Books,Fiction,Copperfield,4.49,7.99,SUP051,33,373,,True,2025-03-13,Seasonal,199.54,27,C,0,1,0
P02038,CLO-02038-7313,Copperfield Everyday School Uniform Set,Clothing,Kids' Apparel,Copperfield,12.15,33.99,SUP149,59,208,,False,2024-08-21,Active,48363.06,1534,A,1,0,0
P02039,AUT-02039-6860,Fernwood Deluxe Steering Wheel Cover,Automotive,Interior Accessories,Fernwood,27.91,38.99,SUP030,9,111,,False,2024-09-25,Active,299.3,8,C,0,1,0
P02040,CLO-02040-3510,Comet Elite Training Jacket,Clothing,Activewear,Comet,12.85,20.99,SUP148,23,190,,False,2025-12-17,Discontinued,0.0,0,C,0,1,0
P02041,GRO-02041-9810,Cedarwood Advanced Coffee Pods Box,Grocery,Beverages,Cedarwood,4.53,7.99,SUP159,13,241,155.0,False,2024-12-17,Discontinued,70.41,10,C,0,1,0
P02042,SPO-02042-1851,Aurelia Signature Yoga Mat,Sports,Fitness Equipment,Aurelia,29.87,46.99,SUP028,55,195,,False,2025-08-19,Active,791.89,19,C,0,1,0
P02043,AUT-02043-5671,Ironclad Compact Backup Camera,Automotive,Car Electronics,Ironclad,7.37,10.99,SUP199,39,358,,False,2025-02-09,Active,1788.42,175,C,0,0,0
P02044,CLO-02044-7691,Aurelia Everyday Plus Cardigan,Clothing,Women's Apparel,Aurelia,35.29,97.99,SUP248,30,93,,False,2026-06-18,Active,1439.62,16,C,0,1,1
P02045,PER-02045-8918,Everline Signature Multivitamin Bottle,Personal Care,Vitamins & Supplements,Everline,3.16,4.99,SUP245,12,508,283.0,False,2024-05-04,Active,274.61,61,C,0,0,0
P02046,AUT-02046-1179,Halcyon Everyday Plus Jump Starter,Automotive,Tools & Equipment,Halcyon,41.82,84.99,SUP211,22,132,,False,2025-06-18,Active,3116.85,40,B,0,1,1
P02047,HOM-02047-3923,Trailhaven Essential Air Fryer,Home & Kitchen,Small Appliances,Trailhaven,12.0,20.99,SUP028,57,237,,False,2024-11-20,Active,1599.68,83,C,0,0,0
P02048,TOY-02048-9465,Kestrel Classic Coding Robot Kit,Toys,Educational Toys,Kestrel,20.85,42.99,SUP171,57,186,,False,2025-12-24,Active,2746.65,68,B,0,0,1
P02049,BOO-02049-8469,Quinley Essential Mystery Novel,Books,Fiction,Quinley,7.52,12.99,SUP199,45,393,,False,2026-05-09,Active,1039.07,87,C,0,0,1
P02050,CLO-02050-1664,Kestrel Series 2 Kids Graphic Tee,Clothing,Kids' Apparel,Kestrel,2.95,5.99,SUP218,60,667,,True,2024-11-11,Seasonal,12561.15,2274,A,1,0,0
P02051,CLO-02051-9419,Meridian Max Wrap Dress,Clothing,Women's Apparel,Meridian,9.48,20.99,SUP204,17,156,,False,2026-04-07,Active,2255.66,115,B,0,0,0
P02052,AUT-02052-7386,Vaultis Series 2 Trunk Organizer,Automotive,Interior Accessories,Vaultis,13.75,20.99,SUP171,58,217,,True,2025-07-07,Seasonal,1118.62,57,C,0,0,0
P02053,BOO-02053-2686,Crestmark Elite Fantasy Trilogy Box Set,Books,Fiction,Crestmark,10.43,15.99,SUP211,23,240,,False,2024-02-20,Discontinued,0.0,0,C,0,1,1
P02054,CLO-02054-3017,Quinley Deluxe Sandals,Clothing,Footwear,Quinley,11.57,31.99,SUP258,48,143,,False,2025-12-11,Active,2817.74,95,B,0,0,0
P02055,ELE-02055-5485,Aurelia Premium Security Camera,Electronics,Smart Home Devices,Aurelia,15.17,26.99,SUP159,14,274,,True,2025-05-17,Seasonal,149.81,6,C,0,1,0
P02056,BEA-02056-7413,Comet Premium Fragrance Gift Set,Beauty,Fragrances,Comet,30.26,89.99,SUP028,60,197,383.0,False,2026-05-31,Active,9682.84,116,A,0,0,1
P02057,PER-02057-9055,Crestmark Everyday Multivitamin Bottle,Personal Care,Vitamins & Supplements,Crestmark,2.43,4.99,SUP245,16,656,185.0,True,2025-02-22,Seasonal,813.73,176,C,0,0,0
P02058,SPO-02058-4981,Rockridge Max Bike Water Bottle Cage,Sports,Cycling,Rockridge,9.47,21.99,SUP186,9,212,,False,2024-08-17,Active,6416.18,318,B,1,0,0
P02059,ELE-02059-4206,Silverpine Pro Laptop Stand,Electronics,Laptop Accessories,Silverpine,72.75,156.99,SUP195,54,54,,False,2024-06-06,Active,2531.27,17,B,0,1,0
P02060,AUT-02060-7435,Brightline X200 Tire Inflator,Automotive,Tire & Wheel Care,Brightline,15.7,21.99,SUP075,21,162,,False,2024-03-12,Active,2836.52,138,B,0,0,0
P02061,AUT-02061-7263,Vaultis Classic Wheel Cover Set,Automotive,Tire & Wheel Care,Vaultis,59.0,87.99,SUP028,52,105,,False,2025-10-05,Active,10839.22,135,A,0,0,1
P02062,CLO-02062-7635,Palisade Classic Running Leggings,Clothing,Activewear,Palisade,10.34,24.99,SUP230,36,205,,False,2026-06-09,Discontinued,0.0,0,C,0,1,0
P02063,ELE-02063-1915,Ironclad Everyday GPS Running Watch,Electronics,Wearable Tech,Ironclad,61.66,131.99,SUP012,29,113,,False,2025-08-12,Active,20205.06,163,A,0,0,0
P02064,CLO-02064-4375,Everline X200 Kids Rain Jacket,Clothing,Kids' Apparel,Everline,7.4,16.99,SUP115,44,426,,False,2025-07-03,Active,3015.45,192,B,0,0,0
P02065,ELE-02065-3707,Vertex Everyday Plus USB-C Hub,Electronics,Laptop Accessories,Vertex,76.1,129.99,SUP152,9,63,,False,2024-01-26,Active,7354.47,63,B,0,0,1
P02066,GRO-02066-9850,Kestrel X200 Baking Mix,Grocery,Pantry Staples,Kestrel,3.82,5.99,SUP008,17,617,365.0,False,2024-01-16,Active,4590.8,829,B,1,0,0
P02067,BOO-02067-6934,Vanture Everyday Plus Biography,Books,Non-Fiction,Vanture,2.67,4.99,SUP171,50,528,,False,2025-03-31,Active,1129.68,243,C,0,0,0
P02068,PER-02068-7061,Vaultis X200 Multivitamin Bottle,Personal Care,Vitamins & Supplements,Vaultis,2.36,3.99,SUP026,29,525,332.0,False,2025-04-19,Discontinued,3.93,1,C,0,1,0
P02069,GRO-02069-4976,Willowbrook Premium Salad Dressing Set,Grocery,Condiments & Sauces,Willowbrook,2.51,4.99,SUP057,41,404,508.0,False,2025-01-23,Active,1595.01,344,C,1,0,0
P02070,AUT-02070-9355,Solstice Pro Seat Cover Set,Automotive,Interior Accessories,Solstice,35.02,58.99,SUP296,22,81,,False,2026-05-03,Discontinued,238.6,4,C,0,1,1
P02071,PER-02071-6925,Pinnacle Premium Smart Scale,Personal Care,Health Monitoring,Pinnacle,14.04,20.99,SUP159,14,256,307.0,False,2024-10-27,Active,4548.15,233,B,0,0,1
P02072,ELE-02072-6601,Ostrom Deluxe Laptop Stand,Electronics,Laptop Accessories,Ostrom,74.87,151.99,SUP290,34,97,,False,2026-06-16,Active,12228.84,87,A,0,0,1
P02073,HOM-02073-5973,Kestrel Deluxe Sheet Set,Home & Kitchen,Bedding & Linens,Kestrel,12.48,22.99,SUP147,21,278,,False,2024-08-28,Active,0.0,0,C,0,1,0
P02074,SPO-02074-3500,Foundry Series 2 Yoga Towel,Sports,Yoga & Wellness,Foundry,4.37,6.99,SUP241,24,305,,False,2024-10-24,Active,2583.67,393,B,1,0,0
P02075,TOY-02075-9363,Brightline Everyday Backyard Game Set,Toys,Outdoor Play,Brightline,12.91,31.99,SUP012,33,269,,False,2024-09-29,Active,1747.94,59,C,0,0,0
P02076,BEA-02076-5041,Vanture Advanced Body Wash,Beauty,Bath & Body,Vanture,4.3,8.99,SUP075,24,451,108.0,False,2025-12-14,Active,516.12,63,C,0,0,0
P02077,SPO-02077-2081,Vaultis Compact Resistance Bands Set,Sports,Fitness Equipment,Vaultis,24.82,54.99,SUP073,22,141,,False,2024-10-28,Active,2798.13,54,B,0,0,0
P02078,BOO-02078-2605,Timbercrest Pro Mystery Novel,Books,Fiction,Timbercrest,5.26,7.99,SUP019,15,262,,True,2025-02-22,Seasonal,2365.31,323,B,1,0,0
P02079,SPO-02079-6611,Solstice Series 2 Meditation Cushion,Sports,Yoga & Wellness,Solstice,17.19,31.99,SUP278,29,216,,False,2024-04-11,Active,1007.62,33,C,0,1,0
P02080,SPO-02080-8056,Trailhaven Signature Yoga Towel,Sports,Yoga & Wellness,Trailhaven,59.93,95.99,SUP150,41,129,,True,2024-12-28,Seasonal,39256.43,444,A,1,0,1
P02081,ELE-02081-5104,Glacier Ultra Car Mount,Electronics,Mobile Accessories,Glacier,146.13,208.99,SUP170,29,74,,False,2024-07-01,Active,1389.43,7,C,0,1,1
P02082,HOM-02082-6343,Quinley Pro Closet Organizer,Home & Kitchen,Storage & Organization,Quinley,25.17,48.99,SUP154,11,218,,False,2025-11-22,Active,6506.85,143,B,0,0,0
P02083,HOM-02083-9339,Copperfield Signature Electric Kettle,Home & Kitchen,Small Appliances,Copperfield,12.14,25.99,SUP058,10,161,,False,2026-01-11,Active,6101.29,252,B,0,0,0
P02084,PER-02084-2358,Palisade Premium Blood Pressure Monitor,Personal Care,Health Monitoring,Palisade,1.5,2.99,SUP274,19,817,282.0,False,2024-09-03,Active,1191.24,432,C,1,0,0
P02085,PER-02085-8707,Vanture Essential Deodorant 2-Pack,Personal Care,Personal Hygiene,Vanture,7.26,13.99,SUP190,47,267,294.0,True,2026-06-20,Seasonal,1540.44,115,C,0,0,0
P02086,TOY-02086-5681,Norwell Elite Family Board Game,Toys,Board Games & Puzzles,Norwell,6.13,10.99,SUP027,46,290,,True,2025-01-23,Seasonal,902.03,88,C,0,0,0
P02087,ELE-02087-3849,Ridgeline Everyday Plus Sleep Tracker Ring,Electronics,Wearable Tech,Ridgeline,35.01,49.99,SUP132,32,110,,False,2026-01-31,Active,2794.5,62,B,0,0,0
P02088,CLO-02088-2351,Ashford Premium Kids Rain Jacket,Clothing,Kids' Apparel,Ashford,6.68,12.99,SUP003,7,363,,False,2024-08-12,Active,285.15,23,C,0,1,0
P02089,HOM-02089-8504,Novara Premium Stand Mixer,Home & Kitchen,Small Appliances,Novara,3.65,7.99,SUP192,66,553,,True,2026-02-22,Seasonal,428.21,58,C,0,0,0
P02090,BEA-02090-6098,Pinnacle X200 Eau de Parfum,Beauty,Fragrances,Pinnacle,13.88,32.99,SUP155,43,223,64.0,True,2024-05-10,Seasonal,333.64,11,C,0,1,1
P02091,GRO-02091-6177,Lumino Deluxe Oatmeal Packets,Grocery,Breakfast Foods,Lumino,5.7,8.99,SUP271,40,407,151.0,False,2024-11-25,Active,198.6,24,C,0,1,1
P02092,AUT-02092-6890,Trailhaven Compact Tool Kit,Automotive,Tools & Equipment,Trailhaven,6.54,11.99,SUP275,5,282,,False,2024-12-11,Active,17915.18,1612,A,1,0,0
P02093,HOM-02093-3615,Timbercrest Lite Stock Pot,Home & Kitchen,Cookware,Timbercrest,15.04,27.99,SUP022,57,204,,False,2024-06-18,Discontinued,0.0,0,C,0,1,0
P02094,BOO-02094-1988,ClearPath Advanced Study Guide,Books,Educational & Reference,ClearPath,11.95,17.99,SUP022,49,164,,True,2026-05-24,Seasonal,5516.05,329,B,1,0,1
P02095,PER-02095-1823,Copperfield Advanced Hand Sanitizer 3-Pack,Personal Care,Personal Hygiene,Copperfield,9.43,13.99,SUP270,19,163,91.0,False,2024-09-24,Active,136.98,11,C,0,1,1
P02096,SPO-02096-7360,Crestmark Classic Sleeping Bag,Sports,Outdoor Recreation,Crestmark,21.21,31.99,SUP152,8,162,,False,2025-01-17,Discontinued,0.0,0,C,0,1,0
P02097,ELE-02097-2500,UrbanNest Essential Bluetooth Speaker,Electronics,Headphones & Audio,UrbanNest,58.98,97.99,SUP136,46,136,,False,2024-01-16,Active,2342.97,26,B,0,1,0
P02098,PER-02098-1972,Halcyon Advanced Cotton Swabs Bulk,Personal Care,Personal Hygiene,Halcyon,9.9,13.99,SUP159,11,350,475.0,False,2025-09-15,Active,164.81,13,C,0,1,1
P02099,BOO-02099-6659,Rockridge Everyday Plus Reference Encyclopedia,Books,Educational & Reference,Rockridge,2.84,4.99,SUP134,29,684,,False,2024-06-12,Active,1975.82,430,C,1,0,0
P02100,BEA-02100-4778,Meridian Advanced Vitamin C Serum,Beauty,Skincare,Meridian,7.42,14.99,SUP171,54,266,433.0,True,2024-09-16,Seasonal,2910.63,214,B,0,0,0
P02101,SPO-02101-5480,Novara Everyday Adjustable Dumbbell Set,Sports,Fitness Equipment,Novara,35.22,71.99,SUP277,46,155,,False,2026-04-16,Active,4100.14,63,B,0,0,1
P02102,AUT-02102-2010,Amberfield Everyday Plus Floor Mat Set,Automotive,Interior Accessories,Amberfield,7.47,11.99,SUP171,55,412,,False,2026-02-28,Active,59075.95,5318,A,1,0,0
P02103,CLO-02103-2204,Amberfield Advanced School Uniform Set,Clothing,Kids' Apparel,Amberfield,31.42,59.99,SUP081,9,85,,False,2024-04-14,Active,5473.18,98,B,0,0,1
P02104,CLO-02104-6833,Ridgeline X200 Training Jacket,Clothing,Activewear,Ridgeline,9.46,14.99,SUP052,48,251,,False,2025-07-23,Active,1675.56,120,C,0,0,0
P02105,BEA-02105-9040,Cedarwood Classic Cologne,Beauty,Fragrances,Cedarwood,7.13,17.99,SUP289,33,274,135.0,False,2025-11-12,Active,230.75,14,C,0,1,0
P02106,ELE-02106-3184,ClearPath Pro Video Doorbell,Electronics,Smart Home Devices,ClearPath,18.86,35.99,SUP164,24,233,,False,2026-05-16,Active,1127.38,33,C,0,1,0
P02107,TOY-02107-6203,UrbanNest X200 Strategy Game,Toys,Board Games & Puzzles,UrbanNest,8.78,18.99,SUP159,11,293,,False,2024-08-07,Active,1208.96,69,C,0,0,0
P02108,ELE-02108-2748,Everline Classic Security Camera,Electronics,Smart Home Devices,Everline,15.36,20.99,SUP011,27,288,,True,2024-10-24,Seasonal,9176.67,471,A,1,0,0
P02109,BEA-02109-9688,Trailhaven Pro Facial Moisturizer,Beauty,Skincare,Trailhaven,2.97,8.99,SUP274,20,309,332.0,False,2024-08-04,Active,2395.19,291,B,1,0,0
P02110,BEA-02110-5795,Brightline Max Facial Moisturizer,Beauty,Skincare,Brightline,13.95,35.99,SUP136,52,179,509.0,False,2025-05-05,Active,14678.9,442,A,1,0,1
P02111,GRO-02111-3477,Glacier Advanced BBQ Sauce,Grocery,Condiments & Sauces,Glacier,3.16,4.99,SUP300,18,503,345.0,False,2025-07-04,Active,129.54,27,C,0,1,0
P02112,BEA-02112-2065,Willowbrook Premium Styling Cream,Beauty,Haircare,Willowbrook,3.0,4.99,SUP034,43,376,91.0,False,2024-06-23,Active,1550.62,343,C,1,0,0
P02113,BOO-02113-2654,Pinnacle Compact Mystery Novel,Books,Fiction,Pinnacle,4.7,8.99,SUP084,52,542,,False,2024-01-21,Active,1053.29,126,C,0,0,0
P02114,GRO-02114-8333,Solstice Essential Sparkling Water Case,Grocery,Beverages,Solstice,1.59,2.99,SUP050,49,819,98.0,False,2024-05-03,Active,501.47,180,C,0,0,0
P02115,HOM-02115-8848,Aurelia Premium Area Rug,Home & Kitchen,Home Decor,Aurelia,7.76,16.99,SUP102,15,321,,False,2024-07-09,Active,544.1,35,C,0,1,0
P02116,AUT-02116-6625,Halcyon Essential Tire Shine Kit,Automotive,Tire & Wheel Care,Halcyon,4.03,7.99,SUP290,29,290,,False,2025-06-17,Active,278.28,37,C,0,1,0
P02117,PER-02117-7757,Crestmark Deluxe Digital Thermometer,Personal Care,Health Monitoring,Crestmark,6.46,11.99,SUP115,36,406,229.0,False,2024-07-01,Active,2054.53,186,C,0,0,0
P02118,BEA-02118-2834,Halcyon Deluxe Hair Dryer,Beauty,Haircare,Halcyon,2.69,6.99,SUP248,40,738,355.0,False,2026-01-02,Active,2637.87,406,B,1,0,0
P02119,GRO-02119-2907,BlueStone Classic Hot Sauce Set,Grocery,Condiments & Sauces,BlueStone,3.3,5.99,SUP218,46,591,425.0,False,2025-08-08,Active,282.62,51,C,0,0,0
P02120,ELE-02120-2148,Solstice Ultra Phone Case,Electronics,Mobile Accessories,Solstice,179.17,320.99,SUP076,31,55,,False,2024-07-01,Active,33222.94,111,A,0,0,1
P02121,ELE-02121-4161,Ironclad Ultra Action Camera,Electronics,Cameras & Accessories,Ironclad,17.62,38.99,SUP164,26,217,,False,2026-06-22,Active,20857.74,579,A,1,0,0
P02122,BEA-02122-6372,Quinley Pro Sunscreen SPF50,Beauty,Skincare,Quinley,16.64,42.99,SUP258,37,198,387.0,True,2025-10-03,Seasonal,1764.39,45,C,0,0,1
P02123,PER-02123-3863,Quinley Premium Blood Pressure Monitor,Personal Care,Health Monitoring,Quinley,12.08,20.99,SUP171,55,139,255.0,False,2026-03-04,Discontinued,0.0,0,C,0,1,1
P02124,SPO-02124-1973,Timbercrest Series 2 Hiking Backpack,Sports,Outdoor Recreation,Timbercrest,28.01,58.99,SUP065,13,191,,False,2025-09-04,Discontinued,241.31,5,C,0,1,0
P02125,GRO-02125-7344,Vanture Pro Coffee Pods Box,Grocery,Beverages,Vanture,4.08,6.99,SUP258,38,323,231.0,False,2025-08-25,Active,180.02,27,C,0,1,0
P02126,PER-02126-1678,UrbanNest Essential Water Flosser,Personal Care,Oral Care,UrbanNest,15.96,24.99,SUP159,11,166,381.0,False,2025-03-16,Active,871.29,38,C,0,1,1
P02127,BEA-02127-2938,Copperfield Elite Cleansing Foam,Beauty,Skincare,Copperfield,25.86,48.99,SUP293,24,205,483.0,False,2025-08-21,Active,3415.23,77,B,0,0,1
P02128,GRO-02128-1549,Timbercrest Compact Hot Sauce Set,Grocery,Condiments & Sauces,Timbercrest,2.34,3.99,SUP181,13,688,383.0,False,2025-11-30,Active,368.81,98,C,0,0,0
P02129,BEA-02129-1692,Vaultis Pro Eau de Parfum,Beauty,Fragrances,Vaultis,4.63,12.99,SUP121,16,407,524.0,False,2026-06-18,Active,904.73,75,C,0,0,0
P02130,HOM-02130-1481,BlueStone Ultra Storage Bin Set,Home & Kitchen,Storage & Organization,BlueStone,27.03,58.99,SUP116,15,117,,False,2025-06-25,Active,8361.0,152,A,0,0,0
P02131,AUT-02131-8363,Crestmark Compact Seat Cover Set,Automotive,Interior Accessories,Crestmark,209.12,432.99,SUP263,47,61,,False,2025-11-18,Active,3180.03,8,B,0,1,1
P02132,BEA-02132-2691,Sunneva Deluxe Makeup Brush Set,Beauty,Makeup,Sunneva,14.91,36.99,SUP294,36,211,66.0,False,2026-05-13,Active,15174.91,444,A,1,0,1
P02133,SPO-02133-1103,Rockridge Classic Hiking Backpack,Sports,Outdoor Recreation,Rockridge,43.29,86.99,SUP115,44,119,,False,2025-07-10,Active,21623.82,266,A,1,0,1
P02134,BEA-02134-8213,Meridian X200 Vitamin C Serum,Beauty,Skincare,Meridian,12.9,20.99,SUP032,54,163,95.0,False,2025-11-27,Active,7047.78,359,B,1,0,1
P02135,PER-02135-6473,Vaultis Everyday Plus Whitening Kit,Personal Care,Oral Care,Vaultis,4.57,8.99,SUP012,26,372,313.0,True,2024-06-21,Seasonal,320.77,39,C,0,1,0
P02136,BOO-02136-9596,Halcyon Max Activity Book,Books,Children's Books,Halcyon,4.05,5.99,SUP082,12,368,,True,2026-03-19,Seasonal,732.76,129,C,0,0,0
P02137,CLO-02137-3776,ClearPath Pro High-Waist Jeans,Clothing,Women's Apparel,ClearPath,62.08,140.99,SUP087,9,77,,True,2026-06-11,Seasonal,20633.35,160,A,0,0,1
P02138,HOM-02138-9611,Ostrom Everyday Plus Coffee Maker,Home & Kitchen,Small Appliances,Ostrom,34.62,72.99,SUP115,45,126,,False,2024-11-25,Active,4021.72,60,B,0,0,1
P02139,PER-02139-4808,Ironclad Premium Protein Powder,Personal Care,Vitamins & Supplements,Ironclad,7.16,13.99,SUP028,55,397,289.0,False,2026-03-20,Discontinued,0.0,0,C,0,1,0
P02140,CLO-02140-6378,Vaultis Premium Ankle Boots,Clothing,Footwear,Vaultis,14.82,30.99,SUP147,24,173,,False,2026-01-09,Active,472.9,16,C,0,1,0
P02141,GRO-02141-1606,NorthPoint X200 Salad Dressing Set,Grocery,Condiments & Sauces,NorthPoint,3.44,5.99,SUP274,22,359,326.0,False,2024-07-31,Active,192.58,33,C,0,1,0
P02142,AUT-02142-2103,Vaultis Compact Tire Inflator,Automotive,Tire & Wheel Care,Vaultis,9.24,14.99,SUP055,12,354,,True,2026-06-23,Seasonal,394.08,28,C,0,1,0
P02143,ELE-02143-2489,UrbanNest Deluxe Phone Case,Electronics,Mobile Accessories,UrbanNest,65.18,135.99,SUP194,3,112,,False,2025-06-17,Active,463048.26,3668,A,1,0,0
P02144,GRO-02144-7581,Solstice Deluxe Trail Mix,Grocery,Snacks,Solstice,3.53,5.99,SUP012,33,478,112.0,False,2024-05-29,Active,60.95,11,C,0,1,0
P02145,CLO-02145-5510,Kestrel X200 Cardigan,Clothing,Women's Apparel,Kestrel,8.03,14.99,SUP176,50,333,,False,2024-04-08,Active,351.0,25,C,0,1,0
P02146,GRO-02146-7521,Sunneva Ultra Pasta Sauce Jar,Grocery,Condiments & Sauces,Sunneva,3.56,5.99,SUP274,22,290,80.0,False,2025-04-11,Active,1231.31,218,C,0,0,0
P02147,CLO-02147-4449,Meridian Lite Crew Neck Tee 3-Pack,Clothing,Men's Apparel,Meridian,15.1,30.99,SUP073,19,245,,True,2025-04-19,Seasonal,1292.18,44,C,0,0,0
P02148,GRO-02148-4199,Ashford Lite Oatmeal Packets,Grocery,Breakfast Foods,Ashford,7.24,9.99,SUP245,13,407,200.0,False,2026-02-25,Active,496.27,53,C,0,0,1
P02149,HOM-02149-5054,Crestmark Deluxe Coffee Maker,Home & Kitchen,Small Appliances,Crestmark,3.19,5.99,SUP022,52,468,,True,2025-04-10,Seasonal,1733.82,311,C,1,0,0
P02150,ELE-02150-4352,Brightline Compact Camera Backpack,Electronics,Cameras & Accessories,Brightline,59.02,91.99,SUP098,45,124,,False,2024-12-27,Active,27821.44,325,A,1,0,0
P02151,HOM-02151-1047,Everline Elite Electric Kettle,Home & Kitchen,Small Appliances,Everline,9.78,18.99,SUP005,37,274,,False,2024-10-15,Active,1433.44,82,C,0,0,0
P02152,PER-02152-3732,Brightline Everyday Omega-3 Softgels,Personal Care,Vitamins & Supplements,Brightline,11.77,17.99,SUP097,48,141,259.0,False,2025-04-08,Active,5396.79,326,B,1,0,1
P02153,CLO-02153-9351,Timbercrest Elite Compression Shorts,Clothing,Activewear,Timbercrest,10.82,29.99,SUP079,18,142,,True,2024-08-30,Seasonal,379.84,14,C,0,1,0
P02154,CLO-02154-7847,Silverpine Essential Running Leggings,Clothing,Activewear,Silverpine,27.29,71.99,SUP196,38,100,,False,2025-11-12,Active,1667.37,26,C,0,1,1
P02155,BEA-02155-5678,Ironclad Essential Makeup Brush Set,Beauty,Makeup,Ironclad,6.93,20.99,SUP075,26,437,71.0,True,2024-05-03,Seasonal,2729.79,139,B,0,0,0
P02156,SPO-02156-4781,Glacier Pro Sleeping Bag,Sports,Outdoor Recreation,Glacier,8.56,15.99,SUP247,5,387,,True,2026-01-22,Seasonal,27082.63,1822,A,1,0,0
P02157,HOM-02157-4916,Brightline Max Closet Organizer,Home & Kitchen,Storage & Organization,Brightline,24.11,44.99,SUP075,24,96,,True,2024-07-16,Seasonal,968.47,24,C,0,1,0
P02158,GRO-02158-7247,ClearPath Advanced Cereal Box,Grocery,Breakfast Foods,ClearPath,1.78,3.04,SUP052,62,586,544.0,True,2024-06-30,Seasonal,132.85,46,C,0,0,0
P02159,SPO-02159-8809,Crestmark Premium Yoga Block Set,Sports,Yoga & Wellness,Crestmark,21.52,33.99,SUP148,23,232,,False,2026-06-07,Active,4975.24,157,B,0,0,0
P02160,CLO-02160-5283,Vaultis Lite Blouse,Clothing,Women's Apparel,Vaultis,4.15,8.99,SUP182,10,433,,True,2024-12-22,Seasonal,953.18,117,C,0,0,0
P02161,TOY-02161-1563,Foundry Max Playset,Toys,Action Figures & Playsets,Foundry,14.54,36.99,SUP269,32,260,,False,2025-09-12,Active,1563.47,43,C,0,0,0
P02162,AUT-02162-6912,Halcyon Elite Tire Pressure Gauge,Automotive,Tools & Equipment,Halcyon,57.56,117.99,SUP245,15,73,,False,2024-12-25,Active,0.0,0,C,0,1,1
P02163,AUT-02163-5019,Harborlight Ultra Seat Cover Set,Automotive,Interior Accessories,Harborlight,12.44,24.99,SUP156,19,149,,True,2026-06-14,Seasonal,1407.5,60,C,0,0,0
P02164,HOM-02164-8756,Cedarwood Everyday Throw Pillow Set,Home & Kitchen,Home Decor,Cedarwood,5.89,13.99,SUP293,27,292,,False,2024-05-19,Active,3169.01,243,B,0,0,0
P02165,ELE-02165-6185,Halcyon Series 2 Fitness Tracker,Electronics,Wearable Tech,Halcyon,105.37,189.99,SUP075,22,81,,False,2025-02-28,Active,6576.0,38,B,0,1,1
P02166,HOM-02166-1137,Ridgeline Pro Pillow 2-Pack,Home & Kitchen,Bedding & Linens,Ridgeline,33.99,75.99,SUP299,12,178,,False,2024-03-24,Active,27895.01,392,A,1,0,1
P02167,TOY-02167-3496,Driftwood Everyday Plus Coding Robot Kit,Toys,Educational Toys,Driftwood,5.82,11.99,SUP106,11,427,,False,2025-06-04,Active,1126.99,101,C,0,0,0
P02168,PER-02168-3435,Driftwood Essential Cotton Swabs Bulk,Personal Care,Personal Hygiene,Driftwood,3.26,5.99,SUP064,10,436,195.0,False,2025-11-10,Active,1352.28,244,C,0,0,0
P02169,PER-02169-3335,Driftwood Series 2 Grooming Kit,Personal Care,Shaving & Grooming,Driftwood,4.73,7.99,SUP104,27,343,70.0,False,2025-03-03,Active,1070.18,146,C,0,0,0
P02170,GRO-02170-5164,Glacier Everyday Pasta Variety Pack,Grocery,Pantry Staples,Glacier,11.23,18.99,SUP164,23,316,380.0,False,2026-02-16,Active,676.32,38,C,0,1,1
P02171,AUT-02171-2453,Halcyon Compact Wheel Cover Set,Automotive,Tire & Wheel Care,Halcyon,7.6,15.99,SUP138,16,301,,False,2025-12-01,Active,5550.84,373,B,1,0,0
P02172,CLO-02172-7991,Ridgeline Series 2 Compression Shorts,Clothing,Activewear,Ridgeline,2.58,7.99,SUP012,24,518,,False,2026-05-18,Active,178.91,25,C,0,1,0
P02173,AUT-02173-7353,Cedarwood Lite Jump Starter,Automotive,Tools & Equipment,Cedarwood,20.48,28.99,SUP097,55,141,,False,2026-06-27,Active,951.16,35,C,0,1,0
P02174,CLO-02174-4177,Aurelia Pro Running Leggings,Clothing,Activewear,Aurelia,13.08,27.99,SUP146,44,256,,False,2026-05-22,Active,670.3,25,C,0,1,0
P02175,HOM-02175-7015,Cedarwood Pro Pillow 2-Pack,Home & Kitchen,Bedding & Linens,Cedarwood,42.07,95.99,SUP188,25,81,,False,2025-01-30,Active,13078.34,143,A,0,0,1
P02176,ELE-02176-8871,UrbanNest Elite Car Mount,Electronics,Mobile Accessories,UrbanNest,8.23,12.99,SUP279,13,257,,False,2026-06-26,Active,4531.26,374,B,1,0,0
P02177,PER-02177-4683,Harborlight Ultra Whitening Kit,Personal Care,Oral Care,Harborlight,3.76,8.99,SUP281,37,532,79.0,False,2025-08-25,Active,256.03,34,C,0,1,0
P02178,BEA-02178-5201,Aurelia Everyday Plus Fragrance Gift Set,Beauty,Fragrances,Aurelia,18.82,41.99,SUP152,9,207,169.0,True,2024-03-16,Seasonal,1145.07,34,C,0,1,1
P02179,GRO-02179-1900,Aurelia Classic Herbal Tea Sampler,Grocery,Beverages,Aurelia,3.6,5.99,SUP159,11,307,498.0,True,2024-03-16,Seasonal,656.94,115,C,0,0,0
P02180,GRO-02180-5990,Pinnacle Premium Salad Dressing Set,Grocery,Condiments & Sauces,Pinnacle,5.05,8.99,SUP199,35,327,121.0,False,2024-12-27,Active,103.63,12,C,0,1,0
P02181,BEA-02181-2668,Driftwood Lite Eau de Parfum,Beauty,Fragrances,Driftwood,6.59,12.99,SUP251,11,292,220.0,False,2025-05-22,Active,5430.49,453,B,1,0,0
P02182,PER-02182-1258,BlueStone X200 Toothbrush 4-Pack,Personal Care,Oral Care,BlueStone,7.22,14.99,SUP215,11,236,122.0,False,2024-03-15,Active,1234.66,91,C,0,0,0
P02183,ELE-02183-4630,Ironclad Series 2 Over-Ear Headphones,Electronics,Headphones & Audio,Ironclad,81.62,128.99,SUP210,29,60,,False,2025-06-09,Active,1886.17,16,C,0,1,1
P02184,ELE-02184-7319,Ashford Max Sleep Tracker Ring,Electronics,Wearable Tech,Ashford,34.74,74.99,SUP121,13,130,,False,2025-09-10,Active,2434.62,34,B,0,1,0
P02185,TOY-02185-3233,Vaultis Essential Counting Puzzle,Toys,Educational Toys,Vaultis,12.7,27.99,SUP261,50,192,,False,2025-09-24,Active,3525.5,136,B,0,0,0
P02186,CLO-02186-2312,Ironclad Elite Running Leggings,Clothing,Activewear,Ironclad,18.67,36.99,SUP188,22,198,,False,2026-06-05,Active,3496.97,101,B,0,0,1
P02187,ELE-02187-7628,Copperfield Advanced GPS Running Watch,Electronics,Wearable Tech,Copperfield,21.33,46.99,SUP030,9,189,,False,2024-11-27,Active,1286.96,30,C,0,1,0
P02188,ELE-02188-2630,Kestrel Essential Soundbar,Electronics,Headphones & Audio,Kestrel,29.2,45.99,SUP171,49,197,,False,2024-02-03,Active,4221.77,99,B,0,0,0
P02189,HOM-02189-1713,Novara Series 2 Weighted Blanket,Home & Kitchen,Bedding & Linens,Novara,15.96,26.99,SUP079,18,213,,True,2026-05-23,Seasonal,231.36,9,C,0,1,0
P02190,GRO-02190-1095,Kestrel Elite Trail Mix,Grocery,Snacks,Kestrel,3.94,5.99,SUP047,27,544,528.0,False,2025-04-25,Active,384.64,69,C,0,0,0
P02191,ELE-02191-4515,Halcyon Everyday Plus Tripod Kit,Electronics,Cameras & Accessories,Halcyon,93.05,142.99,SUP178,39,101,,True,2025-07-28,Seasonal,71290.79,544,A,1,0,1
P02192,HOM-02192-4597,Meridian Everyday Throw Pillow Set,Home & Kitchen,Home Decor,Meridian,9.79,21.99,SUP176,44,242,,False,2025-05-01,Active,40878.06,2007,A,1,0,0
P02193,SPO-02193-8987,Halcyon Everyday Plus Foam Roller,Sports,Fitness Equipment,Halcyon,16.13,34.99,SUP281,35,142,,False,2025-03-20,Active,1966.42,61,C,0,0,0
P02194,AUT-02194-7569,Timbercrest Advanced Tire Pressure Gauge,Automotive,Tools & Equipment,Timbercrest,14.97,29.99,SUP290,36,166,,False,2024-05-28,Active,5445.83,195,B,0,0,0
P02195,AUT-02195-4042,Comet Deluxe Steering Wheel Cover,Automotive,Interior Accessories,Comet,41.33,73.99,SUP115,35,136,,False,2025-05-29,Active,9728.62,142,A,0,0,1
P02196,BEA-02196-4034,NorthPoint X200 Shampoo & Conditioner Set,Beauty,Haircare,NorthPoint,10.62,18.99,SUP036,23,209,93.0,False,2026-01-30,Active,148.2,8,C,0,1,0
P02197,GRO-02197-7852,Timbercrest Elite Hot Sauce Set,Grocery,Condiments & Sauces,Timbercrest,1.5,2.99,SUP028,60,496,239.0,False,2024-04-13,Discontinued,2.79,1,C,0,1,0
P02198,PER-02198-2468,Lumino Advanced Hand Sanitizer 3-Pack,Personal Care,Personal Hygiene,Lumino,1.75,3.0,SUP290,36,460,160.0,False,2024-12-25,Active,0.0,0,C,0,1,0
P02199,TOY-02199-3704,Glacier Pro 1000-Piece Puzzle,Toys,Board Games & Puzzles,Glacier,31.71,49.99,SUP114,8,116,,False,2026-05-02,Active,6321.67,133,B,0,0,1
P02200,CLO-02200-7390,Everline Deluxe Running Shoes,Clothing,Footwear,Everline,12.36,24.99,SUP087,7,158,,False,2025-01-18,Active,24861.8,1075,A,1,0,0
P02201,GRO-02201-6810,Kestrel Ultra Coffee Pods Box,Grocery,Beverages,Kestrel,2.05,3.99,SUP171,52,829,393.0,False,2024-05-27,Active,1590.46,426,C,1,0,0
P02202,GRO-02202-9310,Amberfield Pro Oatmeal Packets,Grocery,Breakfast Foods,Amberfield,2.75,4.99,SUP018,44,300,134.0,True,2026-05-27,Seasonal,432.54,94,C,0,0,0
P02203,CLO-02203-6021,Quinley Deluxe Ankle Boots,Clothing,Footwear,Quinley,16.52,43.99,SUP176,55,149,,False,2024-05-04,Active,1989.36,48,C,0,0,0
P02204,CLO-02204-3260,Kestrel Everyday School Uniform Set,Clothing,Kids' Apparel,Kestrel,14.79,27.99,SUP261,64,282,,True,2024-08-13,Seasonal,1397.85,54,C,0,0,0
P02205,ELE-02205-5697,Solstice Elite Fitness Tracker,Electronics,Wearable Tech,Solstice,70.68,118.99,SUP211,25,110,,False,2025-02-28,Active,45820.05,417,A,1,0,0
P02206,PER-02206-3774,Lumino Advanced Cotton Swabs Bulk,Personal Care,Personal Hygiene,Lumino,12.96,28.99,SUP115,37,302,116.0,False,2024-12-17,Active,2388.38,89,B,0,0,1
P02207,CLO-02207-2329,Ironclad Compact High-Waist Jeans,Clothing,Women's Apparel,Ironclad,3.29,5.99,SUP026,33,623,,False,2025-01-14,Active,1109.15,205,C,0,0,0
P02208,BOO-02208-5835,Quinley Compact Biography,Books,Non-Fiction,Quinley,7.95,14.99,SUP057,52,270,,True,2025-12-03,Seasonal,193.41,14,C,0,1,1
P02209,HOM-02209-1460,Ostrom Pro Area Rug,Home & Kitchen,Home Decor,Ostrom,2.86,6.99,SUP067,13,331,,False,2025-05-22,Active,2619.85,402,B,1,0,0
P02210,TOY-02210-2942,Novara Ultra Sidewalk Chalk Set,Toys,Outdoor Play,Novara,21.57,40.99,SUP106,13,215,,False,2025-03-13,Active,2036.98,53,C,0,0,1
P02211,SPO-02211-2198,Meridian X200 Sleeping Bag,Sports,Outdoor Recreation,Meridian,31.68,69.99,SUP028,55,121,,False,2025-10-03,Active,12044.12,184,A,0,0,0
P02212,ELE-02212-8496,Aurelia Everyday Plus GPS Running Watch,Electronics,Wearable Tech,Aurelia,32.62,56.99,SUP161,37,89,,False,2025-07-04,Active,18660.44,357,A,1,0,0
P02213,BOO-02213-7791,Vertex Essential Short Story Collection,Books,Fiction,Vertex,8.47,14.99,SUP102,18,345,,False,2025-07-27,Active,84.19,6,C,0,1,1
P02214,SPO-02214-9090,Ridgeline Pro Cycling Gloves,Sports,Cycling,Ridgeline,22.59,39.99,SUP148,24,97,,False,2025-03-11,Active,1788.35,48,C,0,0,0
P02215,AUT-02215-9980,Rockridge Signature Steering Wheel Cover,Automotive,Interior Accessories,Rockridge,41.8,57.99,SUP073,25,88,,False,2025-05-20,Active,2261.65,43,B,0,0,1
P02216,HOM-02216-8950,Timbercrest Everyday Plus Area Rug,Home & Kitchen,Home Decor,Timbercrest,34.86,54.99,SUP124,44,146,,False,2024-09-15,Active,1989.27,39,C,0,1,1
P02217,AUT-02217-3336,NorthPoint X200 Tire Pressure Gauge,Automotive,Tools & Equipment,NorthPoint,11.81,22.99,SUP205,54,181,,False,2025-01-12,Active,392.27,18,C,0,1,0
P02218,CLO-02218-1904,Timbercrest Lite Slim Fit Shirt,Clothing,Men's Apparel,Timbercrest,12.32,33.99,SUP022,53,143,,False,2024-05-28,Active,802.43,26,C,0,1,0
P02219,ELE-02219-3380,Ostrom Premium Tripod Kit,Electronics,Cameras & Accessories,Ostrom,13.13,18.99,SUP152,8,254,,False,2024-03-15,Discontinued,0.0,0,C,0,1,0
P02220,ELE-02220-9134,Amberfield Signature Wireless Mouse,Electronics,Laptop Accessories,Amberfield,13.99,20.99,SUP171,58,177,,False,2026-02-14,Active,8323.45,432,A,1,0,0
P02221,HOM-02221-4457,Crestmark Series 2 Cookware Set,Home & Kitchen,Cookware,Crestmark,90.2,129.99,SUP189,2,103,,False,2026-01-06,Active,15274.85,126,A,0,0,1
P02222,GRO-02222-7443,Novara Signature Baking Mix,Grocery,Pantry Staples,Novara,6.34,9.99,SUP274,22,205,440.0,False,2024-09-07,Active,1182.07,124,C,0,0,1
P02223,CLO-02223-4243,Vertex Essential School Uniform Set,Clothing,Kids' Apparel,Vertex,26.78,65.99,SUP230,42,129,,False,2025-02-24,Active,0.0,0,C,0,1,1
P02224,TOY-02224-6209,Quinley X200 Coding Robot Kit,Toys,Educational Toys,Quinley,10.65,16.99,SUP214,12,331,,False,2026-06-28,Active,21435.0,1356,A,1,0,0
P02225,HOM-02225-6739,Amberfield Pro Table Lamp,Home & Kitchen,Home Decor,Amberfield,76.44,115.99,SUP261,50,53,,False,2025-04-29,Discontinued,241.06,2,C,0,1,1
P02226,PER-02226-9098,Timbercrest Classic Grooming Kit,Personal Care,Shaving & Grooming,Timbercrest,7.54,13.99,SUP274,19,394,310.0,False,2024-01-10,Active,13148.42,1009,A,1,0,0
P02227,HOM-02227-5026,Lumino Max Drawer Dividers,Home & Kitchen,Storage & Organization,Lumino,15.55,31.99,SUP253,56,258,,False,2025-06-10,Active,8724.63,295,A,1,0,0
P02228,BOO-02228-9460,Solstice Lite Activity Book,Books,Children's Books,Solstice,5.33,8.99,SUP171,52,247,,False,2026-03-15,Active,486.38,57,C,0,0,0
P02229,PER-02229-6624,Foundry Ultra Water Flosser,Personal Care,Oral Care,Foundry,7.8,13.99,SUP254,45,308,471.0,False,2024-07-29,Active,17318.77,1330,A,1,0,0
P02230,AUT-02230-4822,Vaultis X200 Backup Camera,Automotive,Car Electronics,Vaultis,5.5,8.99,SUP084,54,239,,False,2026-05-13,Active,2447.86,293,B,1,0,0
P02231,BOO-02231-1876,Sunneva Everyday Plus Atlas,Books,Educational & Reference,Sunneva,5.03,7.99,SUP277,47,509,,False,2025-11-26,Active,424.47,59,C,0,0,0
P02232,SPO-02232-9984,Amberfield Series 2 Adjustable Dumbbell Set,Sports,Fitness Equipment,Amberfield,10.78,23.99,SUP034,54,347,,False,2024-02-23,Active,1488.81,65,C,0,0,0
P02233,HOM-02233-7675,Ironclad Everyday Nonstick Frying Pan,Home & Kitchen,Cookware,Ironclad,7.58,13.99,SUP053,14,258,,False,2026-06-19,Active,7493.04,582,B,1,0,0
P02234,ELE-02234-9760,Vertex Classic Over-Ear Headphones,Electronics,Headphones & Audio,Vertex,72.08,123.99,SUP030,8,120,,False,2025-07-26,Active,2632.24,23,B,0,1,0
P02235,BEA-02235-7937,ClearPath Everyday Sunscreen SPF50,Beauty,Skincare,ClearPath,3.07,6.99,SUP226,44,394,241.0,True,2024-07-15,Seasonal,561.86,87,C,0,0,0
P02236,ELE-02236-4107,Lumino Lite Laptop Sleeve,Electronics,Laptop Accessories,Lumino,11.59,17.99,SUP116,15,256,,True,2025-12-14,Seasonal,610.72,36,C,0,1,0
P02237,GRO-02237-9549,Solstice Series 2 Sparkling Water Case,Grocery,Beverages,Solstice,1.71,2.99,SUP213,42,525,335.0,True,2026-01-19,Seasonal,122.08,42,C,0,0,0
P02238,HOM-02238-2578,Pinnacle Signature Drawer Dividers,Home & Kitchen,Storage & Organization,Pinnacle,35.52,56.99,SUP152,9,75,,False,2025-07-15,Discontinued,53.99,1,C,0,1,1
P02239,PER-02239-6892,Amberfield Classic Water Flosser,Personal Care,Oral Care,Amberfield,1.5,3.99,SUP115,37,632,360.0,True,2026-05-29,Seasonal,5989.67,1625,B,1,0,0
P02240,AUT-02240-4687,Halcyon Essential Steering Wheel Cover,Automotive,Interior Accessories,Halcyon,6.84,13.99,SUP270,24,299,,False,2026-03-13,Active,6979.47,536,B,1,0,0
P02241,TOY-02241-6182,NorthPoint Advanced Alphabet Learning Set,Toys,Educational Toys,NorthPoint,12.03,25.99,SUP116,13,170,,False,2024-10-11,Active,2163.37,89,B,0,0,0
P02242,SPO-02242-1159,Sunneva Max Resistance Bands Set,Sports,Fitness Equipment,Sunneva,13.64,26.99,SUP171,57,218,,True,2024-04-30,Seasonal,1129.87,44,C,0,0,0
P02243,HOM-02243-6230,Comet Pro Table Lamp,Home & Kitchen,Home Decor,Comet,16.42,31.99,SUP258,42,266,,False,2026-01-06,Active,1836.52,63,C,0,0,0
P02244,ELE-02244-5452,NorthPoint Everyday Plus Laptop Stand,Electronics,Laptop Accessories,NorthPoint,32.91,68.99,SUP052,62,168,,False,2026-05-15,Active,2592.12,41,B,0,1,0
P02245,SPO-02245-1825,Timbercrest Classic Hiking Backpack,Sports,Outdoor Recreation,Timbercrest,73.79,138.99,SUP115,39,79,,True,2024-09-25,Seasonal,88949.63,685,A,1,0,1
P02246,BOO-02246-3748,Willowbrook Ultra Self-Help Guide,Books,Non-Fiction,Willowbrook,2.29,4.99,SUP028,51,535,,False,2025-05-17,Active,828.16,176,C,0,0,0
P02247,BEA-02247-3965,Everline X200 Body Lotion,Beauty,Bath & Body,Everline,3.17,6.99,SUP159,15,632,71.0,False,2025-04-10,Active,2585.07,401,B,1,0,0
P02248,CLO-02248-2594,Brightline Deluxe Compression Shorts,Clothing,Activewear,Brightline,11.35,28.99,SUP234,8,253,,False,2024-11-10,Active,3284.48,129,B,0,0,0
P02249,CLO-02249-9013,UrbanNest Max Compression Shorts,Clothing,Activewear,UrbanNest,3.73,9.99,SUP016,29,408,,False,2025-05-05,Active,541.21,58,C,0,0,0
P02250,HOM-02250-7811,Foundry Ultra Electric Kettle,Home & Kitchen,Small Appliances,Foundry,26.64,58.99,SUP018,49,120,,False,2025-04-23,Active,4110.2,75,B,0,0,0
P02251,GRO-02251-8956,Vanture Everyday Plus Coffee Pods Box,Grocery,Beverages,Vanture,2.29,3.99,SUP215,10,790,457.0,False,2026-06-17,Discontinued,0.0,0,C,0,1,0
P02252,BEA-02252-2014,Vertex Lite Eau de Parfum,Beauty,Fragrances,Vertex,16.75,33.99,SUP204,17,190,202.0,True,2024-11-05,Seasonal,13183.08,417,A,1,0,1
P02253,BOO-02253-9590,Kestrel Everyday Plus Language Learning Workbook,Books,Educational & Reference,Kestrel,9.4,17.99,SUP115,41,225,,False,2024-05-15,Discontinued,82.53,5,C,0,1,1
P02254,PER-02254-5552,Ironclad Compact Deodorant 2-Pack,Personal Care,Personal Hygiene,Ironclad,2.93,5.99,SUP099,17,673,541.0,False,2025-02-19,Active,300.44,52,C,0,0,0
P02255,CLO-02255-7041,NorthPoint Everyday Slim Fit Shirt,Clothing,Men's Apparel,NorthPoint,7.76,18.99,SUP073,22,339,,False,2024-05-09,Active,5103.82,283,B,1,0,0
P02256,SPO-02256-9744,Brightline Max Yoga Block Set,Sports,Yoga & Wellness,Brightline,4.31,8.99,SUP018,50,540,,False,2024-05-22,Active,675.86,81,C,0,0,0
P02257,TOY-02257-3009,Vanture Elite Brick Building Set,Toys,Building Sets,Vanture,6.49,13.99,SUP152,8,268,,True,2025-08-02,Seasonal,984.31,76,C,0,0,0
P02258,ELE-02258-8736,Solstice Compact Tripod Kit,Electronics,Cameras & Accessories,Solstice,408.69,812.99,SUP171,48,47,,False,2026-02-09,Discontinued,0.0,0,C,0,1,1
P02259,SPO-02259-8476,ClearPath Everyday Plus Meditation Cushion,Sports,Yoga & Wellness,ClearPath,33.21,49.99,SUP258,47,174,,False,2024-04-15,Active,3029.99,68,B,0,0,0
P02260,CLO-02260-3872,Ashford X200 Training Jacket,Clothing,Activewear,Ashford,15.14,24.99,SUP159,15,227,,False,2024-12-21,Active,4031.41,172,B,0,0,0
P02261,CLO-02261-6208,Halcyon Max Running Leggings,Clothing,Activewear,Halcyon,38.35,95.99,SUP030,8,172,,False,2024-06-16,Discontinued,89.21,1,C,0,1,1
P02262,ELE-02262-7132,Willowbrook Signature Smart Plug,Electronics,Smart Home Devices,Willowbrook,55.35,99.99,SUP078,18,94,,False,2025-03-01,Active,20251.92,217,A,0,0,0
P02263,PER-02263-1865,Ashford Lite Hand Sanitizer 3-Pack,Personal Care,Personal Hygiene,Ashford,13.39,24.99,SUP231,21,218,80.0,False,2025-06-22,Active,1377.27,61,C,0,0,1
P02264,PER-02264-1395,Silverpine Signature Grooming Kit,Personal Care,Shaving & Grooming,Silverpine,4.92,9.99,SUP171,59,408,530.0,False,2026-04-09,Active,3744.34,405,B,1,0,0
P02265,ELE-02265-1528,Novara Advanced Car Mount,Electronics,Mobile Accessories,Novara,71.38,122.99,SUP224,58,107,,False,2026-03-26,Active,1301.37,12,C,0,1,0
P02266,HOM-02266-7969,Fernwood Ultra Cookware Set,Home & Kitchen,Cookware,Fernwood,23.15,52.99,SUP115,34,189,,False,2026-04-07,Active,3007.48,61,B,0,0,0
P02267,HOM-02267-6610,Quinley Classic Pillow 2-Pack,Home & Kitchen,Bedding & Linens,Quinley,19.58,42.99,SUP019,18,240,,False,2025-01-20,Active,419.32,10,C,0,1,0
P02268,TOY-02268-4088,Driftwood Deluxe Kickball Set,Toys,Outdoor Play,Driftwood,6.63,16.99,SUP270,24,312,,False,2025-12-19,Active,1291.01,84,C,0,0,0
P02269,BOO-02269-6927,Timbercrest Lite Illustrated Novel,Books,Comics & Graphic Novels,Timbercrest,4.23,6.99,SUP091,22,434,,False,2024-09-22,Active,262.86,41,C,0,1,0
P02270,HOM-02270-6742,Pinnacle Series 2 Cast Iron Skillet,Home & Kitchen,Cookware,Pinnacle,41.38,94.99,SUP022,60,108,,False,2024-01-28,Active,25806.39,293,A,1,0,1
P02271,TOY-02271-3779,Palisade Pro Alphabet Learning Set,Toys,Educational Toys,Palisade,2.92,6.99,SUP164,22,627,,False,2026-04-28,Active,280.17,44,C,0,0,0
P02272,GRO-02272-5507,Vanture Classic Herbal Tea Sampler,Grocery,Beverages,Vanture,4.02,6.99,SUP215,12,500,406.0,True,2026-04-06,Seasonal,400.01,62,C,0,0,0
P02273,CLO-02273-9423,Cedarwood Pro Compression Shorts,Clothing,Activewear,Cedarwood,2.3,4.99,SUP140,27,797,,False,2024-06-14,Active,286.34,65,C,0,0,0
P02274,BEA-02274-9041,Quinley Ultra Bath Bomb Set,Beauty,Bath & Body,Quinley,10.87,29.99,SUP171,46,342,451.0,False,2024-06-21,Active,2541.5,91,B,0,0,0
P02275,CLO-02275-2588,Brightline Advanced Kids Rain Jacket,Clothing,Kids' Apparel,Brightline,13.08,21.99,SUP115,46,232,,False,2026-04-07,Active,29409.2,1435,A,1,0,0
P02276,CLO-02276-3307,Aurelia Pro Denim Jacket,Clothing,Men's Apparel,Aurelia,4.96,13.99,SUP245,16,227,,True,2025-02-03,Discontinued,0.0,0,C,0,1,0
P02277,GRO-02277-2391,Pinnacle Signature Pasta Sauce Jar,Grocery,Condiments & Sauces,Pinnacle,4.76,6.99,SUP231,21,413,373.0,False,2025-12-21,Active,526.56,80,C,0,0,0
P02278,BEA-02278-9448,Vanture Ultra Styling Cream,Beauty,Haircare,Vanture,6.69,16.99,SUP210,21,359,476.0,False,2026-04-03,Active,6662.85,420,B,1,0,0
P02279,PER-02279-4324,Comet Pro Deodorant 2-Pack,Personal Care,Personal Hygiene,Comet,1.95,4.99,SUP008,21,395,438.0,True,2025-05-12,Seasonal,257.12,55,C,0,0,0
P02280,CLO-02280-5664,Trailhaven Max Kids Rain Jacket,Clothing,Kids' Apparel,Trailhaven,14.6,22.99,SUP153,55,151,,False,2024-03-27,Active,4473.5,208,B,0,0,0
P02281,PER-02281-5484,Ironclad X200 Probiotic Capsules,Personal Care,Vitamins & Supplements,Ironclad,6.25,9.99,SUP231,16,435,119.0,False,2025-07-01,Active,4434.38,482,B,1,0,0
P02282,CLO-02282-1401,Glacier Compact Performance Tank,Clothing,Activewear,Glacier,15.5,23.99,SUP058,10,189,,False,2024-05-01,Active,1091.04,49,C,0,0,0
P02283,TOY-02283-5192,Brightline Elite Coding Robot Kit,Toys,Educational Toys,Brightline,12.19,18.99,SUP064,10,312,,False,2025-09-19,Active,1077.68,60,C,0,0,0
P02284,GRO-02284-1750,Cedarwood Compact Pancake Mix,Grocery,Breakfast Foods,Cedarwood,4.68,6.99,SUP271,38,329,320.0,False,2025-06-09,Active,1855.23,286,C,1,0,0
P02285,TOY-02285-7224,Vanture Classic Construction Blocks,Toys,Building Sets,Vanture,17.22,41.99,SUP254,52,267,,False,2025-02-02,Active,5842.54,154,B,0,0,0
P02286,GRO-02286-4174,Norwell Classic Breakfast Bar Box,Grocery,Breakfast Foods,Norwell,2.14,3.99,SUP294,42,685,321.0,False,2025-03-02,Active,328.55,92,C,0,0,0
P02287,ELE-02287-2789,Crestmark Classic Camera Backpack,Electronics,Cameras & Accessories,Crestmark,14.08,28.99,SUP148,27,257,,True,2026-05-27,Seasonal,6173.29,228,B,0,0,0
P02288,HOM-02288-2712,Willowbrook Essential Area Rug,Home & Kitchen,Home Decor,Willowbrook,42.63,85.99,SUP027,49,125,,True,2024-12-21,Seasonal,18295.48,231,A,0,0,1
P02289,ELE-02289-5671,Harborlight Compact Smart Plug,Electronics,Smart Home Devices,Harborlight,12.13,18.99,SUP005,32,238,,True,2026-02-13,Seasonal,2463.61,139,B,0,0,0
P02290,PER-02290-2523,UrbanNest Premium Blood Pressure Monitor,Personal Care,Health Monitoring,UrbanNest,8.23,13.99,SUP201,16,340,409.0,False,2026-01-08,Active,1527.39,118,C,0,0,1
P02291,PER-02291-5520,NorthPoint Premium Grooming Kit,Personal Care,Shaving & Grooming,NorthPoint,7.53,13.99,SUP245,16,222,450.0,False,2026-06-27,Active,2049.05,157,C,0,0,0
P02292,TOY-02292-1417,Kestrel Everyday Plus Water Blaster,Toys,Outdoor Play,Kestrel,9.42,17.99,SUP115,43,261,,False,2026-03-26,Active,740.87,45,C,0,0,0
P02293,ELE-02293-9144,Harborlight Pro Tripod Kit,Electronics,Cameras & Accessories,Harborlight,74.91,157.99,SUP115,45,117,,False,2025-07-20,Active,54160.9,371,A,1,0,1
P02294,AUT-02294-2385,Halcyon X200 Backup Camera,Automotive,Car Electronics,Halcyon,2.57,4.99,SUP253,62,721,,False,2026-06-23,Active,292.2,61,C,0,0,0
P02295,TOY-02295-8245,Vertex Deluxe 1000-Piece Puzzle,Toys,Board Games & Puzzles,Vertex,4.94,11.99,SUP042,18,516,,True,2025-09-30,Seasonal,1529.22,138,C,0,0,0
P02296,GRO-02296-9881,Vaultis Elite Pancake Mix,Grocery,Breakfast Foods,Vaultis,1.52,2.99,SUP018,55,905,105.0,False,2024-04-22,Active,1103.84,394,C,1,0,0
P02297,CLO-02297-8914,Everline Everyday Kids Rain Jacket,Clothing,Kids' Apparel,Everline,8.37,15.99,SUP288,36,350,,False,2024-03-28,Active,211.61,14,C,0,1,0
P02298,SPO-02298-8577,Harborlight Classic Yoga Towel,Sports,Yoga & Wellness,Harborlight,52.21,78.99,SUP159,14,140,,False,2025-09-08,Active,17629.15,238,A,0,0,1
P02299,ELE-02299-8877,Solstice Classic Tripod Kit,Electronics,Cameras & Accessories,Solstice,28.39,39.99,SUP225,58,177,,True,2025-04-28,Seasonal,5688.91,153,B,0,0,0
P02300,CLO-02300-5592,Norwell Essential Toddler Joggers,Clothing,Kids' Apparel,Norwell,16.02,41.99,SUP281,40,128,,True,2026-03-05,Seasonal,17669.42,458,A,1,0,0
P02301,SPO-02301-1904,Rockridge Elite Massage Roller,Sports,Yoga & Wellness,Rockridge,29.73,61.99,SUP245,14,149,,False,2025-05-05,Active,8843.2,158,A,0,0,0
P02302,HOM-02302-7747,Foundry Premium Nonstick Frying Pan,Home & Kitchen,Cookware,Foundry,11.96,26.99,SUP135,9,140,,False,2024-08-07,Active,2074.1,83,B,0,0,0
P02303,BEA-02303-5539,Sunneva Everyday Cleansing Foam,Beauty,Skincare,Sunneva,28.09,50.99,SUP177,16,105,365.0,False,2026-02-20,Active,4427.9,96,B,0,0,1
P02304,CLO-02304-3076,BlueStone Max Toddler Joggers,Clothing,Kids' Apparel,BlueStone,23.45,64.99,SUP171,61,184,,False,2025-03-13,Active,6063.25,103,B,0,0,1
P02305,SPO-02305-8837,ClearPath Ultra Resistance Bands Set,Sports,Fitness Equipment,ClearPath,97.06,220.99,SUP274,19,100,,False,2026-05-20,Active,169704.32,826,A,1,0,1
P02306,PER-02306-4841,Quinley Series 2 Whitening Kit,Personal Care,Oral Care,Quinley,5.0,10.99,SUP028,52,218,419.0,False,2024-01-07,Active,1006.54,100,C,0,0,0
P02307,AUT-02307-8425,Sunneva Series 2 Backup Camera,Automotive,Car Electronics,Sunneva,15.69,26.99,SUP197,15,243,,False,2024-01-17,Active,1620.82,65,C,0,0,0
P02308,BOO-02308-3802,Amberfield Signature Mystery Novel,Books,Fiction,Amberfield,4.65,6.99,SUP258,46,375,,False,2024-05-02,Active,591.92,91,C,0,0,0
P02309,BOO-02309-9238,Trailhaven Everyday Literary Fiction Hardcover,Books,Fiction,Trailhaven,7.67,11.99,SUP098,50,377,,False,2026-05-22,Active,1463.51,130,C,0,0,1
P02310,BOO-02310-9364,Lumino Premium Self-Help Guide,Books,Non-Fiction,Lumino,5.41,8.99,SUP203,35,399,,False,2024-04-24,Active,116.65,14,C,0,1,0
P02311,CLO-02311-1381,Lumino Max Kids Rain Jacket,Clothing,Kids' Apparel,Lumino,8.82,14.99,SUP058,10,294,,False,2025-10-11,Active,1005.73,72,C,0,0,0
P02312,ELE-02312-9832,Novara Ultra Smart Bulb Kit,Electronics,Smart Home Devices,Novara,105.24,224.99,SUP022,60,66,,False,2025-10-07,Discontinued,0.0,0,C,0,1,1
P02313,SPO-02313-4779,Comet Elite Soccer Ball,Sports,Team Sports Gear,Comet,40.36,74.99,SUP008,16,103,,False,2026-03-13,Discontinued,217.23,3,C,0,1,1
P02314,SPO-02314-1578,Pinnacle Elite Soccer Ball,Sports,Team Sports Gear,Pinnacle,25.19,36.99,SUP158,26,154,,False,2025-07-21,Active,9303.35,274,A,1,0,0
P02315,CLO-02315-2042,Cedarwood Signature Cardigan,Clothing,Women's Apparel,Cedarwood,3.66,7.99,SUP013,9,510,,False,2024-01-20,Active,665.84,90,C,0,0,0
P02316,AUT-02316-4156,Aurelia Deluxe Bluetooth Car Adapter,Automotive,Car Electronics,Aurelia,19.87,27.99,SUP170,25,157,,True,2024-02-05,Seasonal,1198.01,45,C,0,0,0
P02317,SPO-02317-2102,Timbercrest Ultra Yoga Mat,Sports,Fitness Equipment,Timbercrest,12.22,17.99,SUP102,15,226,,False,2024-01-13,Active,1846.08,111,C,0,0,0
P02318,BEA-02318-8120,Rockridge Signature Shampoo & Conditioner Set,Beauty,Haircare,Rockridge,27.89,72.99,SUP005,40,157,432.0,False,2025-06-27,Active,4203.15,63,B,0,0,1
P02319,ELE-02319-6026,Trailhaven Essential USB-C Hub,Electronics,Laptop Accessories,Trailhaven,41.63,61.99,SUP052,66,67,,False,2025-01-27,Active,8436.9,147,A,0,0,0
P02320,ELE-02320-3284,NorthPoint Series 2 Smartwatch Band,Electronics,Wearable Tech,NorthPoint,898.5,1833.99,SUP213,44,16,,False,2024-03-03,Active,0.0,0,C,0,1,1
P02321,GRO-02321-9871,Silverpine Deluxe Pasta Variety Pack,Grocery,Pantry Staples,Silverpine,4.94,7.99,SUP102,19,275,402.0,False,2024-01-20,Active,86.97,12,C,0,1,0
P02322,CLO-02322-5205,Cedarwood Everyday Running Leggings,Clothing,Activewear,Cedarwood,29.05,71.99,SUP211,25,188,,False,2024-07-03,Active,72.69,1,C,0,1,1
P02323,HOM-02323-7803,Harborlight Deluxe Shelving Unit,Home & Kitchen,Storage & Organization,Harborlight,8.68,15.99,SUP245,14,371,,True,2025-03-13,Seasonal,507.45,34,C,0,1,0
P02324,HOM-02324-4325,Quinley X200 Stock Pot,Home & Kitchen,Cookware,Quinley,2.46,5.99,SUP238,7,401,,False,2026-04-02,Active,418.57,76,C,0,0,0
P02325,HOM-02325-5837,Ashford Elite Drawer Dividers,Home & Kitchen,Storage & Organization,Ashford,13.78,31.99,SUP190,48,250,,False,2026-01-24,Discontinued,244.16,8,C,0,1,0
P02326,TOY-02326-5655,Ridgeline Everyday Plus Magnetic Tile Set,Toys,Building Sets,Ridgeline,10.52,18.99,SUP215,13,231,,False,2025-02-11,Active,5232.85,307,B,1,0,0
P02327,TOY-02327-8524,Rockridge Essential Card Game,Toys,Board Games & Puzzles,Rockridge,29.18,68.99,SUP159,14,148,,False,2024-09-18,Active,52475.03,814,A,1,0,1
P02328,BEA-02328-7979,Cedarwood Signature Hair Dryer,Beauty,Haircare,Cedarwood,10.05,26.99,SUP134,23,235,168.0,False,2025-12-13,Active,5934.71,238,B,0,0,0
P02329,HOM-02329-6680,Willowbrook Deluxe Table Lamp,Home & Kitchen,Home Decor,Willowbrook,7.58,15.99,SUP018,45,289,,False,2026-05-04,Active,963.86,65,C,0,0,0
P02330,ELE-02330-2374,UrbanNest Everyday Car Mount,Electronics,Mobile Accessories,UrbanNest,23.92,32.99,SUP290,31,184,,False,2024-10-13,Active,4530.46,144,B,0,0,0
P02331,ELE-02331-1768,Vaultis Essential Smart Bulb Kit,Electronics,Smart Home Devices,Vaultis,51.95,106.99,SUP253,52,85,,False,2025-03-30,Active,6488.21,67,B,0,0,0
P02332,BEA-02332-1641,Lumino Everyday Eau de Parfum,Beauty,Fragrances,Lumino,2.67,6.99,SUP191,44,311,449.0,False,2024-04-11,Active,481.31,73,C,0,0,0
P02333,ELE-02333-6641,Sunneva Max Lens Filter Set,Electronics,Cameras & Accessories,Sunneva,17.91,33.99,SUP176,43,186,,False,2024-04-28,Active,24870.09,794,A,1,0,0
P02334,GRO-02334-8836,Aurelia Max Salad Dressing Set,Grocery,Condiments & Sauces,Aurelia,8.07,12.99,SUP163,38,188,310.0,False,2026-03-21,Active,13494.23,1114,A,1,0,1
P02335,PER-02335-1696,Kestrel Pro Cotton Swabs Bulk,Personal Care,Personal Hygiene,Kestrel,10.82,15.99,SUP022,52,340,461.0,False,2024-07-25,Discontinued,0.0,0,C,0,1,1
P02336,CLO-02336-6430,Lumino Classic Blouse,Clothing,Women's Apparel,Lumino,18.57,43.99,SUP081,9,157,,False,2024-05-29,Active,20722.47,505,A,1,0,1
P02337,AUT-02337-4355,Norwell Premium Car Charger,Automotive,Car Electronics,Norwell,7.18,14.99,SUP085,52,181,,False,2024-10-17,Active,603.22,43,C,0,0,0
P02338,ELE-02338-9261,BlueStone Classic Wireless Mouse,Electronics,Laptop Accessories,BlueStone,101.38,138.99,SUP236,2,70,,False,2024-11-14,Active,7606.83,59,B,0,0,1
P02339,GRO-02339-4306,Crestmark Everyday Plus Sports Drink Case,Grocery,Beverages,Crestmark,3.03,5.99,SUP171,55,417,71.0,False,2024-07-04,Active,649.59,117,C,0,0,0
P02340,PER-02340-7591,Harborlight Compact Pulse Oximeter,Personal Care,Health Monitoring,Harborlight,3.59,5.99,SUP114,8,520,304.0,False,2025-10-01,Active,5600.72,1001,B,1,0,0
P02341,BEA-02341-9874,Ashford Compact Body Mist,Beauty,Fragrances,Ashford,6.83,20.99,SUP084,49,371,239.0,False,2025-06-07,Active,2153.52,112,B,0,0,0
P02342,BOO-02342-4152,Ironclad Pro Manga Box Set,Books,Comics & Graphic Novels,Ironclad,7.78,11.99,SUP258,51,343,,False,2025-06-23,Active,1309.24,120,C,0,0,1
P02343,PER-02343-2146,Ostrom Series 2 Grooming Kit,Personal Care,Shaving & Grooming,Ostrom,7.57,13.99,SUP231,19,270,283.0,False,2026-06-17,Active,3901.52,303,B,1,0,0
P02344,CLO-02344-9515,Quinley Series 2 Kids Graphic Tee,Clothing,Kids' Apparel,Quinley,15.22,27.99,SUP245,15,265,,False,2026-04-26,Active,8973.76,341,A,1,0,0
P02345,GRO-02345-8626,Timbercrest Signature Salad Dressing Set,Grocery,Condiments & Sauces,Timbercrest,1.96,3.99,SUP113,53,383,150.0,True,2024-09-14,Seasonal,915.96,246,C,0,0,0
P02346,CLO-02346-3001,Ironclad Ultra Toddler Joggers,Clothing,Kids' Apparel,Ironclad,5.94,11.99,SUP140,27,331,,False,2026-06-19,Active,4590.35,411,B,1,0,0
P02347,ELE-02347-3732,Lumino Essential Car Mount,Electronics,Mobile Accessories,Lumino,59.53,119.99,SUP160,15,132,,False,2025-09-10,Active,2849.99,25,B,0,1,0
P02348,ELE-02348-5925,Ironclad Classic Car Mount,Electronics,Mobile Accessories,Ironclad,16.86,24.99,SUP043,20,178,,False,2024-05-13,Discontinued,0.0,0,C,0,1,0
P02349,ELE-02349-5323,Brightline Advanced Camera Backpack,Electronics,Cameras & Accessories,Brightline,30.1,54.99,SUP099,18,197,,False,2024-10-18,Active,64796.32,1273,A,1,0,0
P02350,AUT-02350-5443,Halcyon Ultra Tire Shine Kit,Automotive,Tire & Wheel Care,Halcyon,6.44,9.99,SUP146,48,384,,False,2024-07-25,Active,289.94,31,C,0,1,0
P02351,SPO-02351-8981,Trailhaven Classic Yoga Towel,Sports,Yoga & Wellness,Trailhaven,25.59,46.99,SUP190,55,140,,True,2025-12-29,Seasonal,1295.13,29,C,0,1,0
P02352,GRO-02352-8505,Meridian Pro Sparkling Water Case,Grocery,Beverages,Meridian,2.9,4.99,SUP121,15,583,358.0,False,2025-08-05,Active,367.81,79,C,0,0,0
P02353,HOM-02353-4782,Kestrel Deluxe Stock Pot,Home & Kitchen,Cookware,Kestrel,25.42,46.99,SUP030,7,211,,False,2025-12-11,Active,1748.48,40,C,0,1,0
P02354,SPO-02354-7435,Cedarwood Classic Cycling Gloves,Sports,Cycling,Cedarwood,32.44,64.99,SUP115,40,174,,True,2024-05-13,Discontinued,0.0,0,C,0,1,0
P02355,PER-02355-7088,Pinnacle Pro Toothbrush 4-Pack,Personal Care,Oral Care,Pinnacle,5.94,9.99,SUP159,15,251,230.0,True,2025-04-15,Seasonal,1792.26,195,C,0,0,0
P02356,GRO-02356-5475,ClearPath Premium Sports Drink Case,Grocery,Beverages,ClearPath,4.56,6.23,SUP180,17,500,129.0,False,2025-05-09,Active,896.59,155,C,0,0,0
P02357,GRO-02357-8953,Norwell Series 2 Baking Mix,Grocery,Pantry Staples,Norwell,3.23,4.99,SUP258,51,364,395.0,True,2025-09-12,Seasonal,1448.02,310,C,1,0,0
P02358,AUT-02358-7484,Pinnacle Premium Tool Kit,Automotive,Tools & Equipment,Pinnacle,19.8,39.99,SUP055,11,115,,False,2024-12-06,Active,7530.26,201,B,0,0,0
P02359,AUT-02359-2789,Cedarwood Classic Wheel Cover Set,Automotive,Tire & Wheel Care,Cedarwood,11.37,21.99,SUP159,14,218,,False,2024-02-27,Active,1871.17,96,C,0,0,0
P02360,PER-02360-4133,Vaultis Advanced Multivitamin Bottle,Personal Care,Vitamins & Supplements,Vaultis,5.05,9.99,SUP115,36,401,271.0,False,2026-03-20,Active,693.32,75,C,0,0,0
P02361,GRO-02361-3973,Ashford Pro Breakfast Bar Box,Grocery,Breakfast Foods,Ashford,7.96,10.99,SUP195,53,243,270.0,False,2025-01-23,Active,3964.62,390,B,1,0,1
P02362,ELE-02362-9332,Pinnacle Lite Smart Bulb Kit,Electronics,Smart Home Devices,Pinnacle,137.64,224.99,SUP261,65,78,,False,2026-04-17,Discontinued,0.0,0,C,0,1,1
P02363,BEA-02363-6468,Rockridge Deluxe Facial Moisturizer,Beauty,Skincare,Rockridge,4.13,8.99,SUP139,13,353,374.0,False,2025-01-12,Active,557.91,66,C,0,0,0
P02364,GRO-02364-1022,Palisade Compact Pancake Mix,Grocery,Breakfast Foods,Palisade,6.1,9.99,SUP255,21,226,474.0,False,2024-08-24,Active,2522.27,269,B,1,0,1
P02365,AUT-02365-4357,ClearPath X200 Backup Camera,Automotive,Car Electronics,ClearPath,16.58,23.99,SUP003,8,193,,False,2025-02-27,Active,2367.9,105,B,0,0,0
P02366,ELE-02366-7086,Solstice Lite Laptop Sleeve,Electronics,Laptop Accessories,Solstice,123.54,246.99,SUP274,19,71,,True,2024-03-28,Seasonal,3953.97,17,B,0,1,1
P02367,BOO-02367-4979,Solstice Signature Fantasy Trilogy Box Set,Books,Fiction,Solstice,6.5,11.99,SUP234,8,262,,False,2025-05-24,Active,886.26,79,C,0,0,0
P02368,PER-02368-6913,Ridgeline Advanced Protein Powder,Personal Care,Vitamins & Supplements,Ridgeline,4.36,7.99,SUP028,48,540,341.0,False,2026-06-22,Active,3865.76,524,B,1,0,0
P02369,PER-02369-7431,Copperfield X200 Digital Thermometer,Personal Care,Health Monitoring,Copperfield,4.45,9.99,SUP192,67,249,468.0,False,2024-08-21,Active,1841.39,203,C,0,0,0
P02370,SPO-02370-1789,Harborlight Series 2 Meditation Cushion,Sports,Yoga & Wellness,Harborlight,18.23,28.99,SUP152,10,199,,False,2024-05-16,Active,3747.87,141,B,0,0,0
P02371,PER-02371-8809,Norwell Ultra Shaving Cream,Personal Care,Shaving & Grooming,Norwell,5.58,11.99,SUP290,34,455,453.0,False,2024-05-04,Active,220.34,20,C,0,1,0
P02372,ELE-02372-7184,NorthPoint Lite Over-Ear Headphones,Electronics,Headphones & Audio,NorthPoint,11.21,23.99,SUP077,19,304,,False,2024-06-07,Active,5097.63,227,B,0,0,0
P02373,GRO-02373-4392,Willowbrook Lite Oatmeal Packets,Grocery,Breakfast Foods,Willowbrook,4.06,5.99,SUP171,45,474,296.0,False,2024-12-24,Active,457.22,86,C,0,0,0
P02374,ELE-02374-5211,Harborlight Everyday Car Mount,Electronics,Mobile Accessories,Harborlight,26.33,45.99,SUP155,37,91,,False,2024-08-17,Discontinued,391.07,9,C,0,1,0
P02375,PER-02375-3395,Vanture Essential Cotton Swabs Bulk,Personal Care,Personal Hygiene,Vanture,4.59,8.99,SUP052,64,251,145.0,False,2025-10-13,Active,447.57,54,C,0,0,0
P02376,PER-02376-6384,Sunneva Max Omega-3 Softgels,Personal Care,Vitamins & Supplements,Sunneva,8.5,17.99,SUP245,17,275,274.0,False,2024-11-06,Active,4242.52,260,B,1,0,1
P02377,ELE-02377-7586,Willowbrook Premium Sleep Tracker Ring,Electronics,Wearable Tech,Willowbrook,206.28,411.99,SUP215,13,67,,False,2024-11-27,Active,106792.98,282,A,1,0,1
P02378,ELE-02378-5813,Foundry Signature Car Mount,Electronics,Mobile Accessories,Foundry,34.45,73.99,SUP159,15,83,,False,2024-05-14,Active,1402.97,20,C,0,1,0
P02379,BEA-02379-6372,Silverpine Ultra Lipstick Set,Beauty,Makeup,Silverpine,7.87,13.99,SUP275,3,379,133.0,True,2025-06-06,Seasonal,297.83,23,C,0,1,0
P02380,GRO-02380-7935,Ostrom Classic Popcorn Variety Pack,Grocery,Snacks,Ostrom,1.5,2.72,SUP274,22,919,425.0,False,2024-10-20,Active,806.38,320,C,1,0,0
P02381,AUT-02381-7685,UrbanNest Max Tire Inflator,Automotive,Tire & Wheel Care,UrbanNest,14.43,25.99,SUP245,13,290,,False,2025-10-05,Active,1973.5,80,C,0,0,0
P02382,HOM-02382-7996,Rockridge Lite Pillow 2-Pack,Home & Kitchen,Bedding & Linens,Rockridge,13.89,23.99,SUP030,7,149,,False,2024-01-21,Active,5868.81,261,B,1,0,0
P02383,TOY-02383-9459,UrbanNest Advanced Playset,Toys,Action Figures & Playsets,UrbanNest,20.46,51.99,SUP270,20,114,,True,2025-08-09,Seasonal,2380.69,51,B,0,0,1
P02384,CLO-02384-7280,Foundry Signature Performance Tank,Clothing,Activewear,Foundry,20.89,47.99,SUP077,22,153,,False,2025-12-31,Active,7068.81,161,B,0,0,1
P02385,BEA-02385-3064,Rockridge Advanced Shampoo & Conditioner Set,Beauty,Haircare,Rockridge,3.84,6.99,SUP159,14,439,134.0,True,2025-10-11,Seasonal,149.16,23,C,0,1,0
P02386,HOM-02386-3278,Vaultis Classic Shelving Unit,Home & Kitchen,Storage & Organization,Vaultis,15.15,26.99,SUP290,28,266,,False,2024-08-28,Active,5613.35,223,B,0,0,0
P02387,PER-02387-7824,Norwell Classic Smart Scale,Personal Care,Health Monitoring,Norwell,3.97,5.99,SUP055,13,577,73.0,False,2025-09-27,Active,0.0,0,C,0,1,0
P02388,BOO-02388-1970,ClearPath X200 Bedtime Stories Collection,Books,Children's Books,ClearPath,5.43,8.99,SUP045,20,302,,True,2026-01-15,Seasonal,2471.03,295,B,1,0,0
P02389,BEA-02389-3446,Comet Compact Eau de Parfum,Beauty,Fragrances,Comet,3.2,6.99,SUP258,48,610,259.0,True,2025-04-25,Seasonal,852.59,133,C,0,0,0
P02390,BEA-02390-8474,BlueStone Compact Shampoo & Conditioner Set,Beauty,Haircare,BlueStone,1.52,3.99,SUP008,18,928,385.0,False,2025-08-12,Active,1054.6,286,C,1,0,0
P02391,PER-02391-3211,BlueStone Essential Toothbrush 4-Pack,Personal Care,Oral Care,BlueStone,14.03,26.99,SUP034,46,196,297.0,False,2026-01-14,Active,3003.59,124,B,0,0,1
P02392,AUT-02392-7678,Lumino Series 2 License Plate Frame,Automotive,Exterior Accessories,Lumino,25.12,52.99,SUP084,49,148,,False,2025-03-14,Active,448.39,9,C,0,1,0
P02393,TOY-02393-7479,Cedarwood Lite 1000-Piece Puzzle,Toys,Board Games & Puzzles,Cedarwood,9.74,15.99,SUP213,41,344,,False,2024-05-15,Active,10528.01,713,A,1,0,0
P02394,BOO-02394-4560,Vertex X200 Activity Book,Books,Children's Books,Vertex,5.7,10.99,SUP142,41,460,,False,2026-06-05,Active,1618.84,159,C,0,0,0
P02395,AUT-02395-3578,Palisade X200 Tool Kit,Automotive,Tools & Equipment,Palisade,12.08,24.99,SUP112,28,321,,False,2024-10-24,Active,7431.53,324,B,1,0,0
P02396,GRO-02396-4072,Trailhaven Elite Popcorn Variety Pack,Grocery,Snacks,Trailhaven,2.51,4.99,SUP274,19,599,204.0,False,2024-12-18,Active,98.17,21,C,0,1,0
P02397,SPO-02397-1115,Pinnacle Advanced Camping Tent,Sports,Outdoor Recreation,Pinnacle,9.67,13.99,SUP218,51,257,,True,2025-07-13,Seasonal,2622.78,202,B,0,0,0
P02398,BEA-02398-6235,Copperfield Lite Foundation,Beauty,Makeup,Copperfield,8.31,14.99,SUP171,59,362,247.0,False,2024-06-11,Discontinued,26.1,2,C,0,1,0
P02399,BOO-02399-4796,Willowbrook Advanced Short Story Collection,Books,Fiction,Willowbrook,2.99,4.99,SUP086,59,318,,False,2024-11-11,Active,796.52,173,C,0,0,0
P02400,PER-02400-2396,Quinley Series 2 Electric Toothbrush,Personal Care,Oral Care,Quinley,3.86,7.99,SUP258,46,569,110.0,False,2025-06-10,Active,270.09,36,C,0,1,0
P02401,PER-02401-4256,Silverpine Series 2 Water Flosser,Personal Care,Oral Care,Silverpine,9.51,15.99,SUP061,16,199,514.0,True,2025-10-30,Seasonal,1068736.95,71972,A,1,0,1
P02402,CLO-02402-2094,BlueStone Essential Canvas Sneakers,Clothing,Footwear,BlueStone,46.15,71.99,SUP275,5,107,,False,2024-05-07,Active,8858.52,136,A,0,0,1
P02403,CLO-02403-1216,Rockridge Everyday Plus Performance Tank,Clothing,Activewear,Rockridge,9.11,22.99,SUP064,10,312,,True,2026-01-25,Seasonal,12393.18,583,A,1,0,0
P02404,AUT-02404-6882,Halcyon Essential Tire Shine Kit,Automotive,Tire & Wheel Care,Halcyon,12.94,18.99,SUP246,22,132,,False,2024-09-09,Active,2037.39,111,C,0,0,0
P02405,PER-02405-4144,Brightline Elite Smart Scale,Personal Care,Health Monitoring,Brightline,9.76,14.99,SUP274,20,235,394.0,False,2026-04-13,Active,1683.83,123,C,0,0,1
P02406,TOY-02406-2757,Copperfield Everyday Plus Collectible Figure 3-Pack,Toys,Action Figures & Playsets,Copperfield,51.31,107.99,SUP052,62,85,,False,2026-04-07,Active,12689.48,128,A,0,0,1
P02407,ELE-02407-4250,Meridian Pro Camera Backpack,Electronics,Cameras & Accessories,Meridian,47.23,91.99,SUP053,13,68,,False,2025-10-10,Active,1741.85,20,C,0,1,0
P02408,GRO-02408-8261,Foundry Compact Salad Dressing Set,Grocery,Condiments & Sauces,Foundry,2.71,4.11,SUP020,8,375,313.0,False,2026-03-24,Active,185.24,48,C,0,0,0
P02409,AUT-02409-5786,UrbanNest Compact Floor Mat Set,Automotive,Interior Accessories,UrbanNest,3.69,5.99,SUP086,47,313,,False,2024-05-25,Active,3503.57,631,B,1,0,0
P02410,TOY-02410-7474,BlueStone Everyday Plus STEM Building Kit,Toys,Educational Toys,BlueStone,86.4,180.99,SUP149,52,95,,False,2025-02-28,Active,7690.28,45,B,0,0,1
P02411,TOY-02411-5430,Vertex Series 2 Alphabet Learning Set,Toys,Educational Toys,Vertex,6.79,12.99,SUP022,54,290,,False,2024-05-08,Active,458.09,38,C,0,1,0
P02412,SPO-02412-8721,Cedarwood Pro Bike Helmet,Sports,Cycling,Cedarwood,6.53,13.99,SUP028,47,197,,False,2025-03-12,Active,758.33,58,C,0,0,0
P02413,BEA-02413-2475,Norwell Everyday Plus Eau de Parfum,Beauty,Fragrances,Norwell,1.5,3.99,SUP115,40,553,170.0,False,2025-06-15,Active,128.76,35,C,0,1,0
P02414,BEA-02414-9818,Crestmark Deluxe Hair Dryer,Beauty,Haircare,Crestmark,5.91,16.99,SUP037,41,406,171.0,False,2025-05-31,Active,0.0,0,C,0,1,0
P02415,TOY-02415-7271,Trailhaven Advanced Family Board Game,Toys,Board Games & Puzzles,Trailhaven,8.19,15.99,SUP225,47,217,,False,2024-03-10,Active,134.58,9,C,0,1,0
P02416,GRO-02416-3767,Novara Everyday Pasta Sauce Jar,Grocery,Condiments & Sauces,Novara,2.43,3.99,SUP082,12,526,169.0,False,2024-03-17,Active,434.89,118,C,0,0,0
P02417,SPO-02417-9219,Brightline Everyday Adjustable Dumbbell Set,Sports,Fitness Equipment,Brightline,21.28,32.99,SUP012,26,191,,True,2026-06-29,Seasonal,7224.25,237,B,0,0,0
P02418,SPO-02418-5911,Foundry Ultra Resistance Bands Set,Sports,Fitness Equipment,Foundry,5.16,9.99,SUP030,9,513,,False,2024-08-18,Active,41542.13,4487,A,1,0,0
P02419,AUT-02419-8150,Everline Classic Tire Pressure Gauge,Automotive,Tools & Equipment,Everline,19.2,28.99,SUP077,22,111,,False,2025-03-27,Active,2428.22,93,B,0,0,0
P02420,GRO-02420-4517,Meridian Classic Popcorn Variety Pack,Grocery,Snacks,Meridian,4.08,5.99,SUP028,55,318,196.0,False,2025-06-12,Active,63.4,11,C,0,1,0
P02421,TOY-02421-2427,Vanture Signature Counting Puzzle,Toys,Educational Toys,Vanture,17.37,38.99,SUP052,48,144,,True,2024-05-25,Seasonal,2563.76,71,B,0,0,0
P02422,ELE-02422-5133,Novara Advanced Wireless Charger,Electronics,Mobile Accessories,Novara,100.91,163.99,SUP050,48,95,,False,2024-10-19,Active,35516.79,228,A,0,0,1
P02423,HOM-02423-5973,Rockridge Max Coffee Maker,Home & Kitchen,Small Appliances,Rockridge,34.8,53.99,SUP115,35,134,,False,2025-07-02,Active,18803.42,375,A,1,0,1
P02424,BEA-02424-1837,Sunneva Elite Cleansing Foam,Beauty,Skincare,Sunneva,12.01,32.99,SUP156,24,281,536.0,False,2024-07-13,Active,8437.99,287,A,1,0,0
P02425,ELE-02425-2697,Crestmark Pro USB-C Hub,Electronics,Laptop Accessories,Crestmark,12.07,21.99,SUP171,50,222,,False,2025-12-23,Active,7470.31,368,B,1,0,0
P02426,PER-02426-3079,Silverpine Signature Blood Pressure Monitor,Personal Care,Health Monitoring,Silverpine,6.05,11.99,SUP274,20,329,250.0,False,2025-08-13,Active,840.38,75,C,0,0,0
P02427,PER-02427-4589,Foundry Classic Smart Scale,Personal Care,Health Monitoring,Foundry,5.73,10.99,SUP195,47,488,118.0,False,2026-06-20,Active,2309.49,228,B,0,0,0
P02428,ELE-02428-2784,Trailhaven Signature Wireless Mouse,Electronics,Laptop Accessories,Trailhaven,17.19,26.99,SUP045,18,135,,False,2025-05-31,Active,1613.41,63,C,0,0,0
P02429,AUT-02429-8891,Ironclad Essential Jump Starter,Automotive,Tools & Equipment,Ironclad,21.75,41.99,SUP121,14,152,,False,2025-12-30,Active,117.17,3,C,0,1,0
P02430,CLO-02430-7222,Sunneva Everyday Chino Pants,Clothing,Men's Apparel,Sunneva,10.71,19.99,SUP211,22,349,,False,2024-10-25,Active,29595.52,1590,A,1,0,0
P02431,SPO-02431-2052,Foundry Deluxe Bike Lock,Sports,Cycling,Foundry,12.17,25.99,SUP159,13,182,,False,2025-09-25,Active,2537.82,107,B,0,0,0
P02432,AUT-02432-3927,Foundry Advanced Roof Rack,Automotive,Exterior Accessories,Foundry,17.12,25.99,SUP034,45,127,,False,2026-05-04,Active,5365.06,221,B,0,0,0
P02433,CLO-02433-9467,Cedarwood Series 2 Performance Tank,Clothing,Activewear,Cedarwood,4.49,11.99,SUP232,29,327,,False,2026-01-19,Discontinued,0.0,0,C,0,1,0
P02434,ELE-02434-8420,Glacier Max Sleep Tracker Ring,Electronics,Wearable Tech,Glacier,29.92,52.99,SUP043,18,180,,False,2025-12-10,Active,45381.2,918,A,1,0,0
P02435,ELE-02435-4034,Sunneva Series 2 Security Camera,Electronics,Smart Home Devices,Sunneva,118.41,184.99,SUP088,47,93,,False,2025-02-14,Active,52282.22,306,A,1,0,1
P02436,CLO-02436-3409,Kestrel Pro Blouse,Clothing,Women's Apparel,Kestrel,5.81,13.99,SUP211,22,381,,False,2025-06-27,Active,377.45,28,C,0,1,0
P02437,PER-02437-6571,Amberfield Elite Cotton Swabs Bulk,Personal Care,Personal Hygiene,Amberfield,3.53,6.99,SUP290,30,643,333.0,False,2025-06-24,Active,555.56,87,C,0,0,0
P02438,CLO-02438-7577,Brightline Compact Crew Neck Tee 3-Pack,Clothing,Men's Apparel,Brightline,4.46,10.99,SUP270,20,288,,False,2024-07-10,Active,1689.97,163,C,0,0,0
P02439,BEA-02439-5443,Lumino Classic Body Mist,Beauty,Fragrances,Lumino,4.46,11.99,SUP290,37,442,530.0,False,2024-08-27,Discontinued,0.0,0,C,0,1,0
P02440,ELE-02440-5718,Vaultis X200 Screen Protector 2-Pack,Electronics,Mobile Accessories,Vaultis,100.26,204.99,SUP114,7,78,,False,2025-08-14,Active,30448.86,159,A,0,0,1
P02441,PER-02441-5980,Driftwood Signature Toothbrush 4-Pack,Personal Care,Oral Care,Driftwood,4.01,6.99,SUP116,15,289,304.0,False,2025-08-03,Active,2759.72,424,B,1,0,0
P02442,GRO-02442-6483,Amberfield Classic Salad Dressing Set,Grocery,Condiments & Sauces,Amberfield,4.12,5.99,SUP032,46,457,368.0,False,2025-09-19,Active,776.08,138,C,0,0,0
P02443,SPO-02443-6642,Palisade Compact Adjustable Dumbbell Set,Sports,Fitness Equipment,Palisade,2.3,3.99,SUP137,43,591,,False,2025-07-04,Active,150.89,41,C,0,1,0
P02444,SPO-02444-3993,Willowbrook X200 Hiking Backpack,Sports,Outdoor Recreation,Willowbrook,36.89,66.99,SUP230,39,152,,True,2025-06-14,Seasonal,1125.38,19,C,0,1,1
P02445,GRO-02445-1799,Sunneva Max Sports Drink Case,Grocery,Beverages,Sunneva,1.5,2.72,SUP019,15,930,167.0,False,2025-04-19,Active,258.83,105,C,0,0,0
P02446,ELE-02446-6774,Foundry Deluxe Screen Protector 2-Pack,Electronics,Mobile Accessories,Foundry,76.54,143.99,SUP081,8,64,,False,2025-08-04,Active,12895.72,96,A,0,0,1
P02447,BEA-02447-2801,Ostrom Series 2 Loofah & Soap Set,Beauty,Bath & Body,Ostrom,3.46,8.99,SUP274,19,305,109.0,False,2024-11-26,Active,876.31,104,C,0,0,0
P02448,GRO-02448-6657,Amberfield Deluxe Hot Sauce Set,Grocery,Condiments & Sauces,Amberfield,5.71,9.99,SUP037,43,474,91.0,False,2024-05-27,Active,499.3,55,C,0,0,1
P02449,SPO-02449-7777,Aurelia Advanced Bike Lock,Sports,Cycling,Aurelia,48.47,72.99,SUP075,26,129,,False,2025-09-09,Active,594.75,9,C,0,1,1
P02450,TOY-02450-7859,Brightline Deluxe Coding Robot Kit,Toys,Educational Toys,Brightline,4.8,8.99,SUP274,22,337,,False,2024-11-01,Active,3396.2,405,B,1,0,0
P02451,HOM-02451-7751,Halcyon Series 2 Storage Bin Set,Home & Kitchen,Storage & Organization,Halcyon,24.97,36.99,SUP088,49,159,,True,2025-11-22,Seasonal,6782.56,194,B,0,0,0
P02452,CLO-02452-5561,Pinnacle X200 Chino Pants,Clothing,Men's Apparel,Pinnacle,11.0,27.99,SUP248,35,309,,False,2026-03-23,Active,5861.94,225,B,0,0,0
P02453,ELE-02453-5996,Harborlight Pro Laptop Stand,Electronics,Laptop Accessories,Harborlight,35.33,66.99,SUP073,25,91,,False,2024-12-22,Active,8735.07,141,A,0,0,0
P02454,HOM-02454-7884,Vanture Lite Sheet Set,Home & Kitchen,Bedding & Linens,Vanture,16.55,30.99,SUP064,11,111,,False,2024-05-05,Active,1730.47,61,C,0,0,0
P02455,TOY-02455-9512,NorthPoint Deluxe Backyard Game Set,Toys,Outdoor Play,NorthPoint,19.67,30.99,SUP042,18,183,,False,2024-01-01,Discontinued,0.0,0,C,0,1,1
P02456,TOY-02456-9781,Brightline Signature Construction Blocks,Toys,Building Sets,Brightline,10.82,25.99,SUP018,52,159,,False,2025-06-21,Active,409.15,17,C,0,1,0
P02457,TOY-02457-1395,Solstice Everyday Family Board Game,Toys,Board Games & Puzzles,Solstice,13.43,29.99,SUP115,41,303,,False,2026-03-15,Active,17372.35,623,A,1,0,0
P02458,HOM-02458-3901,Norwell Advanced Sheet Set,Home & Kitchen,Bedding & Linens,Norwell,70.05,101.99,SUP207,30,65,,False,2026-03-29,Active,3425.68,36,B,0,1,1
P02459,CLO-02459-9120,BlueStone Deluxe Canvas Sneakers,Clothing,Footwear,BlueStone,7.72,12.99,SUP150,38,354,,False,2026-03-30,Active,312.81,25,C,0,1,0
P02460,BEA-02460-6767,Novara Everyday Plus Lipstick Set,Beauty,Makeup,Novara,7.05,18.99,SUP115,46,365,110.0,False,2024-01-13,Active,1329.47,76,C,0,0,0
P02461,PER-02461-4899,Palisade Classic Probiotic Capsules,Personal Care,Vitamins & Supplements,Palisade,6.25,9.99,SUP049,15,236,274.0,False,2024-02-19,Discontinued,17.89,2,C,0,1,0
P02462,SPO-02462-6455,Comet Lite Team Jersey,Sports,Team Sports Gear,Comet,19.44,33.99,SUP193,29,105,,False,2026-06-01,Active,4215.29,133,B,0,0,0
P02463,PER-02463-9210,Lumino Classic Grooming Kit,Personal Care,Shaving & Grooming,Lumino,5.33,11.99,SUP061,15,277,458.0,False,2025-09-06,Active,2041.69,179,C,0,0,0
P02464,HOM-02464-7966,Ostrom Lite Electric Kettle,Home & Kitchen,Small Appliances,Ostrom,32.8,74.99,SUP010,49,138,,False,2026-03-16,Discontinued,57.75,1,C,0,1,1
P02465,BEA-02465-5194,Amberfield Signature Bath Bomb Set,Beauty,Bath & Body,Amberfield,4.14,9.99,SUP288,35,282,419.0,False,2026-06-12,Discontinued,0.0,0,C,0,1,0
P02466,TOY-02466-7523,Rockridge Signature Model Kit,Toys,Building Sets,Rockridge,6.29,11.99,SUP274,22,454,,False,2025-10-14,Active,2970.56,270,B,1,0,0
P02467,BEA-02467-7931,Lumino Pro Facial Moisturizer,Beauty,Skincare,Lumino,8.41,18.99,SUP052,59,349,521.0,False,2024-12-31,Active,1322.83,75,C,0,0,0
P02468,BOO-02468-7264,Meridian Signature Literary Fiction Hardcover,Books,Fiction,Meridian,4.63,7.99,SUP056,8,298,,False,2025-10-08,Active,93.39,13,C,0,1,0
P02469,CLO-02469-9854,Brightline Essential Kids Rain Jacket,Clothing,Kids' Apparel,Brightline,13.19,24.99,SUP164,22,147,,False,2025-07-25,Active,10994.95,478,A,1,0,0
P02470,PER-02470-4957,Amberfield Max Digital Thermometer,Personal Care,Health Monitoring,Amberfield,11.13,16.99,SUP115,39,152,151.0,False,2026-03-02,Discontinued,69.92,4,C,0,1,1
P02471,HOM-02471-8866,UrbanNest Elite Stock Pot,Home & Kitchen,Cookware,UrbanNest,13.03,26.99,SUP269,32,281,,False,2026-02-24,Discontinued,67.52,3,C,0,1,0
P02472,PER-02472-2604,Ridgeline Classic Razor Set,Personal Care,Shaving & Grooming,Ridgeline,4.17,9.99,SUP115,36,548,484.0,False,2024-06-04,Active,5637.02,622,B,1,0,0
P02473,BEA-02473-1803,Harborlight Advanced Loofah & Soap Set,Beauty,Bath & Body,Harborlight,3.59,7.99,SUP028,49,459,456.0,False,2026-03-14,Active,4218.59,570,B,1,0,0
P02474,CLO-02474-2549,Rockridge Everyday Plus Wrap Dress,Clothing,Women's Apparel,Rockridge,5.11,11.99,SUP159,14,390,,True,2025-09-30,Seasonal,479.95,44,C,0,0,0
P02475,CLO-02475-8062,Vaultis Everyday Chino Pants,Clothing,Men's Apparel,Vaultis,8.8,22.99,SUP026,35,256,,False,2025-11-01,Active,388.59,18,C,0,1,0
P02476,GRO-02476-2828,Foundry Essential Salad Dressing Set,Grocery,Condiments & Sauces,Foundry,3.7,6.99,SUP121,16,554,469.0,False,2024-11-09,Discontinued,6.34,1,C,0,1,0
P02477,PER-02477-5168,Vertex Ultra Grooming Kit,Personal Care,Shaving & Grooming,Vertex,4.32,8.99,SUP163,45,535,346.0,False,2025-03-19,Active,577.91,70,C,0,0,0
P02478,PER-02478-4320,Crestmark Elite Protein Powder,Personal Care,Vitamins & Supplements,Crestmark,2.02,3.99,SUP275,4,517,277.0,False,2026-03-09,Active,2785.35,756,B,1,0,0
P02479,PER-02479-3601,Fernwood Essential Water Flosser,Personal Care,Oral Care,Fernwood,8.05,13.99,SUP075,28,387,260.0,False,2024-05-06,Active,7408.29,577,B,1,0,1
P02480,PER-02480-2700,BlueStone Compact Blood Pressure Monitor,Personal Care,Health Monitoring,BlueStone,7.63,15.99,SUP179,24,231,109.0,False,2025-05-01,Active,2441.33,166,B,0,0,0
P02481,SPO-02481-7408,Driftwood Signature Sleeping Bag,Sports,Outdoor Recreation,Driftwood,86.21,191.99,SUP001,10,59,,False,2026-05-31,Active,23380.7,131,A,0,0,1
P02482,BEA-02482-7199,Rockridge Classic Body Wash,Beauty,Bath & Body,Rockridge,6.87,11.99,SUP261,48,408,313.0,True,2025-11-29,Seasonal,1041.46,92,C,0,0,0
P02483,AUT-02483-4905,Meridian Advanced Roof Rack,Automotive,Exterior Accessories,Meridian,112.24,156.99,SUP080,5,69,,False,2024-05-15,Active,2829.99,19,B,0,1,1
P02484,ELE-02484-7132,Comet Advanced Over-Ear Headphones,Electronics,Headphones & Audio,Comet,110.68,159.99,SUP057,50,42,,False,2024-06-01,Active,1130.68,7,C,0,1,1
P02485,AUT-02485-6291,Crestmark Compact Trunk Organizer,Automotive,Interior Accessories,Crestmark,23.25,38.99,SUP022,48,106,,False,2025-04-04,Active,3975.4,108,B,0,0,0
P02486,CLO-02486-2249,Ostrom Lite Running Leggings,Clothing,Activewear,Ostrom,4.88,12.99,SUP231,17,310,,False,2024-08-08,Active,3634.11,301,B,1,0,0
P02487,SPO-02487-8040,Ironclad Deluxe Camping Tent,Sports,Outdoor Recreation,Ironclad,57.13,115.99,SUP017,14,71,,False,2026-03-14,Discontinued,799.22,7,C,0,1,1
P02488,BEA-02488-4265,Everline Compact Hair Mask,Beauty,Haircare,Everline,5.8,13.99,SUP171,59,491,455.0,False,2026-02-03,Active,6643.88,512,B,1,0,0
P02489,BEA-02489-8402,Harborlight X200 Facial Moisturizer,Beauty,Skincare,Harborlight,7.33,16.99,SUP080,5,359,356.0,False,2026-05-19,Active,1022.26,65,C,0,0,0
P02490,ELE-02490-1278,Ironclad Everyday Plus Screen Protector 2-Pack,Electronics,Mobile Accessories,Ironclad,34.9,47.99,SUP204,19,122,,False,2024-12-26,Active,5727.12,128,B,0,0,0
P02491,BEA-02491-5204,Timbercrest Elite Fragrance Gift Set,Beauty,Fragrances,Timbercrest,23.21,41.99,SUP288,40,203,136.0,False,2024-09-17,Active,2332.94,61,B,0,0,1
P02492,BEA-02492-9459,Ridgeline Max Loofah & Soap Set,Beauty,Bath & Body,Ridgeline,8.5,16.99,SUP068,33,230,216.0,True,2025-04-26,Seasonal,8214.02,522,A,1,0,0
P02493,HOM-02493-4963,ClearPath Lite Wall Art Set,Home & Kitchen,Home Decor,ClearPath,13.5,30.99,SUP171,50,129,,False,2024-04-14,Active,5296.19,183,B,0,0,0
P02494,HOM-02494-8395,Vanture Deluxe Drawer Dividers,Home & Kitchen,Storage & Organization,Vanture,34.15,62.99,SUP102,15,115,,False,2025-10-23,Active,4401.75,75,B,0,0,1
P02495,BOO-02495-4717,UrbanNest Everyday Literary Fiction Hardcover,Books,Fiction,UrbanNest,8.07,15.99,SUP152,8,252,,False,2026-03-04,Active,1657.5,115,C,0,0,1
P02496,GRO-02496-7276,Brightline Ultra Cereal Box,Grocery,Breakfast Foods,Brightline,4.47,7.99,SUP022,51,275,437.0,False,2024-06-03,Active,89.23,12,C,0,1,0
P02497,AUT-02497-7090,Lumino Compact Backup Camera,Automotive,Car Electronics,Lumino,17.45,36.99,SUP049,15,209,,False,2024-06-29,Active,188.35,6,C,0,1,0
P02498,ELE-02498-3219,BlueStone Signature Smart Plug,Electronics,Smart Home Devices,BlueStone,67.37,136.99,SUP237,34,81,,False,2024-10-02,Active,5856.64,47,B,0,0,0
P02499,CLO-02499-9528,Cedarwood Pro Compression Shorts,Clothing,Activewear,Cedarwood,11.48,22.99,SUP088,38,196,,False,2025-12-31,Active,1894.37,89,C,0,0,0
P02500,HOM-02500-3695,Novara X200 Area Rug,Home & Kitchen,Home Decor,Novara,21.38,34.99,SUP003,8,183,,False,2024-10-23,Active,6757.86,207,B,0,0,0
P02501,CLO-02501-3411,Foundry Everyday Wrap Dress,Clothing,Women's Apparel,Foundry,2.93,7.99,SUP081,7,597,,True,2025-10-27,Seasonal,556.3,78,C,0,0,0
P02502,CLO-02502-2583,Driftwood Compact Crew Neck Tee 3-Pack,Clothing,Men's Apparel,Driftwood,11.18,19.99,SUP190,58,341,,True,2026-04-16,Seasonal,1045.16,56,C,0,0,0
P02503,BOO-02503-3571,Trailhaven Advanced Short Story Collection,Books,Fiction,Trailhaven,3.31,5.99,SUP290,28,624,,False,2025-02-03,Active,17.92,3,C,0,1,0
P02504,BEA-02504-9899,NorthPoint X200 Vitamin C Serum,Beauty,Skincare,NorthPoint,10.52,28.99,SUP258,41,145,523.0,False,2024-05-05,Active,4085.15,154,B,0,0,0
P02505,CLO-02505-6830,Silverpine Series 2 High-Waist Jeans,Clothing,Women's Apparel,Silverpine,8.09,13.99,SUP218,57,201,,False,2026-04-15,Active,2233.49,174,B,0,0,0
P02506,HOM-02506-6519,Foundry Pro Weighted Blanket,Home & Kitchen,Bedding & Linens,Foundry,7.41,12.99,SUP274,22,313,,True,2024-12-04,Seasonal,5150.99,429,B,1,0,0
P02507,CLO-02507-5031,Ostrom Everyday Plus Compression Shorts,Clothing,Activewear,Ostrom,11.42,20.99,SUP185,13,230,,False,2025-06-30,Active,1378.45,71,C,0,0,0
P02508,BEA-02508-3136,Solstice Max Body Mist,Beauty,Fragrances,Solstice,4.77,9.99,SUP154,14,506,300.0,False,2026-05-24,Active,5731.18,624,B,1,0,0
P02509,SPO-02509-1424,Ostrom Classic Cycling Gloves,Sports,Cycling,Ostrom,27.33,38.99,SUP159,14,187,,False,2026-03-29,Active,1300.23,36,C,0,1,0
P02510,BEA-02510-7726,Amberfield Signature Body Lotion,Beauty,Bath & Body,Amberfield,8.64,18.99,SUP275,4,284,247.0,False,2026-01-31,Active,1237.28,70,C,0,0,0
P02511,TOY-02511-1651,Comet Pro 1000-Piece Puzzle,Toys,Board Games & Puzzles,Comet,5.31,13.99,SUP003,7,501,,False,2024-11-18,Active,2144.28,163,B,0,0,0
P02512,BEA-02512-2623,Fernwood Compact Sunscreen SPF50,Beauty,Skincare,Fernwood,6.1,11.99,SUP152,9,295,402.0,False,2025-09-03,Active,2747.78,256,B,1,0,0
P02513,HOM-02513-6440,Driftwood Everyday Comforter,Home & Kitchen,Bedding & Linens,Driftwood,37.18,83.99,SUP221,41,140,,False,2024-10-31,Active,12155.72,155,A,0,0,1
P02514,GRO-02514-5405,Quinley Pro Granola Bites,Grocery,Snacks,Quinley,5.53,8.99,SUP012,24,413,497.0,False,2025-05-15,Active,1694.06,204,C,0,0,1
P02515,ELE-02515-4399,NorthPoint Ultra Fitness Tracker,Electronics,Wearable Tech,NorthPoint,91.0,164.99,SUP247,5,76,,False,2024-11-03,Active,18721.89,123,A,0,0,1
P02516,CLO-02516-6941,Quinley Max Denim Jacket,Clothing,Men's Apparel,Quinley,2.89,7.99,SUP255,22,382,,False,2026-02-03,Active,668.9,93,C,0,0,0
P02517,AUT-02517-6617,Novara Premium Tire Shine Kit,Automotive,Tire & Wheel Care,Novara,31.48,49.99,SUP155,34,96,,False,2025-11-16,Active,10095.49,222,A,0,0,0
P02518,TOY-02518-3686,Pinnacle Advanced Strategy Game,Toys,Board Games & Puzzles,Pinnacle,2.04,5.99,SUP248,31,435,,False,2026-05-13,Discontinued,0.0,0,C,0,1,0
P02519,BEA-02519-7774,Harborlight Ultra Eyeshadow Palette,Beauty,Makeup,Harborlight,7.54,13.99,SUP028,44,270,205.0,False,2024-08-30,Active,434.28,33,C,0,1,0
P02520,HOM-02520-9729,Ashford Everyday Air Fryer,Home & Kitchen,Small Appliances,Ashford,49.69,75.99,SUP274,20,121,,False,2026-04-22,Active,51643.78,724,A,1,0,1
P02521,AUT-02521-4073,Foundry Pro Jump Starter,Automotive,Tools & Equipment,Foundry,134.5,254.99,SUP012,30,51,,False,2024-08-13,Active,2167.39,9,B,0,1,1
P02522,ELE-02522-8197,Quinley Everyday Car Mount,Electronics,Mobile Accessories,Quinley,184.41,394.99,SUP012,31,67,,False,2025-08-05,Active,18619.82,50,A,0,0,1
P02523,BEA-02523-6234,Ostrom Pro Vitamin C Serum,Beauty,Skincare,Ostrom,11.64,30.99,SUP156,24,254,536.0,False,2024-06-07,Active,16503.25,576,A,1,0,0
P02524,AUT-02524-5774,Brightline Signature Mud Flap Set,Automotive,Exterior Accessories,Brightline,25.22,36.99,SUP211,29,147,,True,2025-10-25,Seasonal,3394.51,96,B,0,0,0
P02525,BEA-02525-4802,Brightline Lite Facial Moisturizer,Beauty,Skincare,Brightline,5.21,8.99,SUP200,57,310,360.0,False,2025-12-07,Active,415.58,50,C,0,0,0
P02526,ELE-02526-6728,ClearPath Everyday Camera Backpack,Electronics,Cameras & Accessories,ClearPath,38.07,68.99,SUP159,13,82,,False,2025-12-08,Active,31810.03,500,A,1,0,0
P02527,GRO-02527-9303,Willowbrook Lite Cereal Box,Grocery,Breakfast Foods,Willowbrook,2.41,3.99,SUP231,19,583,403.0,False,2024-09-09,Active,197.1,56,C,0,0,0
P02528,BOO-02528-2487,Cedarwood Premium Bedtime Stories Collection,Books,Children's Books,Cedarwood,3.59,5.99,SUP171,45,402,,True,2026-01-08,Seasonal,452.61,84,C,0,0,0
P02529,HOM-02529-9684,Novara Classic Cast Iron Skillet,Home & Kitchen,Cookware,Novara,46.76,98.99,SUP258,39,153,,False,2024-05-25,Active,284.37,3,C,0,1,1
P02530,SPO-02530-2852,Novara Elite Yoga Towel,Sports,Yoga & Wellness,Novara,16.51,25.99,SUP026,37,234,,False,2025-10-30,Active,2385.24,98,B,0,0,0
P02531,BEA-02531-7080,Everline Elite Eyeshadow Palette,Beauty,Makeup,Everline,5.59,11.99,SUP294,36,242,292.0,False,2025-03-04,Active,2978.9,268,B,1,0,0
P02532,GRO-02532-6350,Glacier Signature Trail Mix,Grocery,Snacks,Glacier,7.33,11.99,SUP263,45,317,315.0,False,2024-06-13,Active,422.26,38,C,0,1,1
P02533,HOM-02533-4433,Novara Signature Storage Bin Set,Home & Kitchen,Storage & Organization,Novara,62.44,101.99,SUP270,23,123,,False,2026-06-07,Active,1345.68,14,C,0,1,1
P02534,AUT-02534-7468,Vaultis Ultra Tire Pressure Gauge,Automotive,Tools & Equipment,Vaultis,2.72,4.99,SUP100,19,719,,False,2025-11-23,Active,475.17,103,C,0,0,0
P02535,BEA-02535-9541,Amberfield Signature Hair Dryer,Beauty,Haircare,Amberfield,5.26,15.99,SUP275,5,498,194.0,False,2024-05-13,Active,417.48,28,C,0,1,0
P02536,SPO-02536-8401,Harborlight Ultra Bike Water Bottle Cage,Sports,Cycling,Harborlight,13.5,22.99,SUP028,58,275,,False,2024-12-22,Active,1483.03,70,C,0,0,0
P02537,BEA-02537-4019,Vaultis Everyday Sunscreen SPF50,Beauty,Skincare,Vaultis,5.19,11.99,SUP020,8,296,147.0,False,2025-11-04,Active,475.48,44,C,0,0,0
P02538,ELE-02538-4642,BlueStone Everyday Action Camera,Electronics,Cameras & Accessories,BlueStone,28.89,44.99,SUP115,42,159,,False,2024-07-01,Active,48727.51,1166,A,1,0,0
P02539,BEA-02539-5765,Halcyon Everyday Plus Loofah & Soap Set,Beauty,Bath & Body,Halcyon,8.34,20.99,SUP274,17,333,93.0,False,2025-03-07,Active,1918.54,98,C,0,0,0
P02540,CLO-02540-2926,Crestmark Premium High-Waist Jeans,Clothing,Women's Apparel,Crestmark,16.3,35.99,SUP290,39,251,,False,2024-04-03,Active,127.96,4,C,0,1,0
P02541,BEA-02541-9462,Silverpine Series 2 Hair Dryer,Beauty,Haircare,Silverpine,5.73,14.99,SUP147,21,462,388.0,False,2024-01-21,Active,1567.78,117,C,0,0,0
P02542,TOY-02542-1053,Fernwood Everyday Strategy Game,Toys,Board Games & Puzzles,Fernwood,32.71,83.99,SUP215,12,137,,False,2024-08-07,Active,5873.13,77,B,0,0,1
P02543,PER-02543-6475,Vertex Premium Pulse Oximeter,Personal Care,Health Monitoring,Vertex,9.84,20.99,SUP159,15,219,328.0,False,2025-10-10,Active,6290.82,328,B,1,0,1
P02544,TOY-02544-3429,NorthPoint Classic Water Blaster,Toys,Outdoor Play,NorthPoint,21.18,43.99,SUP026,34,173,,False,2025-04-08,Active,1837.91,45,C,0,0,1
P02545,BOO-02545-4608,Everline Deluxe Graphic Novel Vol. 1,Books,Comics & Graphic Novels,Everline,3.33,5.99,SUP180,16,637,,False,2024-10-08,Active,468.62,83,C,0,0,0
P02546,CLO-02546-2459,Silverpine Classic Chino Pants,Clothing,Men's Apparel,Silverpine,7.97,16.99,SUP028,44,296,,False,2024-08-13,Active,18985.45,1208,A,1,0,0
P02547,BOO-02547-1288,Halcyon Deluxe Self-Help Guide,Books,Non-Fiction,Halcyon,5.31,8.99,SUP182,9,250,,False,2026-01-03,Active,229.4,26,C,0,1,0
P02548,GRO-02548-6317,Aurelia Lite Herbal Tea Sampler,Grocery,Beverages,Aurelia,3.39,4.99,SUP057,48,437,190.0,False,2025-08-30,Active,1220.04,262,C,1,0,0
P02549,TOY-02549-8112,Quinley Pro 1000-Piece Puzzle,Toys,Board Games & Puzzles,Quinley,17.09,30.99,SUP065,12,233,,False,2026-02-26,Active,2319.83,79,B,0,0,0
P02550,AUT-02550-1980,Fernwood Deluxe Mud Flap Set,Automotive,Exterior Accessories,Fernwood,29.63,52.99,SUP192,58,198,,False,2026-05-29,Active,1696.35,36,C,0,1,0
P02551,GRO-02551-1779,Crestmark Series 2 Pancake Mix,Grocery,Breakfast Foods,Crestmark,8.43,10.99,SUP134,29,262,116.0,False,2025-07-31,Active,290.27,28,C,0,1,1
P02552,PER-02552-3044,Ostrom Everyday Pulse Oximeter,Personal Care,Health Monitoring,Ostrom,10.18,20.99,SUP248,34,317,203.0,False,2024-02-10,Active,9707.35,494,A,1,0,1
P02553,AUT-02553-1811,Fernwood Ultra Trunk Organizer,Automotive,Interior Accessories,Fernwood,9.1,18.99,SUP193,39,217,,False,2026-05-05,Active,3558.02,203,B,0,0,0
P02554,BEA-02554-4890,Foundry Everyday Plus Loofah & Soap Set,Beauty,Bath & Body,Foundry,21.09,39.99,SUP075,26,150,334.0,False,2024-04-29,Active,5690.3,152,B,0,0,1
P02555,PER-02555-3045,Norwell Signature Grooming Kit,Personal Care,Shaving & Grooming,Norwell,8.79,17.99,SUP226,48,227,530.0,True,2025-10-08,Seasonal,3476.47,205,B,0,0,1
P02556,ELE-02556-5470,Driftwood Classic Wireless Earbuds,Electronics,Headphones & Audio,Driftwood,128.45,249.99,SUP018,40,72,,False,2024-08-13,Active,25196.85,110,A,0,0,1
P02557,ELE-02557-6674,Pinnacle Everyday Tripod Kit,Electronics,Cameras & Accessories,Pinnacle,137.64,267.99,SUP211,28,82,,False,2025-11-30,Active,4782.62,19,B,0,1,1
P02558,GRO-02558-3833,Harborlight Series 2 Popcorn Variety Pack,Grocery,Snacks,Harborlight,2.24,3.99,SUP106,14,740,467.0,True,2026-01-03,Seasonal,32.24,9,C,0,1,0
P02559,CLO-02559-9038,Amberfield Advanced Toddler Joggers,Clothing,Kids' Apparel,Amberfield,11.74,28.99,SUP077,22,253,,True,2025-12-24,Seasonal,17237.25,643,A,1,0,0
P02560,GRO-02560-5573,Halcyon Compact Coffee Pods Box,Grocery,Beverages,Halcyon,8.09,11.99,SUP155,48,296,137.0,False,2024-09-04,Active,1161.01,104,C,0,0,1
P02561,PER-02561-1074,Solstice Premium Razor Set,Personal Care,Shaving & Grooming,Solstice,9.01,16.99,SUP274,21,352,320.0,False,2025-08-08,Active,938.26,61,C,0,0,1
P02562,GRO-02562-4899,Halcyon Lite Cereal Box,Grocery,Breakfast Foods,Halcyon,2.23,3.55,SUP064,13,802,255.0,False,2024-06-23,Active,4303.33,1316,B,1,0,0
P02563,GRO-02563-7101,BlueStone Premium Popcorn Variety Pack,Grocery,Snacks,BlueStone,14.91,20.99,SUP299,11,254,354.0,False,2026-03-20,Active,270.87,15,C,0,1,1
P02564,BOO-02564-5094,Copperfield Pro Biography,Books,Non-Fiction,Copperfield,9.31,16.99,SUP167,26,301,,True,2024-05-19,Seasonal,0.0,0,C,0,1,1
P02565,ELE-02565-5693,Palisade Classic Over-Ear Headphones,Electronics,Headphones & Audio,Palisade,24.56,34.99,SUP060,27,195,,False,2026-02-06,Active,205.64,6,C,0,1,0
P02566,SPO-02566-7690,NorthPoint Pro Hiking Backpack,Sports,Outdoor Recreation,NorthPoint,29.32,64.99,SUP195,45,140,,False,2024-05-16,Active,3610.09,64,B,0,0,0
P02567,BEA-02567-6589,NorthPoint Essential Sunscreen SPF50,Beauty,Skincare,NorthPoint,48.2,102.99,SUP211,25,101,210.0,False,2024-09-20,Active,6232.65,65,B,0,0,1
P02568,PER-02568-2259,Timbercrest Everyday Plus Probiotic Capsules,Personal Care,Vitamins & Supplements,Timbercrest,7.89,11.99,SUP159,14,406,458.0,False,2025-10-18,Active,6550.55,592,B,1,0,0
P02569,SPO-02569-7210,Harborlight Elite Basketball,Sports,Team Sports Gear,Harborlight,16.12,33.99,SUP028,47,205,,True,2026-05-24,Seasonal,9754.51,310,A,1,0,0
P02570,ELE-02570-2146,Silverpine Premium Sleep Tracker Ring,Electronics,Wearable Tech,Silverpine,14.81,28.99,SUP245,14,219,,False,2025-10-07,Active,52.32,2,C,0,1,0
P02571,ELE-02571-6930,Harborlight Pro USB-C Hub,Electronics,Laptop Accessories,Harborlight,119.96,183.99,SUP245,13,44,,False,2024-11-08,Active,518233.64,3031,A,1,0,1
P02572,ELE-02572-7192,Willowbrook Classic Security Camera,Electronics,Smart Home Devices,Willowbrook,9.14,14.99,SUP219,23,272,,False,2024-10-10,Active,1286.89,94,C,0,0,0
P02573,PER-02573-8474,Aurelia Everyday Plus Shaving Cream,Personal Care,Shaving & Grooming,Aurelia,8.66,19.99,SUP218,57,248,89.0,False,2025-07-29,Active,7655.26,413,B,1,0,1
P02574,SPO-02574-9839,Vaultis Advanced Yoga Mat,Sports,Fitness Equipment,Vaultis,28.96,56.99,SUP104,22,115,,False,2025-02-13,Active,9775.45,196,A,0,0,0
P02575,BEA-02575-1981,Copperfield X200 Eyeshadow Palette,Beauty,Makeup,Copperfield,4.97,10.99,SUP147,19,525,450.0,False,2024-07-07,Active,1276.78,128,C,0,0,0
P02576,HOM-02576-9774,Aurelia Ultra Pillow 2-Pack,Home & Kitchen,Bedding & Linens,Aurelia,95.14,166.99,SUP187,38,101,,False,2025-07-26,Active,5982.04,41,B,0,1,1
P02577,AUT-02577-3010,Ridgeline X200 Wheel Cleaner,Automotive,Tire & Wheel Care,Ridgeline,3.56,6.99,SUP034,48,635,,False,2025-01-31,Active,206.45,32,C,0,1,0
P02578,HOM-02578-1152,Crestmark Everyday Wall Art Set,Home & Kitchen,Home Decor,Crestmark,72.53,101.99,SUP171,55,75,,True,2026-06-08,Discontinued,507.69,5,C,0,1,1
P02579,SPO-02579-8600,Kestrel Everyday Plus Foam Roller,Sports,Fitness Equipment,Kestrel,30.85,47.99,SUP023,59,155,,False,2024-01-27,Active,2894.44,64,B,0,0,0
P02580,TOY-02580-9122,Ridgeline Ultra Alphabet Learning Set,Toys,Educational Toys,Ridgeline,13.18,22.99,SUP258,51,183,,False,2025-11-08,Active,166.61,8,C,0,1,0
P02581,GRO-02581-1640,Novara Premium Herbal Tea Sampler,Grocery,Beverages,Novara,2.17,3.99,SUP027,39,564,155.0,False,2025-12-28,Active,3881.58,1047,B,1,0,0
P02582,CLO-02582-5120,UrbanNest Ultra Crew Neck Tee 3-Pack,Clothing,Men's Apparel,UrbanNest,2.45,3.99,SUP225,57,443,,False,2026-01-02,Active,912.16,246,C,0,0,0
P02583,HOM-02583-9823,Aurelia Advanced Wall Art Set,Home & Kitchen,Home Decor,Aurelia,23.87,44.99,SUP052,67,170,,False,2025-09-30,Active,64176.79,1531,A,1,0,0
P02584,BEA-02584-7411,Trailhaven Lite Body Mist,Beauty,Fragrances,Trailhaven,9.08,17.99,SUP274,17,221,63.0,True,2026-06-10,Seasonal,1009.67,59,C,0,0,0
P02585,PER-02585-5091,Novara Signature Blood Pressure Monitor,Personal Care,Health Monitoring,Novara,1.81,3.07,SUP183,23,538,404.0,True,2024-10-09,Seasonal,261.96,94,C,0,0,0
P02586,SPO-02586-7976,Sunneva Signature Hiking Backpack,Sports,Outdoor Recreation,Sunneva,14.95,33.99,SUP115,44,191,,False,2024-12-13,Active,6638.15,211,B,0,0,0
P02587,AUT-02587-4180,Kestrel Elite Wheel Cleaner,Automotive,Tire & Wheel Care,Kestrel,92.56,133.99,SUP012,25,44,,False,2026-05-02,Active,8557.4,68,A,0,0,1
P02588,CLO-02588-3589,Vanture Compact Denim Jacket,Clothing,Men's Apparel,Vanture,3.93,6.99,SUP171,51,573,,False,2024-03-04,Active,3194.21,495,B,1,0,0
P02589,HOM-02589-4992,Harborlight Signature Closet Organizer,Home & Kitchen,Storage & Organization,Harborlight,15.38,23.99,SUP102,15,154,,False,2026-01-23,Active,16314.0,729,A,1,0,0
P02590,SPO-02590-8743,Ashford X200 Camp Chair,Sports,Outdoor Recreation,Ashford,46.13,98.99,SUP239,29,122,,False,2025-11-12,Active,30184.01,329,A,1,0,1
P02591,CLO-02591-3566,NorthPoint Pro Slim Fit Shirt,Clothing,Men's Apparel,NorthPoint,7.44,12.99,SUP236,2,189,,False,2025-06-21,Active,9084.25,748,A,1,0,0
P02592,HOM-02592-6351,Amberfield Premium Sheet Set,Home & Kitchen,Bedding & Linens,Amberfield,4.21,9.99,SUP195,48,369,,False,2024-04-20,Active,3955.27,422,B,1,0,0
P02593,BEA-02593-8430,Foundry Series 2 Lipstick Set,Beauty,Makeup,Foundry,15.28,29.99,SUP068,31,123,85.0,False,2025-07-11,Active,1133.01,41,C,0,1,1
P02594,BOO-02594-1228,Fernwood Premium History Hardcover,Books,Non-Fiction,Fernwood,6.34,11.99,SUP034,58,468,,False,2025-02-03,Active,4756.78,429,B,1,0,0
P02595,SPO-02595-6544,Brightline Classic Massage Roller,Sports,Yoga & Wellness,Brightline,14.97,24.99,SUP148,31,269,,False,2024-03-20,Active,6446.34,278,B,1,0,0
P02596,HOM-02596-8965,Vaultis Max Sheet Set,Home & Kitchen,Bedding & Linens,Vaultis,18.33,27.99,SUP122,16,238,,True,2025-11-04,Seasonal,844.43,32,C,0,1,0
P02597,AUT-02597-3592,Ridgeline Compact Trunk Organizer,Automotive,Interior Accessories,Ridgeline,76.2,125.99,SUP192,72,63,,False,2026-01-10,Active,2040.07,17,C,0,1,1
P02598,BEA-02598-2434,Ashford Lite Eyeshadow Palette,Beauty,Makeup,Ashford,6.13,15.99,SUP159,11,354,220.0,False,2025-05-24,Active,1430.85,96,C,0,0,0
P02599,GRO-02599-8018,Harborlight Pro Popcorn Variety Pack,Grocery,Snacks,Harborlight,6.56,9.99,SUP148,26,424,191.0,True,2024-05-28,Seasonal,3773.53,408,B,1,0,1
P02600,HOM-02600-4047,Ostrom Pro Sheet Set,Home & Kitchen,Bedding & Linens,Ostrom,27.53,45.99,SUP143,52,131,,False,2024-11-30,Active,5810.55,136,B,0,0,0
P02601,TOY-02601-7376,Amberfield Lite Collectible Figure 3-Pack,Toys,Action Figures & Playsets,Amberfield,1.58,4.99,SUP150,52,424,,True,2025-05-08,Seasonal,904.68,194,C,0,0,0
P02602,GRO-02602-5419,Meridian Elite Oatmeal Packets,Grocery,Breakfast Foods,Meridian,3.01,4.45,SUP261,56,460,123.0,False,2025-04-14,Active,270.88,66,C,0,0,0
P02603,CLO-02603-6283,Vaultis Max Performance Tank,Clothing,Activewear,Vaultis,27.98,46.99,SUP034,54,194,,True,2025-06-23,Seasonal,1729.87,39,C,0,1,1
P02604,HOM-02604-4321,Brightline Elite Coffee Maker,Home & Kitchen,Small Appliances,Brightline,18.82,26.99,SUP008,23,120,,False,2024-08-11,Active,479.65,18,C,0,1,0
P02605,SPO-02605-4991,BlueStone Everyday Plus Massage Roller,Sports,Yoga & Wellness,BlueStone,18.51,32.99,SUP052,60,118,,False,2025-12-27,Active,9539.06,312,A,1,0,0
P02606,TOY-02606-1428,Driftwood Essential Kickball Set,Toys,Outdoor Play,Driftwood,5.47,13.99,SUP079,21,386,,False,2024-03-08,Active,695.13,56,C,0,0,0
P02607,GRO-02607-8628,Trailhaven Classic Granola Bites,Grocery,Snacks,Trailhaven,5.44,8.99,SUP171,62,273,374.0,False,2026-06-18,Active,993.65,120,C,0,0,1
P02608,PER-02608-4022,Kestrel Ultra Shaving Cream,Personal Care,Shaving & Grooming,Kestrel,2.83,5.99,SUP254,53,463,403.0,False,2025-01-11,Active,224.49,41,C,0,1,0
P02609,ELE-02609-2867,Silverpine Lite Phone Case,Electronics,Mobile Accessories,Silverpine,8.73,12.99,SUP206,18,251,,False,2026-01-26,Active,6708.55,562,B,1,0,0
P02610,HOM-02610-1399,Fernwood Signature Pillow 2-Pack,Home & Kitchen,Bedding & Linens,Fernwood,4.01,9.99,SUP298,31,494,,True,2024-02-23,Seasonal,961.07,102,C,0,0,0
P02611,BOO-02611-9156,Timbercrest Ultra Comic Anthology,Books,Comics & Graphic Novels,Timbercrest,1.86,3.99,SUP001,11,384,,False,2025-09-02,Active,72.76,20,C,0,1,0
P02612,SPO-02612-7506,BlueStone X200 Yoga Mat,Sports,Fitness Equipment,BlueStone,7.92,14.99,SUP042,16,330,,False,2026-06-12,Active,7999.41,575,A,1,0,0
P02613,GRO-02613-6367,Palisade Everyday Plus Sports Drink Case,Grocery,Beverages,Palisade,3.59,5.12,SUP022,67,445,459.0,False,2026-05-25,Active,116.19,24,C,0,1,0
P02614,CLO-02614-5825,NorthPoint Lite Toddler Joggers,Clothing,Kids' Apparel,NorthPoint,14.81,30.99,SUP188,22,208,,False,2025-02-12,Active,4186.03,142,B,0,0,0
P02615,GRO-02615-9502,Halcyon Ultra Olive Oil,Grocery,Pantry Staples,Halcyon,2.01,3.99,SUP115,46,727,545.0,True,2024-12-07,Seasonal,2286.01,620,B,1,0,0
P02616,CLO-02616-7443,Trailhaven Pro Sandals,Clothing,Footwear,Trailhaven,10.99,20.99,SUP079,22,272,,False,2026-03-15,Discontinued,77.87,4,C,0,1,0
P02617,SPO-02617-9418,Vertex Signature Sleeping Bag,Sports,Outdoor Recreation,Vertex,14.44,27.99,SUP079,18,240,,False,2025-08-04,Active,2468.55,94,B,0,0,0
P02618,PER-02618-5519,Vanture Max Body Wipes,Personal Care,Personal Hygiene,Vanture,2.57,4.99,SUP270,24,446,97.0,False,2026-05-18,Active,336.95,72,C,0,0,0
P02619,BEA-02619-1752,Quinley X200 Fragrance Gift Set,Beauty,Fragrances,Quinley,3.68,6.99,SUP019,13,576,460.0,False,2024-08-01,Active,995.29,153,C,0,0,0
P02620,BOO-02620-3319,BlueStone Classic Graphic Novel Vol. 1,Books,Comics & Graphic Novels,BlueStone,6.63,12.99,SUP079,22,352,,False,2025-02-13,Active,934.54,76,C,0,0,0
P02621,CLO-02621-4010,Vertex Everyday Blouse,Clothing,Women's Apparel,Vertex,4.99,12.99,SUP149,63,362,,False,2024-10-12,Active,4632.88,383,B,1,0,0
P02622,GRO-02622-9113,Meridian Max Sparkling Water Case,Grocery,Beverages,Meridian,1.5,2.99,SUP115,40,726,220.0,False,2025-01-18,Active,138.42,50,C,0,0,0
P02623,GRO-02623-6896,Silverpine Premium Sparkling Water Case,Grocery,Beverages,Silverpine,14.57,20.99,SUP195,59,162,334.0,False,2026-03-07,Active,7847.69,402,B,1,0,1
P02624,PER-02624-2639,Cedarwood Lite Omega-3 Softgels,Personal Care,Vitamins & Supplements,Cedarwood,11.73,23.99,SUP171,45,292,61.0,False,2026-03-25,Active,17139.32,786,A,1,0,1
P02625,HOM-02625-2160,Novara Compact Storage Bin Set,Home & Kitchen,Storage & Organization,Novara,14.45,29.99,SUP241,24,169,,False,2025-06-26,Active,2871.92,102,B,0,0,0
P02626,TOY-02626-5056,Novara Max STEM Building Kit,Toys,Educational Toys,Novara,8.13,18.99,SUP255,23,306,,False,2024-02-01,Discontinued,74.45,4,C,0,1,0
P02627,HOM-02627-5921,Copperfield Max Coffee Maker,Home & Kitchen,Small Appliances,Copperfield,30.46,62.99,SUP115,35,190,,False,2025-02-06,Active,4298.73,72,B,0,0,0
P02628,TOY-02628-4795,Vanture Deluxe Counting Puzzle,Toys,Educational Toys,Vanture,4.2,8.99,SUP259,19,430,,False,2025-03-20,Active,902.52,109,C,0,0,0
P02629,HOM-02629-4072,BlueStone Signature Table Lamp,Home & Kitchen,Home Decor,BlueStone,8.0,15.99,SUP171,55,174,,False,2025-10-12,Active,20861.22,1399,A,1,0,0
P02630,PER-02630-6537,Willowbrook Premium Multivitamin Bottle,Personal Care,Vitamins & Supplements,Willowbrook,3.42,6.99,SUP258,42,646,414.0,False,2024-09-01,Active,650.55,100,C,0,0,0
P02631,SPO-02631-9993,Trailhaven Lite Foam Roller,Sports,Fitness Equipment,Trailhaven,113.8,197.99,SUP134,26,71,,False,2025-06-11,Active,66353.01,359,A,1,0,1
P02632,ELE-02632-9217,Vertex Lite Soundbar,Electronics,Headphones & Audio,Vertex,31.45,59.99,SUP008,20,99,,False,2025-11-17,Active,6498.2,117,B,0,0,0
P02633,SPO-02633-2803,Comet Series 2 Foam Roller,Sports,Fitness Equipment,Comet,8.45,13.99,SUP183,21,279,,False,2025-06-03,Active,2253.21,175,B,0,0,0
P02634,BOO-02634-7916,Trailhaven Essential Language Learning Workbook,Books,Educational & Reference,Trailhaven,4.06,5.99,SUP289,34,372,,False,2026-02-02,Active,391.17,72,C,0,0,0
P02635,GRO-02635-1995,Solstice Pro Hot Sauce Set,Grocery,Condiments & Sauces,Solstice,3.82,5.99,SUP274,18,404,467.0,False,2024-08-18,Active,375.37,68,C,0,0,0
P02636,GRO-02636-1708,Foundry Everyday Pancake Mix,Grocery,Breakfast Foods,Foundry,1.5,2.99,SUP030,7,715,231.0,False,2025-07-19,Active,1152.19,418,C,1,0,0
P02637,SPO-02637-5099,Solstice Elite Sleeping Bag,Sports,Outdoor Recreation,Solstice,26.37,52.99,SUP145,35,192,,False,2025-02-19,Discontinued,288.59,6,C,0,1,0
P02638,TOY-02638-3499,Sunneva Deluxe Collectible Figure 3-Pack,Toys,Action Figures & Playsets,Sunneva,2.57,4.99,SUP261,49,419,,False,2025-01-06,Active,2502.22,540,B,1,0,0
P02639,GRO-02639-3194,Copperfield Deluxe Popcorn Variety Pack,Grocery,Snacks,Copperfield,4.33,5.99,SUP115,46,460,279.0,False,2025-01-21,Active,3914.01,698,B,1,0,0
P02640,AUT-02640-6579,Palisade Everyday Plus Wheel Cleaner,Automotive,Tire & Wheel Care,Palisade,8.89,12.99,SUP153,40,324,,False,2025-05-21,Active,585.86,49,C,0,0,0
P02641,GRO-02641-8279,Ridgeline Deluxe Pasta Sauce Jar,Grocery,Condiments & Sauces,Ridgeline,5.36,7.99,SUP297,45,508,184.0,False,2025-04-12,Active,3235.58,439,B,1,0,1
P02642,ELE-02642-5860,Meridian Premium Laptop Stand,Electronics,Laptop Accessories,Meridian,40.13,79.99,SUP143,52,100,,False,2025-06-07,Active,22940.9,309,A,1,0,0
P02643,BOO-02643-1156,Comet Advanced Picture Book,Books,Children's Books,Comet,6.23,8.99,SUP042,15,246,,False,2026-05-25,Active,2640.97,315,B,1,0,0
P02644,ELE-02644-9979,Halcyon Max Soundbar,Electronics,Headphones & Audio,Halcyon,14.1,21.99,SUP012,30,290,,False,2025-08-02,Active,1514.3,73,C,0,0,0
P02645,GRO-02645-6869,Timbercrest Lite Rice 5lb Bag,Grocery,Pantry Staples,Timbercrest,2.48,4.99,SUP131,21,762,470.0,False,2025-05-13,Active,337.2,73,C,0,0,0
P02646,CLO-02646-4904,ClearPath Ultra High-Waist Jeans,Clothing,Women's Apparel,ClearPath,4.35,11.99,SUP152,11,500,,False,2026-04-21,Active,1055.07,93,C,0,0,0
P02647,GRO-02647-4667,Glacier Ultra Granola Bites,Grocery,Snacks,Glacier,2.49,3.99,SUP274,18,496,517.0,False,2024-08-04,Active,6682.23,1804,B,1,0,0
P02648,HOM-02648-8089,Foundry Everyday Plus Comforter,Home & Kitchen,Bedding & Linens,Foundry,20.75,47.99,SUP236,2,240,,False,2024-08-15,Active,3338.63,76,B,0,0,0
P02649,SPO-02649-9383,Ashford Lite Yoga Block Set,Sports,Yoga & Wellness,Ashford,12.35,24.99,SUP018,50,244,,False,2024-04-16,Active,1685.71,72,C,0,0,0
P02650,CLO-02650-1596,Aurelia Ultra High-Waist Jeans,Clothing,Women's Apparel,Aurelia,12.27,33.99,SUP245,14,173,,False,2024-07-02,Active,379.76,12,C,0,1,0
P02651,AUT-02651-9222,Silverpine X200 Car Cover,Automotive,Exterior Accessories,Silverpine,8.95,13.99,SUP019,17,347,,False,2024-03-12,Active,440.16,35,C,0,1,0
P02652,BOO-02652-4922,Everline Classic Fantasy Trilogy Box Set,Books,Fiction,Everline,4.63,6.99,SUP008,22,384,,False,2024-06-22,Active,346.31,55,C,0,0,0
P02653,CLO-02653-8205,Ostrom Everyday Plus Running Shoes,Clothing,Footwear,Ostrom,16.87,29.99,SUP159,15,119,,False,2025-08-21,Active,3452.24,122,B,0,0,0
P02654,GRO-02654-1373,Solstice Deluxe Salad Dressing Set,Grocery,Condiments & Sauces,Solstice,3.63,5.99,SUP158,21,552,340.0,False,2025-09-27,Active,62.71,11,C,0,1,0
P02655,TOY-02655-4866,Amberfield Advanced Model Kit,Toys,Building Sets,Amberfield,4.56,10.99,SUP080,5,500,,False,2025-08-13,Active,586.01,58,C,0,0,0
P02656,HOM-02656-6133,ClearPath Pro Table Lamp,Home & Kitchen,Home Decor,ClearPath,25.67,39.99,SUP131,19,198,,True,2026-04-05,Seasonal,167.5,5,C,0,1,0
P02657,HOM-02657-4836,ClearPath Lite Shelving Unit,Home & Kitchen,Storage & Organization,ClearPath,44.45,97.99,SUP274,16,80,,False,2026-02-21,Active,52924.76,581,A,1,0,1
P02658,AUT-02658-1549,UrbanNest Everyday Plus Jump Starter,Automotive,Tools & Equipment,UrbanNest,23.2,48.99,SUP192,59,138,,False,2024-10-25,Active,3352.05,73,B,0,0,0
P02659,TOY-02659-1191,Halcyon Compact Brick Building Set,Toys,Building Sets,Halcyon,10.37,15.99,SUP087,8,313,,False,2024-06-22,Active,2835.93,193,B,0,0,0
P02660,BOO-02660-8851,Copperfield Max Comic Anthology,Books,Comics & Graphic Novels,Copperfield,3.36,5.99,SUP274,19,570,,False,2025-01-18,Active,189.8,34,C,0,1,0
P02661,ELE-02661-9347,Glacier Compact Soundbar,Electronics,Headphones & Audio,Glacier,44.69,90.99,SUP032,54,149,,False,2026-04-25,Active,34375.64,413,A,1,0,0
P02662,ELE-02662-7320,Meridian Signature Video Doorbell,Electronics,Smart Home Devices,Meridian,46.52,92.99,SUP035,31,114,,False,2026-06-01,Active,58142.66,679,A,1,0,0
P02663,CLO-02663-9794,Rockridge Elite Kids Rain Jacket,Clothing,Kids' Apparel,Rockridge,11.67,25.99,SUP055,12,197,,False,2024-07-05,Active,2499.78,101,B,0,0,0
P02664,TOY-02664-9189,Halcyon Series 2 Sidewalk Chalk Set,Toys,Outdoor Play,Halcyon,10.38,21.99,SUP055,12,231,,False,2024-05-12,Active,246.89,12,C,0,1,0
P02665,CLO-02665-2897,Foundry Advanced Wrap Dress,Clothing,Women's Apparel,Foundry,35.95,56.99,SUP019,16,104,,False,2025-11-03,Active,5044.96,96,B,0,0,1
P02666,ELE-02666-6052,Quinley Everyday Plus Video Doorbell,Electronics,Smart Home Devices,Quinley,23.75,40.99,SUP079,21,178,,True,2026-03-13,Seasonal,11414.64,298,A,1,0,0
P02667,HOM-02667-5255,Brightline Pro Throw Pillow Set,Home & Kitchen,Home Decor,Brightline,71.53,157.99,SUP159,12,86,,False,2026-05-16,Active,24463.83,170,A,0,0,1
P02668,BOO-02668-9295,BlueStone Elite Fantasy Trilogy Box Set,Books,Fiction,BlueStone,4.8,6.99,SUP052,60,404,,False,2026-05-24,Active,1468.53,224,C,0,0,0
P02669,SPO-02669-6205,UrbanNest Everyday Plus Foam Roller,Sports,Fitness Equipment,UrbanNest,2.77,4.99,SUP022,64,594,,False,2024-09-14,Active,3564.92,766,B,1,0,0
P02670,ELE-02670-2167,Meridian Max Phone Case,Electronics,Mobile Accessories,Meridian,228.18,321.99,SUP179,19,35,,False,2025-12-30,Active,2718.6,10,B,0,1,1
P02671,ELE-02671-5857,Ostrom Lite Smartwatch Band,Electronics,Wearable Tech,Ostrom,53.88,85.99,SUP115,44,135,,True,2025-09-06,Seasonal,28098.47,355,A,1,0,0
P02672,GRO-02672-5577,Lumino Essential Coffee Pods Box,Grocery,Beverages,Lumino,7.11,10.99,SUP180,20,188,387.0,True,2024-11-02,Seasonal,267.16,26,C,0,1,1
P02673,ELE-02673-5316,Ironclad Compact Screen Protector 2-Pack,Electronics,Mobile Accessories,Ironclad,101.05,150.99,SUP058,11,56,,False,2024-01-15,Active,0.0,0,C,0,1,1
P02674,CLO-02674-4222,Quinley Classic Training Jacket,Clothing,Activewear,Quinley,5.98,10.99,SUP218,46,230,,False,2025-08-19,Active,578.48,55,C,0,0,0
P02675,ELE-02675-6456,Novara Advanced Screen Protector 2-Pack,Electronics,Mobile Accessories,Novara,9.87,21.99,SUP290,29,238,,True,2024-11-25,Seasonal,838.23,42,C,0,0,0
P02676,BOO-02676-4545,Crestmark Lite Mystery Novel,Books,Fiction,Crestmark,4.06,5.99,SUP064,12,579,,True,2024-09-22,Seasonal,1008.46,177,C,0,0,0
P02677,TOY-02677-8103,Pinnacle Advanced Family Board Game,Toys,Board Games & Puzzles,Pinnacle,20.61,46.99,SUP174,26,220,,False,2024-01-09,Active,8083.59,189,A,0,0,1
P02678,PER-02678-3981,Vanture Signature Water Flosser,Personal Care,Oral Care,Vanture,3.77,7.99,SUP219,18,434,315.0,False,2024-04-20,Active,1100.67,149,C,0,0,0
P02679,PER-02679-4727,Ostrom Everyday Plus Water Flosser,Personal Care,Oral Care,Ostrom,5.5,8.99,SUP159,13,325,330.0,True,2024-06-22,Seasonal,14325.13,1728,A,1,0,0
P02680,GRO-02680-2039,Vaultis Ultra Herbal Tea Sampler,Grocery,Beverages,Vaultis,3.88,6.99,SUP075,25,260,430.0,False,2024-04-07,Active,266.52,41,C,0,1,0
P02681,ELE-02681-1670,Aurelia Advanced Laptop Stand,Electronics,Laptop Accessories,Aurelia,9.79,20.99,SUP052,51,256,,False,2026-05-16,Active,256.85,13,C,0,1,0
P02682,GRO-02682-4644,Foundry Essential Popcorn Variety Pack,Grocery,Snacks,Foundry,8.21,11.99,SUP176,41,225,96.0,False,2024-01-09,Active,1318.0,122,C,0,0,1
P02683,SPO-02683-3481,Ostrom Ultra Bike Helmet,Sports,Cycling,Ostrom,29.23,53.99,SUP141,22,81,,True,2024-12-20,Seasonal,2072.64,43,B,0,0,0
P02684,ELE-02684-7479,Pinnacle Series 2 Action Camera,Electronics,Cameras & Accessories,Pinnacle,55.37,78.99,SUP253,59,129,,False,2026-06-11,Discontinued,340.9,5,C,0,1,0
P02685,GRO-02685-2075,Lumino Everyday Salad Dressing Set,Grocery,Condiments & Sauces,Lumino,6.84,11.99,SUP022,52,375,140.0,False,2024-04-17,Active,602.76,55,C,0,0,1
P02686,GRO-02686-3101,Quinley Premium Sports Drink Case,Grocery,Beverages,Quinley,3.24,4.99,SUP011,38,653,475.0,False,2025-08-20,Active,161.5,35,C,0,1,0
P02687,HOM-02687-6435,Crestmark Premium Coffee Maker,Home & Kitchen,Small Appliances,Crestmark,13.43,19.99,SUP102,18,211,,False,2024-08-16,Active,564.32,32,C,0,1,0
P02688,SPO-02688-1301,Silverpine Essential Camp Chair,Sports,Outdoor Recreation,Silverpine,11.33,16.99,SUP138,17,238,,True,2024-10-19,Seasonal,14931.82,944,A,1,0,0
P02689,SPO-02689-5581,Meridian Deluxe Soccer Ball,Sports,Team Sports Gear,Meridian,23.84,43.99,SUP175,43,167,,True,2025-02-09,Seasonal,4060.75,97,B,0,0,0
P02690,CLO-02690-6860,Foundry Everyday Plus Kids Rain Jacket,Clothing,Kids' Apparel,Foundry,11.41,26.99,SUP026,35,315,,True,2025-06-12,Seasonal,1355.62,54,C,0,0,0
P02691,PER-02691-2348,Foundry Compact Shaving Cream,Personal Care,Shaving & Grooming,Foundry,2.6,4.99,SUP165,9,401,466.0,True,2025-11-24,Seasonal,5224.26,1124,B,1,0,0
P02692,ELE-02692-2603,Cedarwood Lite Smart Bulb Kit,Electronics,Smart Home Devices,Cedarwood,194.29,347.99,SUP245,16,31,,False,2025-07-18,Discontinued,1983.07,6,C,0,1,1
P02693,HOM-02693-4057,Timbercrest Pro Cast Iron Skillet,Home & Kitchen,Cookware,Timbercrest,21.05,32.99,SUP274,16,193,,False,2024-01-19,Active,682.71,22,C,0,1,0
P02694,BEA-02694-1538,Foundry Essential Facial Moisturizer,Beauty,Skincare,Foundry,24.95,44.99,SUP270,22,156,202.0,False,2024-06-15,Discontinued,0.0,0,C,0,1,1
P02695,SPO-02695-9215,Quinley Deluxe Massage Roller,Sports,Yoga & Wellness,Quinley,42.15,89.99,SUP154,11,125,,True,2025-07-26,Seasonal,4054.71,48,B,0,0,1
P02696,BOO-02696-6947,NorthPoint Advanced Atlas,Books,Educational & Reference,NorthPoint,5.69,10.99,SUP270,25,464,,False,2024-09-20,Active,20.39,2,C,0,1,0
P02697,ELE-02697-8843,Pinnacle Everyday Plus Sleep Tracker Ring,Electronics,Wearable Tech,Pinnacle,14.75,23.99,SUP159,11,278,,False,2024-02-24,Active,851.62,38,C,0,1,0
P02698,PER-02698-4233,Foundry Lite Pulse Oximeter,Personal Care,Health Monitoring,Foundry,6.88,10.99,SUP019,15,281,526.0,False,2025-05-14,Active,536.35,52,C,0,0,0
P02699,GRO-02699-6280,Copperfield X200 Pasta Variety Pack,Grocery,Pantry Staples,Copperfield,1.55,2.99,SUP290,36,827,161.0,False,2024-10-16,Active,1586.83,569,C,1,0,0
P02700,GRO-02700-4990,Comet Compact Sports Drink Case,Grocery,Beverages,Comet,3.24,4.99,SUP003,8,471,414.0,False,2026-02-04,Active,2583.15,550,B,1,0,0
P02701,BOO-02701-1153,Cedarwood Signature Mystery Novel,Books,Fiction,Cedarwood,3.32,4.99,SUP073,24,491,,True,2026-03-22,Seasonal,1753.65,373,C,1,0,0
P02702,PER-02702-4629,Willowbrook Everyday Water Flosser,Personal Care,Oral Care,Willowbrook,1.52,3.99,SUP012,28,913,366.0,False,2024-04-28,Active,504.24,136,C,0,0,0
P02703,SPO-02703-8099,BlueStone Everyday Plus Yoga Towel,Sports,Yoga & Wellness,BlueStone,22.18,42.99,SUP159,15,134,,False,2025-12-09,Active,1707.7,43,C,0,0,0
P02704,PER-02704-2012,Novara Lite Omega-3 Softgels,Personal Care,Vitamins & Supplements,Novara,2.7,4.99,SUP159,14,341,88.0,False,2026-02-21,Active,1262.85,276,C,1,0,0
P02705,HOM-02705-1465,Foundry Pro Drawer Dividers,Home & Kitchen,Storage & Organization,Foundry,21.59,42.99,SUP174,27,193,,False,2025-08-07,Active,41455.19,1049,A,1,0,0
P02706,BOO-02706-1267,Timbercrest Series 2 Short Story Collection,Books,Fiction,Timbercrest,2.99,4.99,SUP028,57,413,,False,2025-07-09,Active,470.96,102,C,0,0,0
P02707,AUT-02707-9237,Comet Premium Bluetooth Car Adapter,Automotive,Car Electronics,Comet,9.06,15.99,SUP008,19,223,,False,2025-02-27,Active,852.68,56,C,0,0,0
P02708,CLO-02708-5338,Ostrom Pro Slim Fit Shirt,Clothing,Men's Apparel,Ostrom,2.8,5.99,SUP067,13,349,,True,2025-03-22,Seasonal,878.36,161,C,0,0,0
P02709,BEA-02709-6241,Foundry Everyday Plus Body Wash,Beauty,Bath & Body,Foundry,11.94,28.99,SUP012,27,321,137.0,True,2024-03-13,Seasonal,1628.65,63,C,0,0,0
P02710,PER-02710-6747,Solstice Ultra Multivitamin Bottle,Personal Care,Vitamins & Supplements,Solstice,6.17,13.99,SUP012,26,428,485.0,False,2024-05-11,Active,2536.34,194,B,0,0,0
P02711,HOM-02711-3289,Amberfield Lite Sheet Set,Home & Kitchen,Bedding & Linens,Amberfield,30.55,45.99,SUP065,11,166,,True,2025-09-15,Seasonal,1065.55,25,C,0,1,0
P02712,BEA-02712-6093,NorthPoint Lite Body Mist,Beauty,Fragrances,NorthPoint,9.24,20.99,SUP299,10,277,264.0,False,2025-05-16,Active,2491.2,128,B,0,0,0
P02713,AUT-02713-1857,Brightline Classic Roof Rack,Automotive,Exterior Accessories,Brightline,17.79,35.99,SUP241,20,111,,False,2024-06-07,Active,6148.14,189,B,0,0,0
P02714,PER-02714-3113,Trailhaven Advanced Pulse Oximeter,Personal Care,Health Monitoring,Trailhaven,2.6,3.99,SUP099,19,752,488.0,False,2024-11-18,Active,780.04,207,C,0,0,0
P02715,PER-02715-7631,Fernwood Series 2 Body Wipes,Personal Care,Personal Hygiene,Fernwood,11.93,24.99,SUP102,17,171,421.0,False,2025-08-12,Active,280.62,12,C,0,1,1
P02716,AUT-02716-8326,Ashford Advanced Car Charger,Automotive,Car Electronics,Ashford,10.57,14.99,SUP274,16,293,,True,2024-06-21,Seasonal,1143.09,83,C,0,0,0
P02717,ELE-02717-2197,Willowbrook X200 Wireless Mouse,Electronics,Laptop Accessories,Willowbrook,41.64,57.99,SUP187,34,121,,False,2024-07-11,Active,3269.41,61,B,0,0,0
P02718,PER-02718-3324,Norwell Advanced Smart Scale,Personal Care,Health Monitoring,Norwell,5.63,10.99,SUP252,19,285,369.0,True,2026-03-13,Seasonal,864.77,86,C,0,0,0
P02719,BEA-02719-5191,Everline Premium Eau de Parfum,Beauty,Fragrances,Everline,20.4,50.99,SUP258,37,166,529.0,False,2025-02-21,Active,2412.08,49,B,0,0,1
P02720,SPO-02720-6647,Novara Premium Meditation Cushion,Sports,Yoga & Wellness,Novara,24.02,53.99,SUP034,43,168,,False,2025-02-24,Active,20601.63,409,A,1,0,0
P02721,BEA-02721-1193,Norwell Pro Foundation,Beauty,Makeup,Norwell,12.67,20.99,SUP008,21,263,465.0,False,2024-03-07,Active,2234.59,112,B,0,0,1
P02722,TOY-02722-6676,Harborlight Signature 1000-Piece Puzzle,Toys,Board Games & Puzzles,Harborlight,51.96,121.99,SUP068,30,125,,False,2024-03-13,Discontinued,0.0,0,C,0,1,1
P02723,CLO-02723-9219,Aurelia Everyday Training Jacket,Clothing,Activewear,Aurelia,11.68,28.99,SUP171,62,141,,False,2025-08-15,Discontinued,0.0,0,C,0,1,0
P02724,AUT-02724-8786,ClearPath Premium Tire Inflator,Automotive,Tire & Wheel Care,ClearPath,14.01,28.99,SUP274,21,280,,False,2024-10-02,Active,13198.49,490,A,1,0,0
P02725,HOM-02725-7951,Vaultis X200 Wall Art Set,Home & Kitchen,Home Decor,Vaultis,27.94,46.99,SUP078,23,172,,True,2024-09-12,Seasonal,2105.6,48,B,0,0,0
P02726,HOM-02726-6523,Aurelia Elite Table Lamp,Home & Kitchen,Home Decor,Aurelia,56.83,102.99,SUP258,41,122,,False,2024-06-14,Active,5289.54,55,B,0,0,1
P02727,BEA-02727-2422,Pinnacle Deluxe Hair Mask,Beauty,Haircare,Pinnacle,7.15,18.99,SUP188,26,267,355.0,False,2025-11-18,Active,8349.6,474,A,1,0,0
P02728,ELE-02728-6330,Vaultis Compact Wireless Mouse,Electronics,Laptop Accessories,Vaultis,12.04,19.99,SUP180,18,269,,False,2026-05-06,Active,2693.54,149,B,0,0,0
P02729,SPO-02729-6747,Copperfield Lite Soccer Ball,Sports,Team Sports Gear,Copperfield,8.69,17.99,SUP209,22,302,,False,2024-08-25,Active,527.24,31,C,0,1,0
P02730,GRO-02730-3053,Glacier Series 2 Pasta Sauce Jar,Grocery,Condiments & Sauces,Glacier,4.9,7.99,SUP152,10,326,200.0,False,2024-08-09,Discontinued,8.14,1,C,0,1,0
P02731,CLO-02731-5297,Solstice Essential Crew Neck Tee 3-Pack,Clothing,Men's Apparel,Solstice,30.02,77.99,SUP192,66,100,,False,2025-12-12,Active,8186.1,113,A,0,0,1
P02732,ELE-02732-5631,Meridian Ultra Bluetooth Speaker,Electronics,Headphones & Audio,Meridian,19.17,27.99,SUP236,2,191,,True,2025-04-06,Seasonal,54905.31,2107,A,1,0,0
P02733,HOM-02733-1780,UrbanNest Everyday Plus Wall Art Set,Home & Kitchen,Home Decor,UrbanNest,2.82,4.99,SUP168,8,631,,False,2025-12-25,Active,2844.94,612,B,1,0,0
P02734,BOO-02734-2531,Aurelia Signature Picture Book,Books,Children's Books,Aurelia,6.89,10.99,SUP012,26,272,,False,2025-11-10,Active,403.01,40,C,0,1,0
P02735,GRO-02735-5192,Ostrom Everyday Plus Breakfast Bar Box,Grocery,Breakfast Foods,Ostrom,3.79,5.35,SUP152,8,573,275.0,False,2025-12-26,Active,324.1,66,C,0,0,0
P02736,HOM-02736-8717,Rockridge X200 Drawer Dividers,Home & Kitchen,Storage & Organization,Rockridge,25.39,53.99,SUP171,55,201,,False,2024-05-24,Active,3507.78,70,B,0,0,0
P02737,HOM-02737-4336,Copperfield Everyday Plus Comforter,Home & Kitchen,Bedding & Linens,Copperfield,26.84,50.99,SUP261,49,182,,False,2025-05-03,Active,93.31,2,C,0,1,0
P02738,HOM-02738-8572,ClearPath Ultra Storage Bin Set,Home & Kitchen,Storage & Organization,ClearPath,15.06,30.99,SUP004,12,139,,False,2025-02-02,Active,4287.36,148,B,0,0,0
P02739,BOO-02739-3075,Ironclad Elite Mystery Novel,Books,Fiction,Ironclad,8.16,11.99,SUP012,28,289,,False,2026-03-01,Active,1919.13,172,C,0,0,1
P02740,HOM-02740-2796,Ironclad Premium Closet Organizer,Home & Kitchen,Storage & Organization,Ironclad,2.97,5.99,SUP102,18,704,,False,2025-08-18,Active,10399.18,1870,A,1,0,0
P02741,BEA-02741-9423,Vertex Series 2 Foundation,Beauty,Makeup,Vertex,3.73,10.99,SUP241,23,349,273.0,True,2025-11-10,Seasonal,5772.33,567,B,1,0,0
P02742,SPO-02742-5155,Amberfield Elite Foam Roller,Sports,Fitness Equipment,Amberfield,33.14,69.99,SUP143,45,80,,False,2026-03-15,Active,68115.07,1047,A,1,0,0
P02743,CLO-02743-3043,Copperfield Pro Chino Pants,Clothing,Men's Apparel,Copperfield,4.57,7.99,SUP077,21,399,,False,2025-09-21,Active,10171.84,1364,A,1,0,0
P02744,BOO-02744-7566,Amberfield X200 Popular Science Paperback,Books,Non-Fiction,Amberfield,6.43,8.99,SUP196,37,260,,False,2025-08-19,Active,5640.49,684,B,1,0,0
P02745,GRO-02745-6986,Foundry Everyday Plus Baking Mix,Grocery,Pantry Staples,Foundry,5.2,7.99,SUP150,40,441,194.0,True,2025-04-28,Seasonal,714.11,95,C,0,0,0
P02746,PER-02746-1915,Meridian Elite Deodorant 2-Pack,Personal Care,Personal Hygiene,Meridian,10.8,22.99,SUP160,15,337,244.0,False,2024-03-14,Active,3208.25,155,B,0,0,1
P02747,BEA-02747-9759,Solstice Signature Eau de Parfum,Beauty,Fragrances,Solstice,5.23,12.99,SUP115,37,343,62.0,False,2025-10-19,Discontinued,0.0,0,C,0,1,0
P02748,GRO-02748-2079,Rockridge Everyday Sports Drink Case,Grocery,Beverages,Rockridge,5.9,8.99,SUP211,24,429,499.0,False,2024-10-20,Active,889.88,111,C,0,0,1
P02749,PER-02749-1183,Kestrel Essential Probiotic Capsules,Personal Care,Vitamins & Supplements,Kestrel,6.79,12.99,SUP008,22,374,160.0,False,2024-04-22,Active,2317.31,193,B,0,0,0
P02750,SPO-02750-8619,Cedarwood Pro Yoga Block Set,Sports,Yoga & Wellness,Cedarwood,15.47,28.99,SUP003,7,230,,False,2024-11-16,Active,1869.19,69,C,0,0,0
P02751,BOO-02751-2257,BlueStone Lite Language Learning Workbook,Books,Educational & Reference,BlueStone,3.7,5.99,SUP193,34,264,,False,2024-11-12,Active,106.4,19,C,0,1,0
P02752,AUT-02752-5314,ClearPath Compact Floor Mat Set,Automotive,Interior Accessories,ClearPath,5.68,11.99,SUP008,17,416,,False,2024-12-20,Active,12701.88,1140,A,1,0,0
P02753,ELE-02753-7317,Silverpine Premium Camera Backpack,Electronics,Cameras & Accessories,Silverpine,43.55,67.99,SUP084,47,141,,True,2024-09-12,Seasonal,10140.0,165,A,0,0,0
P02754,AUT-02754-7585,Solstice Series 2 Steering Wheel Cover,Automotive,Interior Accessories,Solstice,42.28,77.99,SUP102,18,73,,False,2026-05-08,Active,49039.1,689,A,1,0,1
P02755,SPO-02755-5941,NorthPoint Everyday Plus Yoga Block Set,Sports,Yoga & Wellness,NorthPoint,3.32,5.99,SUP171,51,632,,True,2026-03-16,Seasonal,3118.35,561,B,1,0,0
P02756,GRO-02756-2529,Ridgeline Classic Cereal Box,Grocery,Breakfast Foods,Ridgeline,4.91,7.99,SUP225,62,366,332.0,False,2024-02-02,Active,3543.95,478,B,1,0,0
P02757,GRO-02757-8331,Harborlight X200 Olive Oil,Grocery,Pantry Staples,Harborlight,3.15,5.99,SUP247,6,594,451.0,True,2025-03-28,Seasonal,2819.75,510,B,1,0,0
P02758,ELE-02758-6988,UrbanNest Advanced Screen Protector 2-Pack,Electronics,Mobile Accessories,UrbanNest,23.49,38.99,SUP072,30,187,,False,2024-10-02,Active,2432.57,65,B,0,0,0
P02759,PER-02759-5310,Pinnacle Signature Whitening Kit,Personal Care,Oral Care,Pinnacle,5.43,10.99,SUP032,55,449,152.0,False,2026-02-13,Active,524.79,50,C,0,0,0
P02760,HOM-02760-6514,Fernwood Lite Pillow 2-Pack,Home & Kitchen,Bedding & Linens,Fernwood,17.31,31.99,SUP294,38,112,,False,2025-03-25,Active,2124.95,70,B,0,0,0
P02761,GRO-02761-9241,Ashford Premium Salad Dressing Set,Grocery,Condiments & Sauces,Ashford,4.88,8.99,SUP012,29,425,167.0,False,2025-08-01,Active,157.99,20,C,0,1,0
P02762,SPO-02762-7171,Palisade Deluxe Massage Roller,Sports,Yoga & Wellness,Palisade,36.71,81.99,SUP245,16,105,,False,2024-03-19,Active,58797.34,771,A,1,0,1
P02763,SPO-02763-2907,Harborlight Deluxe Shin Guards,Sports,Team Sports Gear,Harborlight,47.61,94.99,SUP008,22,97,,False,2025-10-12,Active,4912.78,56,B,0,0,1
P02764,HOM-02764-8645,Norwell Series 2 Area Rug,Home & Kitchen,Home Decor,Norwell,10.29,19.99,SUP144,24,173,,True,2025-03-16,Seasonal,3229.36,178,B,0,0,0
P02765,TOY-02765-5379,Vanture Advanced Magnetic Tile Set,Toys,Building Sets,Vanture,17.26,34.99,SUP176,51,201,,False,2026-03-09,Active,270.9,8,C,0,1,0
P02766,CLO-02766-9382,Halcyon Deluxe Running Leggings,Clothing,Activewear,Halcyon,18.76,51.99,SUP140,26,215,,True,2024-04-07,Seasonal,13207.46,275,A,1,0,1
P02767,AUT-02767-8730,Lumino Pro Socket Wrench Set,Automotive,Tools & Equipment,Lumino,59.35,85.99,SUP159,14,75,,False,2024-10-03,Active,4131.94,51,B,0,0,1
P02768,ELE-02768-9776,Vaultis Everyday Plus Tripod Kit,Electronics,Cameras & Accessories,Vaultis,11.3,19.99,SUP008,19,168,,False,2026-02-03,Active,16040.55,864,A,1,0,0
P02769,ELE-02769-2221,Fernwood Compact Laptop Sleeve,Electronics,Laptop Accessories,Fernwood,11.08,19.99,SUP030,7,335,,True,2024-08-01,Seasonal,1353.73,72,C,0,0,0
P02770,BOO-02770-9584,UrbanNest Advanced Short Story Collection,Books,Fiction,UrbanNest,3.55,5.99,SUP159,15,352,,False,2024-09-03,Active,4245.05,765,B,1,0,0
P02771,HOM-02771-6204,Cedarwood Advanced Electric Kettle,Home & Kitchen,Small Appliances,Cedarwood,69.57,159.99,SUP248,30,75,,True,2024-10-02,Seasonal,36504.21,241,A,0,0,1
P02772,CLO-02772-8362,Amberfield Lite Toddler Joggers,Clothing,Kids' Apparel,Amberfield,29.39,45.99,SUP159,15,187,,False,2025-04-21,Active,1057.94,25,C,0,1,1
P02773,ELE-02773-4665,ClearPath Premium Phone Case,Electronics,Mobile Accessories,ClearPath,6.7,12.99,SUP149,56,296,,False,2024-02-19,Active,13868.51,1162,A,1,0,0
P02774,TOY-02774-7102,Vaultis Ultra Kickball Set,Toys,Outdoor Play,Vaultis,8.67,20.99,SUP294,34,236,,False,2025-07-17,Active,9516.21,484,A,1,0,0
P02775,AUT-02775-6302,Meridian Essential Tire Shine Kit,Automotive,Tire & Wheel Care,Meridian,18.35,36.99,SUP109,32,115,,False,2026-01-08,Active,5652.23,166,B,0,0,0
P02776,AUT-02776-3283,Fernwood Essential Steering Wheel Cover,Automotive,Interior Accessories,Fernwood,19.44,39.99,SUP106,12,221,,True,2024-10-05,Discontinued,125.07,3,C,0,1,0
P02777,PER-02777-2371,Ostrom Everyday Plus Beard Trimmer,Personal Care,Shaving & Grooming,Ostrom,3.01,5.99,SUP019,13,594,83.0,False,2024-06-05,Active,1614.47,297,C,1,0,0
P02778,PER-02778-8235,Aurelia Premium Pulse Oximeter,Personal Care,Health Monitoring,Aurelia,9.56,15.99,SUP231,16,211,86.0,True,2024-11-16,Seasonal,1753.68,123,C,0,0,1
P02779,BEA-02779-6209,Halcyon Elite Body Lotion,Beauty,Bath & Body,Halcyon,17.17,47.99,SUP019,16,207,176.0,False,2025-08-11,Active,2932.77,66,B,0,0,1
P02780,BEA-02780-7979,Quinley Everyday Plus Bath Bomb Set,Beauty,Bath & Body,Quinley,11.91,25.99,SUP028,50,144,115.0,True,2025-04-10,Seasonal,2590.18,106,B,0,0,0
P02781,AUT-02781-6272,Driftwood Series 2 Tool Kit,Automotive,Tools & Equipment,Driftwood,35.38,53.99,SUP017,12,98,,True,2025-07-04,Seasonal,3870.93,76,B,0,0,1
P02782,PER-02782-2673,Amberfield Ultra Omega-3 Softgels,Personal Care,Vitamins & Supplements,Amberfield,7.13,15.99,SUP043,17,390,343.0,True,2026-01-04,Seasonal,411.1,28,C,0,1,0
P02783,PER-02783-6282,Crestmark Everyday Plus Digital Thermometer,Personal Care,Health Monitoring,Crestmark,19.12,36.99,SUP116,11,247,225.0,False,2026-05-14,Active,211.79,6,C,0,1,1
P02784,TOY-02784-1017,BlueStone Pro Backyard Game Set,Toys,Outdoor Play,BlueStone,42.11,67.99,SUP012,33,143,,False,2025-02-16,Active,391.48,6,C,0,1,1
P02785,HOM-02785-2604,Palisade Premium Pillow 2-Pack,Home & Kitchen,Bedding & Linens,Palisade,24.54,44.99,SUP115,45,185,,False,2025-11-24,Active,6323.53,149,B,0,0,0
P02786,PER-02786-6217,NorthPoint Series 2 Beard Trimmer,Personal Care,Shaving & Grooming,NorthPoint,9.0,14.99,SUP143,45,309,515.0,False,2025-03-23,Discontinued,0.0,0,C,0,1,1
P02787,PER-02787-4509,Lumino Classic Toothbrush 4-Pack,Personal Care,Oral Care,Lumino,4.31,7.99,SUP024,12,257,91.0,False,2024-05-06,Active,1768.51,237,C,0,0,0
P02788,SPO-02788-8044,Aurelia Everyday Camping Tent,Sports,Outdoor Recreation,Aurelia,64.0,141.99,SUP016,28,96,,False,2025-06-27,Active,17545.63,130,A,0,0,1
P02789,AUT-02789-5085,Crestmark Classic Tire Pressure Gauge,Automotive,Tools & Equipment,Crestmark,20.12,41.99,SUP080,5,200,,False,2026-05-19,Active,1993.37,51,C,0,0,0
P02790,CLO-02790-7116,Harborlight Premium High-Waist Jeans,Clothing,Women's Apparel,Harborlight,5.95,16.99,SUP179,18,416,,False,2025-01-22,Active,5325.63,338,B,1,0,0
P02791,PER-02791-6911,Vertex Ultra Pulse Oximeter,Personal Care,Health Monitoring,Vertex,6.51,11.99,SUP171,56,382,236.0,False,2025-05-07,Active,687.7,61,C,0,0,0
P02792,ELE-02792-1523,Pinnacle Premium Soundbar,Electronics,Headphones & Audio,Pinnacle,56.2,93.99,SUP028,47,84,,True,2025-10-24,Seasonal,15932.62,180,A,0,0,0
P02793,AUT-02793-9541,Vaultis Pro Car Cover,Automotive,Exterior Accessories,Vaultis,95.26,191.99,SUP022,62,79,,False,2026-01-26,Active,197.48,1,C,0,1,1
P02794,ELE-02794-4744,Everline Premium GPS Running Watch,Electronics,Wearable Tech,Everline,62.67,111.99,SUP042,17,118,,False,2024-01-05,Active,916.07,8,C,0,1,0
P02795,GRO-02795-1738,Crestmark X200 Cereal Box,Grocery,Breakfast Foods,Crestmark,12.55,16.99,SUP261,49,224,325.0,False,2024-02-21,Active,684.13,46,C,0,0,1
P02796,HOM-02796-7007,Ostrom Pro Weighted Blanket,Home & Kitchen,Bedding & Linens,Ostrom,9.62,19.99,SUP274,18,241,,False,2025-03-16,Active,3320.26,181,B,0,0,0
P02797,CLO-02797-9534,Foundry Signature Chino Pants,Clothing,Men's Apparel,Foundry,14.16,32.99,SUP154,13,137,,True,2024-04-12,Seasonal,9683.22,311,A,1,0,0
P02798,HOM-02798-8702,Amberfield Essential Area Rug,Home & Kitchen,Home Decor,Amberfield,3.52,7.99,SUP270,23,472,,False,2026-04-21,Active,608.52,81,C,0,0,0
P02799,PER-02799-8727,Ironclad Classic Razor Set,Personal Care,Shaving & Grooming,Ironclad,7.05,14.99,SUP028,53,365,66.0,False,2025-10-04,Active,2457.49,175,B,0,0,0
P02800,CLO-02800-2764,Pinnacle Pro School Uniform Set,Clothing,Kids' Apparel,Pinnacle,32.61,50.99,SUP183,20,117,,False,2025-07-15,Active,9461.22,198,A,0,0,1
P02801,AUT-02801-4499,Driftwood Pro Wheel Cover Set,Automotive,Tire & Wheel Care,Driftwood,6.14,9.99,SUP178,48,406,,False,2025-06-16,Active,1077.29,116,C,0,0,0
P02802,GRO-02802-5702,Comet Compact Trail Mix,Grocery,Snacks,Comet,1.62,2.99,SUP121,12,989,224.0,True,2025-03-19,Seasonal,719.47,262,C,1,0,0
P02803,ELE-02803-6036,Driftwood Premium Wireless Charger,Electronics,Mobile Accessories,Driftwood,62.38,106.99,SUP213,41,70,,False,2024-02-15,Active,1473.22,15,C,0,1,0
P02804,TOY-02804-1861,Brightline Lite Kickball Set,Toys,Outdoor Play,Brightline,2.81,4.99,SUP138,19,567,,False,2025-12-05,Active,51.89,11,C,0,1,0
P02805,SPO-02805-3370,Glacier Classic Resistance Bands Set,Sports,Fitness Equipment,Glacier,115.03,224.99,SUP258,39,57,,True,2025-03-12,Discontinued,1621.39,8,C,0,1,1
P02806,CLO-02806-2791,Vanture Max Training Jacket,Clothing,Activewear,Vanture,11.86,23.99,SUP028,57,181,,False,2024-12-24,Active,5901.23,262,B,1,0,0
P02807,TOY-02807-5460,Palisade Series 2 Coding Robot Kit,Toys,Educational Toys,Palisade,1.89,3.99,SUP008,22,671,,False,2025-02-02,Active,202.43,55,C,0,0,0
P02808,AUT-02808-3216,Ironclad Classic Bluetooth Car Adapter,Automotive,Car Electronics,Ironclad,43.59,71.99,SUP102,19,102,,False,2025-03-02,Active,12408.91,183,A,0,0,1
P02809,BOO-02809-8345,UrbanNest Max Atlas,Books,Educational & Reference,UrbanNest,3.64,6.99,SUP028,43,491,,False,2026-05-08,Active,120.33,19,C,0,1,0
P02810,PER-02810-5528,Vanture Classic Beard Trimmer,Personal Care,Shaving & Grooming,Vanture,11.0,22.99,SUP036,28,276,401.0,True,2024-06-26,Seasonal,708.59,33,C,0,1,1
P02811,SPO-02811-1067,Everline Premium Hiking Backpack,Sports,Outdoor Recreation,Everline,35.08,63.99,SUP012,24,118,,False,2024-06-10,Active,4039.16,69,B,0,0,1
P02812,SPO-02812-8188,Timbercrest Max Hiking Backpack,Sports,Outdoor Recreation,Timbercrest,28.13,42.99,SUP115,38,84,,False,2024-04-23,Discontinued,862.69,22,C,0,1,0
P02813,BEA-02813-9022,Vertex Everyday Plus Cleansing Foam,Beauty,Skincare,Vertex,6.48,11.99,SUP212,11,439,74.0,False,2025-07-20,Active,565.35,51,C,0,0,0
P02814,ELE-02814-3741,BlueStone Ultra Tripod Kit,Electronics,Cameras & Accessories,BlueStone,16.15,35.99,SUP159,12,274,,False,2024-01-24,Discontinued,0.0,0,C,0,1,0
P02815,HOM-02815-5780,BlueStone Compact Cast Iron Skillet,Home & Kitchen,Cookware,BlueStone,29.15,58.99,SUP097,47,114,,True,2025-12-23,Seasonal,14038.35,256,A,1,0,0
P02816,TOY-02816-2936,UrbanNest Everyday Plus Counting Puzzle,Toys,Educational Toys,UrbanNest,4.91,9.99,SUP007,23,495,,False,2025-10-29,Active,850.54,92,C,0,0,0
P02817,SPO-02817-6522,NorthPoint Deluxe Sleeping Bag,Sports,Outdoor Recreation,NorthPoint,45.96,80.99,SUP152,8,149,,True,2025-10-08,Discontinued,370.21,5,C,0,1,1
P02818,GRO-02818-5603,Palisade Deluxe Pasta Sauce Jar,Grocery,Condiments & Sauces,Palisade,4.8,7.99,SUP084,47,291,138.0,False,2025-03-02,Active,7869.89,1058,A,1,0,0
P02819,BOO-02819-5284,Vertex Premium Fantasy Trilogy Box Set,Books,Fiction,Vertex,7.39,11.99,SUP056,8,298,,False,2025-01-09,Discontinued,79.15,7,C,0,1,1
P02820,HOM-02820-2642,Harborlight Classic Drawer Dividers,Home & Kitchen,Storage & Organization,Harborlight,31.72,51.99,SUP121,13,87,,True,2026-05-06,Seasonal,1999.39,41,C,0,1,0
P02821,GRO-02821-3191,Norwell Pro Protein Bar Box,Grocery,Snacks,Norwell,10.05,16.99,SUP034,58,242,158.0,False,2026-01-27,Active,242.45,15,C,0,1,1
P02822,PER-02822-2257,Pinnacle Advanced Probiotic Capsules,Personal Care,Vitamins & Supplements,Pinnacle,12.1,19.99,SUP082,13,192,76.0,False,2024-06-10,Active,7027.74,376,B,1,0,1
P02823,BEA-02823-4399,Crestmark Everyday Facial Moisturizer,Beauty,Skincare,Crestmark,25.45,54.99,SUP274,18,109,61.0,False,2024-08-23,Active,23864.12,472,A,1,0,1
P02824,HOM-02824-1002,Vanture Max Closet Organizer,Home & Kitchen,Storage & Organization,Vanture,15.29,23.99,SUP171,53,212,,False,2024-08-10,Active,16728.14,753,A,1,0,0
P02825,CLO-02825-5520,Willowbrook Ultra Cardigan,Clothing,Women's Apparel,Willowbrook,17.99,33.99,SUP294,31,126,,True,2025-03-07,Seasonal,14197.37,446,A,1,0,1
P02826,BEA-02826-4198,Sunneva Premium Body Lotion,Beauty,Bath & Body,Sunneva,6.62,14.99,SUP171,62,280,285.0,False,2025-08-05,Active,617.04,46,C,0,0,0
P02827,SPO-02827-4843,Vaultis Premium Meditation Cushion,Sports,Yoga & Wellness,Vaultis,8.55,16.99,SUP022,50,365,,False,2024-07-20,Active,20256.79,1277,A,1,0,0
P02828,PER-02828-8030,Harborlight Classic Blood Pressure Monitor,Personal Care,Health Monitoring,Harborlight,4.97,9.99,SUP188,25,433,262.0,False,2024-02-19,Active,683.87,76,C,0,0,0
P02829,BOO-02829-6262,BlueStone Compact Reference Encyclopedia,Books,Educational & Reference,BlueStone,3.42,5.99,SUP259,24,581,,True,2024-12-17,Seasonal,98.59,17,C,0,1,0
P02830,BOO-02830-9615,Halcyon Classic Mystery Novel,Books,Fiction,Halcyon,7.37,12.99,SUP274,20,233,,False,2025-04-04,Active,382.57,31,C,0,1,1
P02831,BEA-02831-1283,Harborlight Advanced Hair Dryer,Beauty,Haircare,Harborlight,14.75,41.99,SUP159,14,217,208.0,False,2025-09-05,Active,5594.83,140,B,0,0,1
P02832,CLO-02832-1427,Ironclad Max School Uniform Set,Clothing,Kids' Apparel,Ironclad,2.64,6.99,SUP027,38,437,,False,2024-04-22,Active,345.04,54,C,0,0,0
P02833,GRO-02833-7420,Driftwood Elite Sparkling Water Case,Grocery,Beverages,Driftwood,1.92,3.99,SUP176,52,607,375.0,True,2025-09-20,Seasonal,416.85,113,C,0,0,0
P02834,ELE-02834-8454,Quinley Essential Wireless Charger,Electronics,Mobile Accessories,Quinley,90.5,127.99,SUP028,56,83,,False,2024-05-27,Active,17659.4,148,A,0,0,1
P02835,AUT-02835-5926,Cedarwood Essential Tire Inflator,Automotive,Tire & Wheel Care,Cedarwood,18.12,29.99,SUP017,15,165,,False,2024-09-24,Active,4126.39,148,B,0,0,0
P02836,BEA-02836-4323,Willowbrook Max Lipstick Set,Beauty,Makeup,Willowbrook,8.62,17.99,SUP052,62,284,179.0,False,2025-04-12,Active,3230.52,195,B,0,0,0
P02837,CLO-02837-9211,Brightline X200 Wrap Dress,Clothing,Women's Apparel,Brightline,15.61,27.99,SUP022,48,215,,False,2024-04-05,Active,1177.27,44,C,0,0,0
P02838,ELE-02838-3468,Fernwood Essential Soundbar,Electronics,Headphones & Audio,Fernwood,69.14,127.99,SUP121,13,60,,False,2025-06-02,Active,4426.88,37,B,0,1,0
P02839,AUT-02839-5445,UrbanNest Everyday Plus License Plate Frame,Automotive,Exterior Accessories,UrbanNest,7.32,12.99,SUP275,4,179,,True,2024-02-05,Seasonal,210.24,17,C,0,1,0
P02840,HOM-02840-9792,Glacier Advanced Electric Kettle,Home & Kitchen,Small Appliances,Glacier,29.46,58.99,SUP185,14,91,,False,2024-07-12,Active,4188.54,76,B,0,0,0
P02841,BEA-02841-1331,NorthPoint Max Sunscreen SPF50,Beauty,Skincare,NorthPoint,28.59,58.99,SUP196,31,190,230.0,False,2025-05-31,Active,1893.33,35,C,0,1,1
P02842,AUT-02842-8209,Ridgeline Deluxe Backup Camera,Automotive,Car Electronics,Ridgeline,151.77,306.99,SUP241,21,81,,False,2024-09-04,Active,14479.09,52,A,0,0,1
P02843,BEA-02843-8307,Solstice Essential Facial Moisturizer,Beauty,Skincare,Solstice,12.52,35.99,SUP056,7,157,145.0,False,2025-01-29,Discontinued,204.79,6,C,0,1,1
P02844,PER-02844-5473,Glacier Elite Electric Toothbrush,Personal Care,Oral Care,Glacier,2.64,4.03,SUP159,14,464,387.0,False,2024-09-16,Active,27.28,7,C,0,1,0
P02845,HOM-02845-9473,Foundry Compact Table Lamp,Home & Kitchen,Home Decor,Foundry,13.75,29.99,SUP205,54,184,,False,2025-04-01,Active,5849.33,210,B,0,0,0
P02846,SPO-02846-2557,Sunneva Pro Bike Helmet,Sports,Cycling,Sunneva,4.39,9.99,SUP077,24,434,,False,2024-05-09,Discontinued,0.0,0,C,0,1,0
P02847,PER-02847-6521,Pinnacle Signature Electric Toothbrush,Personal Care,Oral Care,Pinnacle,1.8,3.06,SUP108,56,548,125.0,False,2024-05-21,Active,261.89,95,C,0,0,0
P02848,CLO-02848-8839,Norwell Everyday Running Shoes,Clothing,Footwear,Norwell,14.7,37.99,SUP200,62,287,,False,2026-05-30,Discontinued,73.65,2,C,0,1,0
P02849,SPO-02849-4440,Vertex Classic Camping Tent,Sports,Outdoor Recreation,Vertex,12.12,26.99,SUP244,31,167,,False,2024-10-29,Active,738.1,30,C,0,1,0
P02850,BEA-02850-3361,Glacier Everyday Plus Makeup Brush Set,Beauty,Makeup,Glacier,7.63,14.99,SUP099,21,291,522.0,False,2025-09-23,Active,1140.94,82,C,0,0,0
P02851,TOY-02851-5938,Sunneva Advanced Vehicle Toy Set,Toys,Action Figures & Playsets,Sunneva,19.1,35.99,SUP171,55,136,,False,2024-01-08,Active,2637.53,82,B,0,0,1
P02852,PER-02852-5983,Ashford Everyday Shaving Cream,Personal Care,Shaving & Grooming,Ashford,2.76,5.99,SUP188,22,474,498.0,False,2024-04-11,Active,1329.62,240,C,0,0,0
P02853,SPO-02853-8815,Amberfield Elite Bike Water Bottle Cage,Sports,Cycling,Amberfield,53.82,100.99,SUP274,17,75,,False,2025-12-19,Discontinued,0.0,0,C,0,1,1
P02854,PER-02854-4111,Trailhaven Essential Whitening Kit,Personal Care,Oral Care,Trailhaven,3.84,5.99,SUP231,16,280,114.0,False,2024-11-21,Active,171.83,31,C,0,1,0
P02855,BOO-02855-1756,NorthPoint Max Reference Encyclopedia,Books,Educational & Reference,NorthPoint,6.6,11.99,SUP043,18,431,,False,2024-09-30,Active,5000.95,448,B,1,0,0
P02856,CLO-02856-8502,Vanture Essential Training Jacket,Clothing,Activewear,Vanture,3.69,7.99,SUP171,45,473,,False,2024-06-06,Active,697.72,97,C,0,0,0
P02857,GRO-02857-1502,Pinnacle Lite Olive Oil,Grocery,Pantry Staples,Pinnacle,6.36,8.99,SUP284,40,376,106.0,False,2024-08-30,Active,1436.8,170,C,0,0,1
P02858,SPO-02858-2645,Norwell Series 2 Bike Helmet,Sports,Cycling,Norwell,10.36,18.99,SUP102,15,230,,False,2024-08-01,Active,1203.91,69,C,0,0,0
P02859,AUT-02859-8501,Amberfield Signature Tire Shine Kit,Automotive,Tire & Wheel Care,Amberfield,171.86,344.99,SUP219,23,38,,True,2025-12-28,Seasonal,24578.0,77,A,0,0,1
P02860,BOO-02860-7575,Norwell Compact Language Learning Workbook,Books,Educational & Reference,Norwell,8.64,16.99,SUP159,12,388,,False,2026-05-06,Active,112.89,7,C,0,1,1
P02861,HOM-02861-2512,UrbanNest Lite Nonstick Frying Pan,Home & Kitchen,Cookware,UrbanNest,42.68,92.99,SUP116,13,99,,False,2024-02-01,Active,28666.48,330,A,1,0,1
P02862,CLO-02862-2065,Meridian Everyday Plus Cardigan,Clothing,Women's Apparel,Meridian,4.84,13.99,SUP159,15,459,,False,2024-05-04,Active,799.78,60,C,0,0,0
P02863,TOY-02863-7336,Pinnacle Everyday Plus Backyard Game Set,Toys,Outdoor Play,Pinnacle,11.41,21.99,SUP115,35,320,,False,2025-07-26,Active,456.08,22,C,0,1,0
P02864,PER-02864-6664,Norwell Series 2 Digital Thermometer,Personal Care,Health Monitoring,Norwell,13.5,22.99,SUP081,9,228,522.0,False,2026-03-13,Active,381.38,17,C,0,1,1
P02865,HOM-02865-9227,Ironclad Compact Storage Bin Set,Home & Kitchen,Storage & Organization,Ironclad,40.21,84.99,SUP218,46,110,,True,2024-10-15,Seasonal,3846.89,48,B,0,0,1
P02866,ELE-02866-5380,Brightline Ultra Smart Plug,Electronics,Smart Home Devices,Brightline,36.84,55.99,SUP159,13,99,,True,2026-02-06,Seasonal,4165.56,80,B,0,0,0
P02867,BEA-02867-3167,Halcyon Elite Body Mist,Beauty,Fragrances,Halcyon,6.52,16.99,SUP274,22,199,364.0,False,2024-01-05,Active,1751.7,108,C,0,0,0
P02868,ELE-02868-1458,Copperfield Deluxe Wireless Earbuds,Electronics,Headphones & Audio,Copperfield,31.78,53.99,SUP006,39,86,,False,2025-11-09,Active,712.7,14,C,0,1,0
P02869,PER-02869-9423,Solstice Series 2 Blood Pressure Monitor,Personal Care,Health Monitoring,Solstice,13.62,19.99,SUP222,35,247,215.0,False,2026-05-10,Active,4512.14,242,B,0,0,1
P02870,BEA-02870-1915,Lumino Signature Cologne,Beauty,Fragrances,Lumino,7.31,15.99,SUP030,7,413,452.0,True,2025-03-29,Seasonal,634.34,42,C,0,0,0
P02871,CLO-02871-8284,Brightline Premium Kids Graphic Tee,Clothing,Kids' Apparel,Brightline,15.69,29.99,SUP218,48,243,,False,2025-06-16,Active,1740.87,60,C,0,0,0
P02872,HOM-02872-6617,Vaultis Everyday Plus Coffee Maker,Home & Kitchen,Small Appliances,Vaultis,4.9,6.99,SUP261,55,316,,False,2024-08-23,Active,917.82,141,C,0,0,0
P02873,BEA-02873-7160,Vertex Compact Bath Bomb Set,Beauty,Bath & Body,Vertex,4.45,13.99,SUP231,20,267,92.0,False,2025-12-17,Active,3443.29,264,B,1,0,0
P02874,PER-02874-6539,Halcyon Everyday Plus Omega-3 Softgels,Personal Care,Vitamins & Supplements,Halcyon,9.74,13.99,SUP171,45,193,408.0,False,2026-01-27,Active,906.4,71,C,0,0,1
P02875,CLO-02875-5800,Harborlight Max Sandals,Clothing,Footwear,Harborlight,7.95,19.99,SUP027,46,379,,False,2026-01-29,Active,574.1,31,C,0,1,0
P02876,ELE-02876-7031,Brightline Pro Laptop Sleeve,Electronics,Laptop Accessories,Brightline,20.41,37.99,SUP286,38,136,,False,2026-01-30,Active,2992.69,89,B,0,0,0
P02877,HOM-02877-3004,Comet Everyday Plus Air Fryer,Home & Kitchen,Small Appliances,Comet,5.95,12.99,SUP084,51,352,,False,2024-03-11,Active,8034.19,664,A,1,0,0
P02878,PER-02878-9563,Lumino Series 2 Grooming Kit,Personal Care,Shaving & Grooming,Lumino,11.45,17.99,SUP008,23,338,132.0,False,2025-04-24,Active,5874.66,358,B,1,0,1
P02879,PER-02879-6241,Novara Deluxe Razor Set,Personal Care,Shaving & Grooming,Novara,3.58,5.99,SUP003,8,641,418.0,False,2025-04-09,Active,1265.01,227,C,0,0,0
P02880,HOM-02880-2811,Kestrel Series 2 Wall Art Set,Home & Kitchen,Home Decor,Kestrel,92.3,185.99,SUP213,35,57,,False,2024-02-13,Active,12226.29,71,A,0,0,1
P02881,BOO-02881-1413,Silverpine Ultra Language Learning Workbook,Books,Educational & Reference,Silverpine,7.99,12.99,SUP249,21,402,,False,2025-12-31,Active,24627.66,2056,A,1,0,1
P02882,ELE-02882-7625,Harborlight Elite Sleep Tracker Ring,Electronics,Wearable Tech,Harborlight,43.51,86.99,SUP241,25,95,,True,2024-06-24,Seasonal,12197.28,149,A,0,0,0
P02883,CLO-02883-4698,Comet Essential Wrap Dress,Clothing,Women's Apparel,Comet,22.96,58.99,SUP159,12,208,,False,2025-01-22,Active,4473.0,82,B,0,0,1
P02884,ELE-02884-8130,Foundry Essential USB-C Hub,Electronics,Laptop Accessories,Foundry,156.89,342.99,SUP171,49,43,,False,2024-02-21,Active,8798.88,28,A,0,1,1
P02885,TOY-02885-6778,Vanture Pro Family Board Game,Toys,Board Games & Puzzles,Vanture,4.04,8.99,SUP274,22,254,,False,2025-12-20,Active,1649.98,199,C,0,0,0
P02886,PER-02886-9526,Sunneva Signature Deodorant 2-Pack,Personal Care,Personal Hygiene,Sunneva,2.21,3.99,SUP188,25,738,499.0,False,2024-06-13,Active,3.87,1,C,0,1,0
P02887,HOM-02887-8993,Vanture Elite Air Fryer,Home & Kitchen,Small Appliances,Vanture,38.31,91.99,SUP093,19,117,,False,2025-04-16,Active,22543.75,268,A,1,0,1
P02888,CLO-02888-7742,Ironclad Series 2 Crew Neck Tee 3-Pack,Clothing,Men's Apparel,Ironclad,12.59,22.99,SUP277,54,319,,False,2025-04-08,Active,271.53,13,C,0,1,0
P02889,ELE-02889-2754,Crestmark Advanced Phone Case,Electronics,Mobile Accessories,Crestmark,101.91,180.99,SUP288,35,62,,True,2024-03-28,Seasonal,3237.72,19,B,0,1,1
P02890,GRO-02890-7249,Harborlight X200 Coffee Pods Box,Grocery,Beverages,Harborlight,6.85,11.99,SUP171,46,278,166.0,False,2026-02-18,Discontinued,0.0,0,C,0,1,1
P02891,ELE-02891-1376,Willowbrook Essential Bluetooth Speaker,Electronics,Headphones & Audio,Willowbrook,29.06,45.99,SUP159,15,150,,True,2024-01-06,Seasonal,1938.0,46,C,0,0,0
P02892,GRO-02892-2694,Amberfield Series 2 BBQ Sauce,Grocery,Condiments & Sauces,Amberfield,1.63,2.99,SUP274,18,868,295.0,True,2025-08-18,Seasonal,284.7,101,C,0,0,0
P02893,PER-02893-1032,Silverpine Lite Cotton Swabs Bulk,Personal Care,Personal Hygiene,Silverpine,2.99,6.99,SUP227,42,292,264.0,True,2024-06-05,Seasonal,2409.17,365,B,1,0,0
P02894,ELE-02894-8985,BlueStone Everyday Plus Sleep Tracker Ring,Electronics,Wearable Tech,BlueStone,59.43,120.99,SUP026,28,107,,False,2025-07-02,Active,50548.44,451,A,1,0,0
P02895,AUT-02895-8339,Halcyon Elite Socket Wrench Set,Automotive,Tools & Equipment,Halcyon,16.66,24.99,SUP284,32,150,,False,2024-07-24,Active,32744.95,1416,A,1,0,0
P02896,ELE-02896-4118,Ostrom Advanced Security Camera,Electronics,Smart Home Devices,Ostrom,13.58,20.99,SUP211,21,165,,True,2025-11-13,Seasonal,3726.67,191,B,0,0,0
P02897,CLO-02897-4255,Vaultis Classic Blouse,Clothing,Women's Apparel,Vaultis,10.41,16.99,SUP214,11,162,,True,2025-05-29,Seasonal,1026.53,67,C,0,0,0
P02898,BEA-02898-3817,Timbercrest Everyday Vitamin C Serum,Beauty,Skincare,Timbercrest,2.84,5.99,SUP115,42,295,397.0,False,2025-08-06,Active,2210.72,391,B,1,0,0
P02899,PER-02899-2047,Fernwood Series 2 Water Flosser,Personal Care,Oral Care,Fernwood,1.61,2.99,SUP006,37,580,228.0,True,2026-06-19,Seasonal,210.84,73,C,0,0,0
P02900,HOM-02900-3724,BlueStone Advanced Weighted Blanket,Home & Kitchen,Bedding & Linens,BlueStone,6.62,14.99,SUP068,29,361,,False,2025-02-08,Discontinued,58.99,4,C,0,1,0
P02901,HOM-02901-8237,Glacier Everyday Closet Organizer,Home & Kitchen,Storage & Organization,Glacier,5.17,9.99,SUP084,49,344,,False,2025-11-23,Active,813.38,85,C,0,0,0
P02902,TOY-02902-1988,Fernwood Everyday Plus Sidewalk Chalk Set,Toys,Outdoor Play,Fernwood,5.58,11.99,SUP127,32,236,,False,2026-01-13,Active,1037.13,94,C,0,0,0
P02903,SPO-02903-1897,BlueStone Max Team Jersey,Sports,Team Sports Gear,BlueStone,27.0,38.99,SUP200,56,147,,False,2024-10-22,Discontinued,0.0,0,C,0,1,0
P02904,SPO-02904-3115,Halcyon Everyday Yoga Block Set,Sports,Yoga & Wellness,Halcyon,29.59,50.99,SUP121,13,180,,True,2024-10-09,Seasonal,19300.24,411,A,1,0,0
P02905,ELE-02905-6017,Amberfield Series 2 Laptop Stand,Electronics,Laptop Accessories,Amberfield,70.6,125.99,SUP102,14,112,,False,2025-10-05,Active,10407.38,88,A,0,0,0
P02906,GRO-02906-9127,Foundry Max BBQ Sauce,Grocery,Condiments & Sauces,Foundry,5.43,8.99,SUP058,9,382,125.0,False,2026-04-26,Active,2264.37,269,B,1,0,1
P02907,AUT-02907-6824,Palisade Elite Tire Inflator,Automotive,Tire & Wheel Care,Palisade,29.97,52.99,SUP220,60,146,,False,2024-01-14,Active,803.49,16,C,0,1,0
P02908,BOO-02908-3871,Solstice Elite Popular Science Paperback,Books,Non-Fiction,Solstice,6.32,8.99,SUP232,31,291,,False,2024-04-15,Active,408.51,49,C,0,0,0
P02909,BOO-02909-9114,Glacier Elite Biography,Books,Non-Fiction,Glacier,2.56,3.99,SUP099,18,535,,False,2024-06-03,Active,173.81,46,C,0,0,0
P02910,GRO-02910-5396,Fernwood X200 Granola Bites,Grocery,Snacks,Fernwood,3.16,4.99,SUP052,52,593,317.0,False,2025-08-04,Active,390.38,85,C,0,0,0
P02911,GRO-02911-4898,UrbanNest Signature Sports Drink Case,Grocery,Beverages,UrbanNest,3.55,5.07,SUP052,60,425,316.0,False,2025-01-18,Active,371.02,78,C,0,0,0
P02912,PER-02912-9619,Lumino Max Water Flosser,Personal Care,Oral Care,Lumino,2.81,5.99,SUP188,21,663,289.0,False,2025-04-01,Active,2306.39,414,B,1,0,0
P02913,SPO-02913-7111,Aurelia Ultra Massage Roller,Sports,Yoga & Wellness,Aurelia,22.37,51.99,SUP225,53,180,,False,2024-10-16,Active,5145.57,105,B,0,0,0
P02914,ELE-02914-6065,NorthPoint Signature Phone Case,Electronics,Mobile Accessories,NorthPoint,17.33,35.99,SUP231,21,174,,False,2025-01-23,Active,2165.81,66,B,0,0,0
P02915,PER-02915-1131,Quinley Elite Electric Toothbrush,Personal Care,Oral Care,Quinley,4.04,7.99,SUP261,61,573,186.0,True,2025-12-07,Seasonal,15744.7,2128,A,1,0,0
P02916,BOO-02916-3132,Ironclad Classic Manga Box Set,Books,Comics & Graphic Novels,Ironclad,6.52,9.99,SUP217,44,430,,True,2025-01-26,Seasonal,593.25,64,C,0,0,0
P02917,GRO-02917-5679,BlueStone Everyday Sparkling Water Case,Grocery,Beverages,BlueStone,3.07,4.99,SUP144,21,446,373.0,False,2024-12-24,Active,113.41,24,C,0,1,0
P02918,BEA-02918-6398,Kestrel Premium Hair Dryer,Beauty,Haircare,Kestrel,9.17,23.99,SUP068,35,323,401.0,True,2024-02-08,Seasonal,133.58,6,C,0,1,0
P02919,SPO-02919-4991,Vanture Essential Basketball,Sports,Team Sports Gear,Vanture,6.14,12.99,SUP102,18,457,,False,2024-12-11,Active,2208.48,183,B,0,0,0
P02920,BEA-02920-5059,Solstice Ultra Makeup Brush Set,Beauty,Makeup,Solstice,5.09,12.99,SUP073,23,398,126.0,False,2025-11-16,Active,3763.35,312,B,1,0,0
P02921,CLO-02921-3674,Driftwood Essential Performance Tank,Clothing,Activewear,Driftwood,8.78,19.99,SUP022,59,377,,True,2024-05-05,Seasonal,907.58,49,C,0,0,0
P02922,SPO-02922-1047,Vaultis Signature Team Jersey,Sports,Team Sports Gear,Vaultis,24.32,45.99,SUP028,58,100,,False,2024-11-17,Active,9726.18,229,A,0,0,0
P02923,HOM-02923-9276,BlueStone X200 Drawer Dividers,Home & Kitchen,Storage & Organization,BlueStone,21.46,44.99,SUP008,17,231,,False,2024-09-17,Active,4314.43,104,B,0,0,0
P02924,PER-02924-2060,Comet Essential Cotton Swabs Bulk,Personal Care,Personal Hygiene,Comet,6.05,9.99,SUP044,34,389,296.0,False,2025-03-10,Active,139.37,16,C,0,1,0
P02925,GRO-02925-6932,Glacier Signature Pancake Mix,Grocery,Breakfast Foods,Glacier,7.55,11.99,SUP251,10,211,398.0,False,2026-01-19,Active,2217.5,199,B,0,0,1
P02926,BEA-02926-6910,Aurelia Classic Makeup Brush Set,Beauty,Makeup,Aurelia,5.08,15.99,SUP159,13,250,446.0,False,2026-02-12,Active,1539.36,100,C,0,0,0
P02927,SPO-02927-6088,Brightline Signature Camp Chair,Sports,Outdoor Recreation,Brightline,12.7,27.99,SUP108,49,268,,False,2024-12-15,Active,467.14,18,C,0,1,0
P02928,BOO-02928-7164,Sunneva Series 2 Atlas,Books,Educational & Reference,Sunneva,5.22,9.99,SUP056,8,287,,False,2025-06-10,Active,3531.21,375,B,1,0,0
P02929,BEA-02929-2180,NorthPoint Series 2 Sunscreen SPF50,Beauty,Skincare,NorthPoint,6.94,20.99,SUP169,26,187,79.0,False,2026-01-15,Active,5392.79,275,B,1,0,0
P02930,BOO-02930-4288,Vanture Premium Literary Fiction Hardcover,Books,Fiction,Vanture,4.19,6.99,SUP290,35,307,,False,2026-02-15,Active,130.51,20,C,0,1,0
P02931,PER-02931-7125,Ridgeline Classic Grooming Kit,Personal Care,Shaving & Grooming,Ridgeline,5.94,9.99,SUP090,29,225,246.0,False,2025-07-03,Active,1255.15,135,C,0,0,0
P02932,TOY-02932-6224,Driftwood Everyday Plus Family Board Game,Toys,Board Games & Puzzles,Driftwood,3.69,7.99,SUP258,40,317,,False,2024-05-05,Active,1188.55,166,C,0,0,0
P02933,AUT-02933-5115,Aurelia Classic Backup Camera,Automotive,Car Electronics,Aurelia,13.14,23.99,SUP274,18,225,,True,2024-12-09,Seasonal,2862.13,129,B,0,0,0
P02934,GRO-02934-3180,Ironclad Premium Olive Oil,Grocery,Pantry Staples,Ironclad,3.45,4.99,SUP231,18,472,235.0,False,2024-09-14,Active,159.26,34,C,0,1,0
P02935,BEA-02935-7303,Comet Everyday Lipstick Set,Beauty,Makeup,Comet,7.66,20.99,SUP170,28,283,322.0,False,2025-09-12,Active,2189.33,111,B,0,0,0
P02936,CLO-02936-1134,Foundry Everyday Plus Ankle Boots,Clothing,Footwear,Foundry,12.42,29.99,SUP077,20,275,,False,2024-07-26,Active,9194.28,328,A,1,0,0
P02937,ELE-02937-7626,Amberfield Lite Smartwatch Band,Electronics,Wearable Tech,Amberfield,68.12,115.99,SUP011,35,52,,False,2024-02-01,Active,13798.44,127,A,0,0,0
P02938,TOY-02938-8288,Trailhaven Ultra Brick Building Set,Toys,Building Sets,Trailhaven,3.69,8.99,SUP211,26,589,,False,2026-03-19,Active,30.23,4,C,0,1,0
P02939,GRO-02939-8410,Comet Advanced Oatmeal Packets,Grocery,Breakfast Foods,Comet,2.84,4.99,SUP282,13,725,218.0,False,2024-04-10,Active,13.15,3,C,0,1,0
P02940,GRO-02940-5823,Timbercrest Signature Protein Bar Box,Grocery,Snacks,Timbercrest,2.87,4.29,SUP195,50,701,272.0,True,2025-12-13,Seasonal,34.47,9,C,0,1,0
P02941,GRO-02941-5007,ClearPath Deluxe Rice 5lb Bag,Grocery,Pantry Staples,ClearPath,3.04,4.49,SUP012,27,393,176.0,False,2026-05-20,Discontinued,13.13,3,C,0,1,0
P02942,GRO-02942-2598,Rockridge Series 2 Coffee Pods Box,Grocery,Beverages,Rockridge,2.03,3.32,SUP028,49,813,333.0,False,2026-01-30,Active,75.95,24,C,0,1,0
P02943,GRO-02943-8890,Amberfield Elite Sports Drink Case,Grocery,Beverages,Amberfield,2.83,4.24,SUP111,69,617,169.0,False,2025-03-21,Active,293.29,73,C,0,0,0
P02944,BOO-02944-7465,Vanture Essential Literary Fiction Hardcover,Books,Fiction,Vanture,9.14,12.99,SUP294,36,265,,False,2025-06-02,Active,1090.3,89,C,0,0,1
P02945,BOO-02945-4288,Ashford Max Biography,Books,Non-Fiction,Ashford,4.63,6.99,SUP022,48,553,,False,2025-10-16,Active,616.47,93,C,0,0,0
P02946,GRO-02946-4297,Harborlight Essential Oatmeal Packets,Grocery,Breakfast Foods,Harborlight,3.91,5.99,SUP081,8,328,206.0,False,2024-07-20,Active,527.39,94,C,0,0,0
P02947,HOM-02947-6969,Timbercrest X200 Throw Pillow Set,Home & Kitchen,Home Decor,Timbercrest,7.29,14.99,SUP159,14,326,,True,2025-01-20,Seasonal,8084.76,586,A,1,0,0
P02948,AUT-02948-2870,Aurelia X200 Tool Kit,Automotive,Tools & Equipment,Aurelia,15.19,25.99,SUP026,33,153,,False,2024-12-09,Active,526.54,24,C,0,1,0
P02949,ELE-02949-4224,Ashford Advanced Sleep Tracker Ring,Electronics,Wearable Tech,Ashford,529.62,965.99,SUP026,28,23,,False,2024-09-06,Active,38066.23,43,A,0,0,1
P02950,CLO-02950-6504,Rockridge Deluxe Cardigan,Clothing,Women's Apparel,Rockridge,18.21,46.99,SUP019,14,236,,False,2025-05-16,Active,6364.01,149,B,0,0,1
P02951,CLO-02951-9031,Vanture Classic Crew Neck Tee 3-Pack,Clothing,Men's Apparel,Vanture,14.89,27.99,SUP150,49,229,,False,2025-01-18,Active,516.59,21,C,0,1,0
P02952,CLO-02952-9037,Halcyon Series 2 Denim Jacket,Clothing,Men's Apparel,Halcyon,7.26,19.99,SUP073,19,360,,False,2024-01-18,Active,3403.14,183,B,0,0,0
P02953,AUT-02953-4815,Ostrom X200 Tire Pressure Gauge,Automotive,Tools & Equipment,Ostrom,7.25,13.99,SUP012,26,268,,False,2024-03-24,Active,2419.82,188,B,0,0,0
P02954,BOO-02954-5847,Crestmark Everyday Reference Encyclopedia,Books,Educational & Reference,Crestmark,3.9,7.99,SUP149,70,584,,False,2025-08-06,Active,510.54,67,C,0,0,0
P02955,PER-02955-2889,UrbanNest Everyday Plus Omega-3 Softgels,Personal Care,Vitamins & Supplements,UrbanNest,3.62,5.99,SUP211,26,430,344.0,False,2025-05-18,Discontinued,0.0,0,C,0,1,0
P02956,AUT-02956-2511,Quinley Signature Tire Shine Kit,Automotive,Tire & Wheel Care,Quinley,6.35,11.99,SUP190,46,279,,False,2026-02-18,Active,6084.35,549,B,1,0,0
P02957,HOM-02957-9853,Timbercrest Premium Cast Iron Skillet,Home & Kitchen,Cookware,Timbercrest,14.11,24.99,SUP194,3,154,,False,2024-03-07,Active,2231.76,96,B,0,0,0
P02958,HOM-02958-1297,Crestmark Deluxe Storage Bin Set,Home & Kitchen,Storage & Organization,Crestmark,17.5,33.99,SUP159,13,150,,False,2024-10-23,Active,6764.23,216,B,0,0,0
P02959,GRO-02959-3708,Everline Max Granola Bites,Grocery,Snacks,Everline,4.58,7.99,SUP230,43,489,88.0,True,2024-12-19,Discontinued,0.0,0,C,0,1,0
P02960,BEA-02960-6649,Ashford Lite Body Lotion,Beauty,Bath & Body,Ashford,7.43,12.99,SUP018,43,258,438.0,False,2025-09-11,Active,547.95,45,C,0,0,0
P02961,CLO-02961-9178,Brightline Signature Toddler Joggers,Clothing,Kids' Apparel,Brightline,25.27,67.99,SUP043,20,130,,False,2025-02-02,Active,559.42,9,C,0,1,1
P02962,HOM-02962-7736,Willowbrook Lite Stand Mixer,Home & Kitchen,Small Appliances,Willowbrook,16.91,27.99,SUP201,13,173,,False,2025-03-17,Active,16308.75,631,A,1,0,0
P02963,HOM-02963-8552,Aurelia Pro Drawer Dividers,Home & Kitchen,Storage & Organization,Aurelia,44.76,66.99,SUP084,41,95,,True,2026-04-19,Seasonal,410.89,7,C,0,1,1
P02964,BEA-02964-1215,Harborlight Deluxe Cleansing Foam,Beauty,Skincare,Harborlight,24.95,56.99,SUP056,7,157,189.0,False,2024-01-04,Active,27128.34,510,A,1,0,1
P02965,SPO-02965-5837,Sunneva Compact Bike Lock,Sports,Cycling,Sunneva,77.28,109.99,SUP008,21,117,,False,2026-03-25,Active,22359.33,219,A,0,0,1
P02966,SPO-02966-4468,Willowbrook Premium Yoga Towel,Sports,Yoga & Wellness,Willowbrook,47.77,108.99,SUP261,60,150,,False,2024-09-16,Active,9991.86,101,A,0,0,1
P02967,PER-02967-3561,Norwell Advanced Pulse Oximeter,Personal Care,Health Monitoring,Norwell,7.7,15.99,SUP253,55,405,385.0,False,2024-02-06,Active,5152.82,345,B,1,0,0
P02968,HOM-02968-6049,Lumino X200 Stand Mixer,Home & Kitchen,Small Appliances,Lumino,78.87,168.99,SUP018,46,89,,True,2025-04-26,Seasonal,3043.79,18,B,0,1,1
P02969,BEA-02969-1624,Palisade Essential Body Wash,Beauty,Bath & Body,Palisade,11.75,32.99,SUP077,18,331,164.0,False,2024-07-12,Active,717.47,23,C,0,1,0
P02970,PER-02970-3609,Fernwood Max Omega-3 Softgels,Personal Care,Vitamins & Supplements,Fernwood,3.66,7.99,SUP052,48,393,434.0,False,2025-10-23,Active,2567.52,345,B,1,0,0
P02971,SPO-02971-3278,Palisade Advanced Bike Lock,Sports,Cycling,Palisade,13.09,26.99,SUP050,57,163,,False,2025-11-23,Active,811.75,32,C,0,1,0
P02972,BOO-02972-4112,Timbercrest Elite History Hardcover,Books,Non-Fiction,Timbercrest,8.21,13.99,SUP064,11,384,,False,2025-01-01,Active,138.51,11,C,0,1,1
P02973,CLO-02973-8984,ClearPath X200 Slim Fit Shirt,Clothing,Men's Apparel,ClearPath,16.33,41.99,SUP075,27,248,,False,2025-12-12,Active,1343.88,34,C,0,1,0
P02974,ELE-02974-6655,Ashford Signature Laptop Stand,Electronics,Laptop Accessories,Ashford,21.91,31.99,SUP201,18,150,,True,2024-06-18,Seasonal,1410.25,47,C,0,0,0
P02975,AUT-02975-3550,Ridgeline Signature Steering Wheel Cover,Automotive,Interior Accessories,Ridgeline,105.61,164.99,SUP290,35,54,,True,2024-11-02,Seasonal,107195.96,708,A,1,0,1
P02976,BOO-02976-8735,Aurelia Max Manga Box Set,Books,Comics & Graphic Novels,Aurelia,4.13,5.99,SUP012,32,369,,False,2024-02-25,Active,2090.71,373,B,1,0,0
P02977,CLO-02977-3099,Fernwood Lite Chino Pants,Clothing,Men's Apparel,Fernwood,13.32,20.99,SUP082,10,205,,True,2025-08-08,Seasonal,1045.75,55,C,0,0,0
P02978,CLO-02978-9602,Amberfield Lite Running Leggings,Clothing,Activewear,Amberfield,10.68,17.99,SUP189,2,317,,False,2025-10-13,Active,509.48,30,C,0,1,0
P02979,BEA-02979-1512,Amberfield Pro Makeup Brush Set,Beauty,Makeup,Amberfield,32.31,80.99,SUP077,20,121,299.0,False,2025-11-26,Active,7492.98,103,B,0,0,1
P02980,GRO-02980-9111,Meridian X200 Granola Bites,Grocery,Snacks,Meridian,7.12,12.99,SUP043,18,303,536.0,False,2024-11-28,Active,4939.54,411,B,1,0,1
P02981,TOY-02981-5656,Glacier Elite Action Figure,Toys,Action Figures & Playsets,Glacier,34.5,57.99,SUP034,42,94,,False,2026-02-03,Active,5431.08,100,B,0,0,1
P02982,CLO-02982-3149,Fernwood Ultra Ankle Boots,Clothing,Footwear,Fernwood,14.51,40.99,SUP171,53,249,,False,2025-08-13,Discontinued,527.42,13,C,0,1,0
P02983,ELE-02983-5902,Novara Everyday Plus Laptop Stand,Electronics,Laptop Accessories,Novara,508.02,709.99,SUP030,9,33,,False,2025-06-08,Active,6476.62,10,B,0,1,1
P02984,BEA-02984-8134,Vertex Compact Lipstick Set,Beauty,Makeup,Vertex,5.43,15.99,SUP022,53,249,412.0,True,2024-07-21,Seasonal,1204.43,80,C,0,0,0
P02985,PER-02985-7189,Solstice Classic Shaving Cream,Personal Care,Shaving & Grooming,Solstice,5.51,9.99,SUP215,14,288,407.0,False,2026-02-06,Active,1382.93,146,C,0,0,0
P02986,BEA-02986-9883,Brightline Everyday Plus Cologne,Beauty,Fragrances,Brightline,12.79,34.99,SUP088,49,187,116.0,False,2025-11-19,Active,1611.95,49,C,0,0,1
P02987,BEA-02987-8803,Driftwood Ultra Cologne,Beauty,Fragrances,Driftwood,5.65,11.99,SUP270,22,384,163.0,False,2026-03-09,Active,4869.95,434,B,1,0,0
P02988,BOO-02988-3399,Palisade Elite Picture Book,Books,Children's Books,Palisade,3.82,7.99,SUP148,24,256,,False,2024-11-10,Active,1506.84,203,C,0,0,0
P02989,TOY-02989-1945,Ostrom Deluxe Vehicle Toy Set,Toys,Action Figures & Playsets,Ostrom,8.89,16.99,SUP028,55,292,,False,2025-05-17,Active,2258.48,142,B,0,0,0
P02990,SPO-02990-7266,Kestrel Premium Camp Chair,Sports,Outdoor Recreation,Kestrel,81.52,115.99,SUP043,17,64,,False,2024-02-17,Active,16043.06,147,A,0,0,1
P02991,AUT-02991-4354,Vertex Max Tire Inflator,Automotive,Tire & Wheel Care,Vertex,19.4,31.99,SUP264,24,240,,True,2025-06-30,Discontinued,0.0,0,C,0,1,0
P02992,ELE-02992-6084,Everline Everyday Tripod Kit,Electronics,Cameras & Accessories,Everline,56.92,124.99,SUP028,47,125,,False,2025-04-10,Active,4395.93,40,B,0,1,0
P02993,PER-02993-6536,Vertex Elite Pulse Oximeter,Personal Care,Health Monitoring,Vertex,2.81,4.99,SUP080,5,539,120.0,False,2026-01-16,Discontinued,28.87,7,C,0,1,0
P02994,PER-02994-1793,Everline Lite Electric Toothbrush,Personal Care,Oral Care,Everline,10.52,16.99,SUP077,20,205,98.0,False,2025-10-29,Active,2137.58,134,B,0,0,1
P02995,CLO-02995-2720,Fernwood Everyday High-Waist Jeans,Clothing,Women's Apparel,Fernwood,2.52,6.99,SUP294,35,435,,False,2026-06-22,Discontinued,0.0,0,C,0,1,0
P02996,BOO-02996-8595,Fernwood Series 2 Illustrated Novel,Books,Comics & Graphic Novels,Fernwood,2.98,5.99,SUP290,33,309,,False,2026-04-30,Active,918.95,165,C,0,0,0
P02997,HOM-02997-3438,ClearPath X200 Wall Art Set,Home & Kitchen,Home Decor,ClearPath,12.39,22.99,SUP196,38,204,,False,2024-06-02,Active,2685.0,132,B,0,0,0
P02998,BEA-02998-4406,Silverpine Advanced Fragrance Gift Set,Beauty,Fragrances,Silverpine,4.99,9.99,SUP055,15,261,385.0,False,2026-06-04,Active,2150.73,231,B,0,0,0
P02999,HOM-02999-8156,Fernwood Lite Wall Art Set,Home & Kitchen,Home Decor,Fernwood,7.36,15.99,SUP036,27,336,,False,2024-01-28,Active,489.64,33,C,0,1,0
P03000,ELE-03000-3062,Crestmark Series 2 USB-C Hub,Electronics,Laptop Accessories,Crestmark,18.64,27.99,SUP018,43,238,,False,2025-02-20,Active,5417.07,210,B,0,0,0
P03001,PER-03001-1309,Ridgeline Everyday Multivitamin Bottle,Personal Care,Vitamins & Supplements,Ridgeline,5.54,10.99,SUP018,53,225,225.0,False,2026-04-30,Active,112.01,11,C,0,1,0
P03002,GRO-03002-5415,Solstice Ultra Rice 5lb Bag,Grocery,Pantry Staples,Solstice,4.19,5.99,SUP274,20,551,255.0,False,2025-07-12,Active,175.27,30,C,0,1,0
P03003,BOO-03003-9039,Silverpine Ultra Manga Box Set,Books,Comics & Graphic Novels,Silverpine,3.42,5.99,SUP171,49,423,,False,2026-06-23,Active,752.66,133,C,0,0,0
P03004,GRO-03004-5819,Vanture Essential Cereal Box,Grocery,Breakfast Foods,Vanture,2.83,4.24,SUP045,18,305,372.0,False,2025-05-23,Active,2364.09,604,B,1,0,0
P03005,BEA-03005-8059,Rockridge Essential Sunscreen SPF50,Beauty,Skincare,Rockridge,33.18,68.99,SUP230,39,85,125.0,False,2025-09-13,Discontinued,65.93,1,C,0,1,1
P03006,BEA-03006-5960,Sunneva Max Shampoo & Conditioner Set,Beauty,Haircare,Sunneva,4.32,11.99,SUP019,15,232,487.0,False,2025-05-01,Active,131.34,12,C,0,1,0
P03007,GRO-03007-3921,Rockridge Signature Rice 5lb Bag,Grocery,Pantry Staples,Rockridge,2.1,3.99,SUP155,46,650,197.0,True,2026-04-25,Seasonal,50.42,13,C,0,1,0
P03008,BOO-03008-8831,Harborlight Compact Early Reader Set,Books,Children's Books,Harborlight,3.56,5.99,SUP043,18,362,,False,2024-04-14,Active,352.67,62,C,0,0,0
P03009,PER-03009-4121,Quinley Everyday Blood Pressure Monitor,Personal Care,Health Monitoring,Quinley,8.23,12.99,SUP121,12,277,156.0,False,2024-12-21,Active,12780.79,1065,A,1,0,1
P03010,BEA-03010-3273,Kestrel Signature Loofah & Soap Set,Beauty,Bath & Body,Kestrel,1.55,3.99,SUP053,14,852,112.0,False,2025-09-03,Active,794.46,219,C,0,0,0
P03011,PER-03011-3190,Harborlight Everyday Water Flosser,Personal Care,Oral Care,Harborlight,2.64,4.99,SUP028,56,494,182.0,False,2025-03-25,Active,258.52,56,C,0,0,0
P03012,SPO-03012-3267,Pinnacle Pro Team Jersey,Sports,Team Sports Gear,Pinnacle,24.34,49.99,SUP274,20,116,,True,2026-05-30,Seasonal,3555.06,79,B,0,0,0
P03013,BOO-03013-1066,Timbercrest Advanced Illustrated Novel,Books,Comics & Graphic Novels,Timbercrest,6.55,11.99,SUP274,19,416,,False,2025-06-15,Active,8116.78,730,A,1,0,0
P03014,HOM-03014-8825,Ridgeline Everyday Plus Table Lamp,Home & Kitchen,Home Decor,Ridgeline,24.81,46.99,SUP147,25,116,,False,2024-04-25,Active,3331.47,77,B,0,0,0
P03015,ELE-03015-7358,Foundry Signature Screen Protector 2-Pack,Electronics,Mobile Accessories,Foundry,17.89,29.99,SUP231,15,221,,False,2025-07-13,Active,3632.16,128,B,0,0,0
P03016,AUT-03016-1612,Ironclad Essential Jump Starter,Automotive,Tools & Equipment,Ironclad,21.02,42.99,SUP047,32,197,,False,2024-10-11,Active,2370.17,58,B,0,0,0
P03017,CLO-03017-8160,Copperfield Ultra Kids Rain Jacket,Clothing,Kids' Apparel,Copperfield,11.95,27.99,SUP114,8,291,,True,2025-03-04,Seasonal,6297.75,247,B,0,0,0
P03018,BEA-03018-8123,Trailhaven Elite Sunscreen SPF50,Beauty,Skincare,Trailhaven,4.5,7.99,SUP052,63,378,75.0,False,2024-03-11,Active,720.55,100,C,0,0,0
P03019,TOY-03019-2650,Crestmark Series 2 Strategy Game,Toys,Board Games & Puzzles,Crestmark,41.09,61.99,SUP022,53,161,,False,2026-03-03,Active,12176.96,212,A,0,0,1
P03020,GRO-03020-3456,Meridian Signature Protein Bar Box,Grocery,Snacks,Meridian,4.31,5.99,SUP115,46,274,379.0,False,2025-01-02,Active,2941.79,531,B,1,0,0
P03021,TOY-03021-4585,Vaultis Classic Alphabet Learning Set,Toys,Educational Toys,Vaultis,4.89,7.99,SUP215,11,390,,False,2026-01-05,Active,2444.18,325,B,1,0,0
P03022,GRO-03022-6572,Foundry Deluxe Oatmeal Packets,Grocery,Breakfast Foods,Foundry,3.44,5.99,SUP215,12,541,369.0,False,2025-03-15,Active,298.11,53,C,0,0,0
P03023,PER-03023-5088,Timbercrest Classic Hand Sanitizer 3-Pack,Personal Care,Personal Hygiene,Timbercrest,6.08,11.99,SUP118,19,441,378.0,False,2026-05-14,Active,192.81,17,C,0,1,0
P03024,GRO-03024-3318,Ridgeline Elite Coffee Pods Box,Grocery,Beverages,Ridgeline,3.5,5.99,SUP121,12,513,465.0,False,2024-11-22,Active,313.71,58,C,0,0,0
P03025,HOM-03025-1804,Vertex Advanced Stock Pot,Home & Kitchen,Cookware,Vertex,67.03,148.99,SUP171,47,102,,False,2024-04-07,Discontinued,0.0,0,C,0,1,1
P03026,SPO-03026-9474,Trailhaven Premium Bike Water Bottle Cage,Sports,Cycling,Trailhaven,4.39,6.99,SUP274,20,561,,True,2025-03-10,Seasonal,460.74,74,C,0,0,0
P03027,HOM-03027-3609,Timbercrest Ultra Wall Art Set,Home & Kitchen,Home Decor,Timbercrest,13.16,28.99,SUP028,46,203,,False,2024-02-01,Active,1539.03,56,C,0,0,0
P03028,PER-03028-8083,Vanture Ultra Protein Powder,Personal Care,Vitamins & Supplements,Vanture,7.72,15.99,SUP115,39,303,222.0,False,2026-01-02,Active,2406.93,165,B,0,0,0
P03029,SPO-03029-3605,Aurelia Pro Yoga Mat,Sports,Fitness Equipment,Aurelia,17.0,33.99,SUP273,63,219,,False,2026-04-18,Active,2025.88,64,C,0,0,0
P03030,HOM-03030-9744,Meridian X200 Table Lamp,Home & Kitchen,Home Decor,Meridian,35.88,77.99,SUP159,14,101,,False,2024-07-14,Active,983.17,13,C,0,1,1
P03031,HOM-03031-8711,Palisade Compact Drawer Dividers,Home & Kitchen,Storage & Organization,Palisade,9.3,17.99,SUP236,2,240,,False,2024-02-18,Active,390.85,23,C,0,1,0
P03032,PER-03032-3006,Trailhaven X200 Body Wipes,Personal Care,Personal Hygiene,Trailhaven,1.61,2.99,SUP132,40,810,500.0,True,2025-11-22,Seasonal,3845.97,1392,B,1,0,0
P03033,BOO-03033-1955,Rockridge Signature Bedtime Stories Collection,Books,Children's Books,Rockridge,3.13,4.99,SUP274,22,440,,False,2025-09-20,Active,1253.29,269,C,1,0,0
P03034,AUT-03034-7637,BlueStone Series 2 Steering Wheel Cover,Automotive,Interior Accessories,BlueStone,9.68,15.99,SUP270,21,351,,False,2025-12-24,Active,430.69,30,C,0,1,0
P03035,ELE-03035-3129,Meridian Series 2 Laptop Stand,Electronics,Laptop Accessories,Meridian,307.5,547.99,SUP121,12,41,,False,2025-06-03,Active,117424.28,230,A,0,0,1
P03036,PER-03036-6361,Ironclad Elite Omega-3 Softgels,Personal Care,Vitamins & Supplements,Ironclad,11.03,19.99,SUP004,12,282,243.0,True,2025-06-13,Seasonal,615.25,33,C,0,1,1
P03037,CLO-03037-5087,Brightline Essential Kids Graphic Tee,Clothing,Kids' Apparel,Brightline,34.13,91.99,SUP159,15,92,,False,2024-09-04,Active,112257.78,1314,A,1,0,1
P03038,SPO-03038-5416,Harborlight Advanced Basketball,Sports,Team Sports Gear,Harborlight,72.97,121.99,SUP048,29,120,,False,2024-10-14,Active,11301.51,100,A,0,0,1
P03039,BEA-03039-2247,Cedarwood Max Fragrance Gift Set,Beauty,Fragrances,Cedarwood,1.81,4.99,SUP057,49,931,167.0,False,2025-07-29,Active,1675.21,361,C,1,0,0
P03040,ELE-03040-1761,NorthPoint Deluxe Wireless Mouse,Electronics,Laptop Accessories,NorthPoint,57.04,95.99,SUP115,44,112,,False,2026-05-04,Active,25645.44,291,A,1,0,0
P03041,PER-03041-2821,Brightline Signature Shaving Cream,Personal Care,Shaving & Grooming,Brightline,2.59,4.99,SUP121,14,403,420.0,False,2024-10-09,Active,3987.07,868,B,1,0,0
P03042,PER-03042-6223,Sunneva Pro Blood Pressure Monitor,Personal Care,Health Monitoring,Sunneva,6.21,12.99,SUP258,44,344,149.0,False,2024-11-27,Active,757.8,60,C,0,0,0
P03043,BEA-03043-9592,Novara X200 Makeup Brush Set,Beauty,Makeup,Novara,3.8,6.99,SUP010,42,285,194.0,False,2025-06-21,Active,6225.41,963,B,1,0,0
P03044,PER-03044-3352,Crestmark Advanced Omega-3 Softgels,Personal Care,Vitamins & Supplements,Crestmark,16.0,28.99,SUP075,26,122,382.0,False,2024-02-15,Active,590.75,23,C,0,1,1
P03045,HOM-03045-8815,BlueStone Pro Area Rug,Home & Kitchen,Home Decor,BlueStone,18.49,43.99,SUP171,51,151,,False,2025-08-18,Active,1773.77,42,C,0,0,0
P03046,HOM-03046-6198,Meridian Lite Drawer Dividers,Home & Kitchen,Storage & Organization,Meridian,7.17,12.99,SUP171,49,234,,False,2024-05-04,Active,1360.88,110,C,0,0,0
P03047,ELE-03047-2150,Glacier Essential Action Camera,Electronics,Cameras & Accessories,Glacier,21.99,31.99,SUP081,8,231,,False,2025-09-15,Active,13847.46,471,A,1,0,0
P03048,BEA-03048-6583,Halcyon Essential Cleansing Foam,Beauty,Skincare,Halcyon,4.05,8.99,SUP035,31,509,301.0,False,2026-03-24,Active,571.0,66,C,0,0,0
P03049,ELE-03049-3447,Trailhaven Premium Video Doorbell,Electronics,Smart Home Devices,Trailhaven,30.47,46.99,SUP069,35,164,,False,2026-04-15,Active,40899.36,934,A,1,0,0
P03050,BEA-03050-5581,Kestrel Lite Facial Moisturizer,Beauty,Skincare,Kestrel,7.57,17.99,SUP270,24,364,168.0,False,2024-05-16,Active,11632.69,697,A,1,0,0
P03051,HOM-03051-8830,Ironclad Everyday Air Fryer,Home & Kitchen,Small Appliances,Ironclad,18.33,40.99,SUP064,13,161,,False,2025-06-28,Active,3429.18,89,B,0,0,0
P03052,SPO-03052-8584,Rockridge Pro Bike Helmet,Sports,Cycling,Rockridge,9.05,14.99,SUP146,42,384,,True,2025-02-12,Seasonal,421.74,31,C,0,1,0
P03053,AUT-03053-4158,Vaultis Premium Seat Cover Set,Automotive,Interior Accessories,Vaultis,23.83,40.99,SUP274,18,169,,True,2025-03-23,Seasonal,12805.71,336,A,1,0,0
P03054,SPO-03054-3549,Everline Advanced Shin Guards,Sports,Team Sports Gear,Everline,17.15,33.99,SUP026,30,143,,False,2025-09-23,Discontinued,0.0,0,C,0,1,0
P03055,HOM-03055-4975,Foundry Lite Coffee Maker,Home & Kitchen,Small Appliances,Foundry,16.56,31.99,SUP261,53,222,,False,2026-06-22,Active,9418.26,312,A,1,0,0
P03056,TOY-03056-6502,Quinley Series 2 STEM Building Kit,Toys,Educational Toys,Quinley,14.77,32.99,SUP215,13,215,,False,2025-06-07,Active,1034.45,33,C,0,1,0
P03057,HOM-03057-2642,Ironclad Lite Nonstick Frying Pan,Home & Kitchen,Cookware,Ironclad,29.56,48.99,SUP144,21,154,,False,2025-05-20,Active,24839.61,548,A,1,0,0
P03058,TOY-03058-9065,Halcyon Classic Kickball Set,Toys,Outdoor Play,Halcyon,11.96,29.99,SUP277,46,185,,False,2025-08-18,Active,197.63,8,C,0,1,0
P03059,CLO-03059-5921,Vaultis Elite Performance Tank,Clothing,Activewear,Vaultis,11.76,18.99,SUP019,16,251,,False,2025-04-05,Active,445.36,25,C,0,1,0
P03060,BEA-03060-3062,Vanture Series 2 Body Lotion,Beauty,Bath & Body,Vanture,1.76,4.99,SUP258,49,422,514.0,True,2024-11-14,Seasonal,1241.76,268,C,1,0,0
P03061,ELE-03061-2306,Willowbrook Pro Soundbar,Electronics,Headphones & Audio,Willowbrook,53.93,95.99,SUP045,16,128,,False,2026-01-20,Active,17666.72,199,A,0,0,0
P03062,AUT-03062-6570,Trailhaven Signature Wheel Cover Set,Automotive,Tire & Wheel Care,Trailhaven,5.19,10.99,SUP096,8,399,,False,2025-08-26,Active,743.94,72,C,0,0,0
P03063,PER-03063-5713,BlueStone X200 Body Wipes,Personal Care,Personal Hygiene,BlueStone,9.71,16.99,SUP027,41,296,123.0,True,2025-05-30,Seasonal,1076.77,68,C,0,0,1
P03064,SPO-03064-3086,Sunneva Lite Bike Helmet,Sports,Cycling,Sunneva,5.72,10.99,SUP148,25,370,,False,2024-01-09,Active,5658.03,554,B,1,0,0
P03065,PER-03065-9267,Vanture Everyday Plus Hand Sanitizer 3-Pack,Personal Care,Personal Hygiene,Vanture,2.24,3.99,SUP034,49,824,158.0,False,2024-09-08,Active,2270.55,624,B,1,0,0
P03066,PER-03066-6364,Foundry X200 Deodorant 2-Pack,Personal Care,Personal Hygiene,Foundry,4.92,9.99,SUP063,3,242,477.0,False,2024-08-28,Active,780.72,83,C,0,0,0
P03067,HOM-03067-5294,Lumino Elite Sheet Set,Home & Kitchen,Bedding & Linens,Lumino,75.37,152.99,SUP018,42,82,,False,2025-08-15,Active,4328.52,30,B,0,1,1
P03068,SPO-03068-3601,Crestmark Elite Yoga Towel,Sports,Yoga & Wellness,Crestmark,6.55,9.99,SUP077,20,370,,False,2024-04-22,Active,207.21,24,C,0,1,0
P03069,GRO-03069-8391,Willowbrook Deluxe Oatmeal Packets,Grocery,Breakfast Foods,Willowbrook,4.24,6.99,SUP032,41,445,438.0,False,2024-12-14,Active,747.94,112,C,0,0,0
P03070,CLO-03070-8823,Silverpine Pro Canvas Sneakers,Clothing,Footwear,Silverpine,10.62,26.99,SUP194,3,294,,True,2025-02-19,Seasonal,7173.12,285,B,1,0,0
P03071,HOM-03071-6166,Silverpine Max Cookware Set,Home & Kitchen,Cookware,Silverpine,13.31,24.99,SUP174,23,308,,False,2025-11-06,Active,2945.93,124,B,0,0,0
P03072,PER-03072-9516,Amberfield Max Body Wipes,Personal Care,Personal Hygiene,Amberfield,11.47,21.99,SUP188,22,234,82.0,False,2024-05-12,Active,620.3,30,C,0,1,1
P03073,SPO-03073-4304,Pinnacle Lite Foam Roller,Sports,Fitness Equipment,Pinnacle,8.94,19.99,SUP192,67,341,,True,2025-07-06,Seasonal,23607.61,1274,A,1,0,0
P03074,GRO-03074-1521,Timbercrest Deluxe Coffee Pods Box,Grocery,Beverages,Timbercrest,4.88,6.99,SUP022,59,378,246.0,True,2025-05-14,Seasonal,0.0,0,C,0,1,0
P03075,BEA-03075-9477,Vaultis Elite Cleansing Foam,Beauty,Skincare,Vaultis,17.07,30.99,SUP052,61,229,120.0,False,2025-11-05,Active,7356.71,257,B,1,0,1
P03076,BEA-03076-7268,Ostrom Compact Cleansing Foam,Beauty,Skincare,Ostrom,1.99,5.99,SUP212,11,620,464.0,False,2024-06-13,Active,1318.47,240,C,0,0,0
P03077,TOY-03077-9970,Palisade Series 2 Magnetic Tile Set,Toys,Building Sets,Palisade,20.16,37.99,SUP143,53,166,,False,2025-06-30,Active,5364.77,151,B,0,0,1
P03078,PER-03078-7664,Halcyon Lite Whitening Kit,Personal Care,Oral Care,Halcyon,3.35,6.99,SUP171,46,651,352.0,False,2025-01-12,Active,245.08,37,C,0,1,0
P03079,GRO-03079-3927,Novara X200 Salad Dressing Set,Grocery,Condiments & Sauces,Novara,4.26,7.99,SUP017,16,473,136.0,False,2024-08-24,Active,518.1,69,C,0,0,0
P03080,CLO-03080-7189,Driftwood Series 2 Running Shoes,Clothing,Footwear,Driftwood,6.38,14.99,SUP107,20,378,,True,2024-03-08,Seasonal,1968.1,142,C,0,0,0
P03081,BOO-03081-9897,Ironclad Max Short Story Collection,Books,Fiction,Ironclad,2.15,4.99,SUP116,15,605,,False,2024-12-13,Active,615.34,132,C,0,0,0
P03082,BEA-03082-5007,Ironclad Everyday Plus Sunscreen SPF50,Beauty,Skincare,Ironclad,6.76,18.99,SUP196,32,200,81.0,False,2025-02-05,Active,237.7,13,C,0,1,0
P03083,CLO-03083-9855,Crestmark Pro Blouse,Clothing,Women's Apparel,Crestmark,14.43,37.99,SUP274,22,183,,False,2024-02-16,Active,28467.98,816,A,1,0,0
P03084,ELE-03084-4295,Quinley Series 2 Camera Backpack,Electronics,Cameras & Accessories,Quinley,36.31,62.99,SUP161,48,77,,False,2026-01-06,Active,15682.86,269,A,1,0,0
P03085,HOM-03085-3868,Ironclad Lite Stand Mixer,Home & Kitchen,Small Appliances,Ironclad,3.67,6.99,SUP218,46,534,,False,2025-09-22,Active,1322.89,201,C,0,0,0
P03086,BEA-03086-4466,Willowbrook Signature Fragrance Gift Set,Beauty,Fragrances,Willowbrook,5.89,15.99,SUP176,47,429,235.0,False,2024-10-16,Active,1837.9,123,C,0,0,0
P03087,PER-03087-5101,Driftwood Deluxe Grooming Kit,Personal Care,Shaving & Grooming,Driftwood,4.41,8.99,SUP274,18,240,217.0,False,2024-02-12,Active,8535.52,1025,A,1,0,0
P03088,GRO-03088-9402,Solstice Lite Coffee Pods Box,Grocery,Beverages,Solstice,3.34,5.99,SUP245,13,466,433.0,False,2025-10-06,Active,239.06,42,C,0,0,0
P03089,HOM-03089-1367,Rockridge Essential Closet Organizer,Home & Kitchen,Storage & Organization,Rockridge,15.46,27.99,SUP058,9,270,,True,2024-01-22,Seasonal,816.42,31,C,0,1,0
P03090,TOY-03090-2366,Vertex Classic Sidewalk Chalk Set,Toys,Outdoor Play,Vertex,12.23,23.99,SUP052,58,151,,False,2025-01-23,Active,7171.35,322,B,1,0,0
P03091,PER-03091-1144,Silverpine Lite Hand Sanitizer 3-Pack,Personal Care,Personal Hygiene,Silverpine,4.34,9.99,SUP274,19,355,248.0,True,2024-07-07,Seasonal,1492.23,166,C,0,0,0
P03092,BEA-03092-6040,Vanture Pro Loofah & Soap Set,Beauty,Bath & Body,Vanture,13.17,38.99,SUP171,50,148,247.0,False,2024-08-01,Active,363.34,10,C,0,1,1
P03093,ELE-03093-2423,Comet Classic Lens Filter Set,Electronics,Cameras & Accessories,Comet,49.96,101.99,SUP121,14,105,,False,2025-11-19,Active,37662.48,401,A,1,0,0
P03094,SPO-03094-9725,Silverpine Ultra Soccer Ball,Sports,Team Sports Gear,Silverpine,6.4,10.99,SUP200,56,336,,True,2024-10-03,Seasonal,1992.48,195,C,0,0,0
P03095,BEA-03095-3415,Glacier X200 Facial Moisturizer,Beauty,Skincare,Glacier,9.45,18.99,SUP073,20,239,209.0,False,2024-08-11,Active,596.06,34,C,0,1,0
P03096,SPO-03096-4412,Ironclad Series 2 Bike Water Bottle Cage,Sports,Cycling,Ironclad,10.75,21.99,SUP244,37,316,,False,2024-10-02,Active,4191.22,205,B,0,0,0
P03097,GRO-03097-9024,Lumino Pro Pasta Sauce Jar,Grocery,Condiments & Sauces,Lumino,2.36,3.7,SUP158,21,521,445.0,False,2024-05-15,Active,676.05,196,C,0,0,0
P03098,ELE-03098-6966,Copperfield Classic Laptop Stand,Electronics,Laptop Accessories,Copperfield,180.59,291.99,SUP261,63,35,,False,2025-11-08,Active,14376.67,53,A,0,0,1
P03099,GRO-03099-3946,Trailhaven Compact Herbal Tea Sampler,Grocery,Beverages,Trailhaven,2.62,4.0,SUP176,52,669,377.0,False,2025-03-27,Active,646.22,174,C,0,0,0
P03100,SPO-03100-9445,Everline Compact Yoga Towel,Sports,Yoga & Wellness,Everline,79.64,155.99,SUP064,13,61,,False,2024-07-02,Active,16581.52,115,A,0,0,1
P03101,BEA-03101-7452,Copperfield Pro Fragrance Gift Set,Beauty,Fragrances,Copperfield,16.96,30.99,SUP288,36,228,439.0,False,2024-10-07,Active,7546.13,260,B,1,0,1
P03102,HOM-03102-1215,Aurelia Essential Pillow 2-Pack,Home & Kitchen,Bedding & Linens,Aurelia,23.09,36.99,SUP115,36,152,,False,2026-06-10,Active,2783.98,82,B,0,0,0
P03103,CLO-03103-9519,Cedarwood Everyday Ankle Boots,Clothing,Footwear,Cedarwood,8.62,21.99,SUP220,54,210,,False,2025-06-11,Active,947.0,47,C,0,0,0
P03104,TOY-03104-1237,Pinnacle Lite Model Kit,Toys,Building Sets,Pinnacle,21.93,37.99,SUP064,11,109,,False,2025-09-18,Active,3113.11,88,B,0,0,1
P03105,ELE-03105-5736,Novara Max Sleep Tracker Ring,Electronics,Wearable Tech,Novara,13.26,28.99,SUP115,46,280,,True,2026-02-20,Seasonal,17812.81,661,A,1,0,0
P03106,SPO-03106-1937,Glacier Compact Soccer Ball,Sports,Team Sports Gear,Glacier,17.63,25.99,SUP213,41,142,,False,2024-12-31,Active,5812.13,243,B,0,0,0
P03107,SPO-03107-8553,Ridgeline Lite Yoga Towel,Sports,Yoga & Wellness,Ridgeline,35.43,81.99,SUP198,23,181,,False,2024-11-13,Active,2995.92,42,B,0,0,1
P03108,BEA-03108-8402,Willowbrook Deluxe Cologne,Beauty,Fragrances,Willowbrook,5.74,9.99,SUP274,22,353,352.0,False,2026-06-29,Active,1073.21,120,C,0,0,0
P03109,PER-03109-4740,Comet Everyday Plus Grooming Kit,Personal Care,Shaving & Grooming,Comet,7.71,16.99,SUP239,32,352,444.0,True,2025-05-31,Seasonal,11590.53,732,A,1,0,0
P03110,AUT-03110-3986,Foundry Pro Socket Wrench Set,Automotive,Tools & Equipment,Foundry,10.01,19.99,SUP083,18,270,,True,2024-07-16,Seasonal,7894.04,431,A,1,0,0
P03111,GRO-03111-3296,Copperfield Ultra Cereal Box,Grocery,Breakfast Foods,Copperfield,5.85,8.99,SUP258,41,489,241.0,True,2026-02-21,Seasonal,907.62,110,C,0,0,1
P03112,ELE-03112-9348,Ashford Advanced Phone Case,Electronics,Mobile Accessories,Ashford,65.38,103.99,SUP274,21,71,,False,2025-11-26,Active,39628.7,413,A,1,0,0
P03113,GRO-03113-7950,Meridian Premium Rice 5lb Bag,Grocery,Pantry Staples,Meridian,2.91,4.34,SUP280,13,457,433.0,False,2024-12-31,Active,210.31,52,C,0,0,0
P03114,HOM-03114-1995,Trailhaven Ultra Wall Art Set,Home & Kitchen,Home Decor,Trailhaven,21.36,50.99,SUP270,18,223,,False,2024-09-04,Active,7749.83,168,B,0,0,0
P03115,CLO-03115-6790,Silverpine Max Crew Neck Tee 3-Pack,Clothing,Men's Apparel,Silverpine,26.63,56.99,SUP197,19,110,,True,2025-08-22,Seasonal,47531.74,908,A,1,0,1
P03116,PER-03116-9400,Ridgeline X200 Body Wipes,Personal Care,Personal Hygiene,Ridgeline,2.18,3.99,SUP237,38,655,495.0,False,2025-05-10,Active,1540.65,411,C,1,0,0
P03117,AUT-03117-6950,Rockridge Ultra Backup Camera,Automotive,Car Electronics,Rockridge,6.82,12.99,SUP177,22,422,,False,2024-08-03,Active,14557.69,1203,A,1,0,0
P03118,GRO-03118-3967,Palisade Deluxe Granola Bites,Grocery,Snacks,Palisade,1.75,3.0,SUP081,7,947,370.0,True,2024-02-19,Seasonal,324.13,115,C,0,0,0
P03119,BEA-03119-3969,Driftwood Ultra Hair Dryer,Beauty,Haircare,Driftwood,5.34,13.99,SUP245,16,453,208.0,False,2026-01-17,Active,921.86,75,C,0,0,0
P03120,ELE-03120-8896,Quinley Ultra Screen Protector 2-Pack,Electronics,Mobile Accessories,Quinley,34.27,55.99,SUP052,60,82,,False,2026-02-10,Active,22432.82,431,A,1,0,0
P03121,CLO-03121-5467,Lumino Everyday Plus Sandals,Clothing,Footwear,Lumino,5.22,8.99,SUP115,35,386,,False,2026-04-06,Active,168.14,20,C,0,1,0
P03122,ELE-03122-3552,Novara Lite USB-C Hub,Electronics,Laptop Accessories,Novara,23.36,50.99,SUP088,40,186,,False,2024-11-29,Active,7161.46,149,B,0,0,0
P03123,PER-03123-4508,Brightline Everyday Plus Pulse Oximeter,Personal Care,Health Monitoring,Brightline,7.97,12.99,SUP034,45,241,386.0,False,2025-10-04,Active,4571.38,380,B,1,0,1
P03124,AUT-03124-3392,Cedarwood Max Backup Camera,Automotive,Car Electronics,Cedarwood,64.3,101.99,SUP240,29,106,,False,2025-06-17,Active,12478.7,131,A,0,0,1
P03125,HOM-03125-9130,Copperfield Lite Storage Bin Set,Home & Kitchen,Storage & Organization,Copperfield,16.02,32.99,SUP137,48,266,,False,2024-08-30,Active,179.81,6,C,0,1,0
P03126,SPO-03126-1632,UrbanNest Advanced Camping Tent,Sports,Outdoor Recreation,UrbanNest,45.96,82.99,SUP158,27,124,,False,2026-04-25,Active,564.29,7,C,0,1,1
P03127,CLO-03127-9382,Novara Essential Slim Fit Shirt,Clothing,Men's Apparel,Novara,7.1,19.99,SUP149,71,307,,False,2024-11-02,Active,1596.51,86,C,0,0,0
P03128,TOY-03128-5912,Silverpine Classic Kickball Set,Toys,Outdoor Play,Silverpine,15.54,25.99,SUP195,45,245,,False,2024-01-28,Active,3480.14,143,B,0,0,0
P03129,CLO-03129-2018,Vanture Ultra Crew Neck Tee 3-Pack,Clothing,Men's Apparel,Vanture,6.36,15.99,SUP035,33,270,,False,2024-05-31,Active,4342.99,293,B,1,0,0
P03130,HOM-03130-6156,Vaultis X200 Weighted Blanket,Home & Kitchen,Bedding & Linens,Vaultis,59.75,94.99,SUP149,52,109,,False,2026-06-01,Active,5294.94,59,B,0,0,1
P03131,BOO-03131-7374,Solstice Pro Self-Help Guide,Books,Non-Fiction,Solstice,5.68,10.99,SUP064,10,351,,False,2024-03-03,Active,2689.56,263,B,1,0,0
P03132,ELE-03132-8565,Brightline Elite GPS Running Watch,Electronics,Wearable Tech,Brightline,96.06,198.99,SUP290,38,81,,False,2025-04-23,Active,16351.02,94,A,0,0,1
P03133,BOO-03133-3362,Novara Everyday Plus Picture Book,Books,Children's Books,Novara,3.72,6.99,SUP018,55,436,,False,2025-03-18,Active,428.04,67,C,0,0,0
P03134,HOM-03134-6305,Glacier Premium Closet Organizer,Home & Kitchen,Storage & Organization,Glacier,20.27,43.99,SUP274,23,161,,False,2025-12-13,Active,7555.96,184,B,0,0,0
P03135,SPO-03135-7434,Silverpine Advanced Shin Guards,Sports,Team Sports Gear,Silverpine,7.08,11.99,SUP018,48,190,,False,2026-01-18,Active,672.2,63,C,0,0,0
P03136,AUT-03136-8124,Kestrel Lite Tire Inflator,Automotive,Tire & Wheel Care,Kestrel,4.54,8.99,SUP022,62,435,,False,2025-03-07,Active,2933.34,357,B,1,0,0
P03137,ELE-03137-3301,Copperfield Everyday Plus Fitness Tracker,Electronics,Wearable Tech,Copperfield,9.82,15.99,SUP274,19,363,,False,2025-07-30,Active,820.21,56,C,0,0,0
P03138,BEA-03138-1784,Brightline Pro Facial Moisturizer,Beauty,Skincare,Brightline,9.86,18.99,SUP177,21,225,252.0,False,2026-01-14,Active,2423.53,137,B,0,0,0
P03139,SPO-03139-5004,Glacier Premium Yoga Towel,Sports,Yoga & Wellness,Glacier,8.96,16.99,SUP083,16,300,,False,2026-01-08,Active,2879.21,182,B,0,0,0
P03140,HOM-03140-3476,Vaultis Pro Pillow 2-Pack,Home & Kitchen,Bedding & Linens,Vaultis,16.71,33.99,SUP166,31,229,,True,2026-03-14,Seasonal,1901.23,59,C,0,0,0
P03141,CLO-03141-4690,Vertex Max Slim Fit Shirt,Clothing,Men's Apparel,Vertex,39.49,77.99,SUP034,59,131,,True,2025-10-06,Seasonal,12525.82,177,A,0,0,1
P03142,SPO-03142-8359,Silverpine Classic Shin Guards,Sports,Team Sports Gear,Silverpine,34.85,67.99,SUP019,14,173,,False,2024-12-14,Active,38789.91,619,A,1,0,0
P03143,GRO-03143-8349,Crestmark Advanced Granola Bites,Grocery,Snacks,Crestmark,6.94,9.99,SUP012,33,428,251.0,False,2025-05-24,Active,248.53,27,C,0,1,1
P03144,AUT-03144-3012,Vaultis Series 2 Backup Camera,Automotive,Car Electronics,Vaultis,6.95,12.99,SUP068,25,411,,False,2025-10-21,Active,6839.69,567,B,1,0,0
P03145,CLO-03145-4168,Trailhaven Signature Crew Neck Tee 3-Pack,Clothing,Men's Apparel,Trailhaven,8.65,24.99,SUP036,27,258,,False,2024-09-27,Active,8456.42,368,A,1,0,0
P03146,BOO-03146-3097,Brightline Deluxe Illustrated Novel,Books,Comics & Graphic Novels,Brightline,4.92,8.99,SUP115,46,261,,False,2026-06-29,Active,466.48,58,C,0,0,0
P03147,HOM-03147-9219,Harborlight Ultra Wall Art Set,Home & Kitchen,Home Decor,Harborlight,9.76,20.99,SUP262,13,237,,False,2025-02-08,Active,7178.81,374,B,1,0,0
P03148,ELE-03148-9247,Foundry Everyday Soundbar,Electronics,Headphones & Audio,Foundry,4.35,7.99,SUP102,16,412,,True,2025-11-21,Seasonal,996.66,132,C,0,0,0
P03149,ELE-03149-1935,ClearPath Lite USB-C Hub,Electronics,Laptop Accessories,ClearPath,44.79,92.99,SUP115,44,68,,False,2025-04-06,Active,38986.7,448,A,1,0,0
P03150,PER-03150-6143,Quinley Pro Cotton Swabs Bulk,Personal Care,Personal Hygiene,Quinley,3.77,8.99,SUP027,37,563,362.0,False,2026-05-22,Discontinued,0.0,0,C,0,1,0
P03151,AUT-03151-3113,Comet Everyday Plus Trunk Organizer,Automotive,Interior Accessories,Comet,3.18,5.99,SUP294,34,638,,False,2025-08-31,Active,7058.07,1274,B,1,0,0
P03152,TOY-03152-9291,Glacier Pro Vehicle Toy Set,Toys,Action Figures & Playsets,Glacier,4.17,10.99,SUP028,47,460,,False,2025-11-02,Discontinued,0.0,0,C,0,1,0
P03153,HOM-03153-3125,Rockridge Lite Stock Pot,Home & Kitchen,Cookware,Rockridge,4.49,8.99,SUP084,40,424,,False,2025-12-07,Active,1779.39,210,C,0,0,0
P03154,CLO-03154-3708,Kestrel Compact Kids Rain Jacket,Clothing,Kids' Apparel,Kestrel,6.61,12.99,SUP275,4,290,,False,2024-10-27,Active,747.18,62,C,0,0,0
P03155,TOY-03155-3301,Willowbrook Deluxe STEM Building Kit,Toys,Educational Toys,Willowbrook,17.92,38.99,SUP125,16,261,,False,2024-11-14,Active,19532.48,540,A,1,0,1
P03156,SPO-03156-5207,Aurelia Ultra Sleeping Bag,Sports,Outdoor Recreation,Aurelia,10.6,14.99,SUP084,41,234,,False,2026-01-24,Active,1721.53,124,C,0,0,0
P03157,ELE-03157-6382,Novara Everyday Laptop Sleeve,Electronics,Laptop Accessories,Novara,32.32,45.99,SUP207,35,100,,False,2025-02-25,Active,1777.83,41,C,0,1,0
P03158,AUT-03158-5076,UrbanNest Lite Socket Wrench Set,Automotive,Tools & Equipment,UrbanNest,9.02,12.99,SUP011,27,377,,False,2025-08-30,Active,7920.41,658,A,1,0,0
P03159,HOM-03159-4505,Harborlight Max Air Fryer,Home & Kitchen,Small Appliances,Harborlight,23.65,34.99,SUP082,10,205,,True,2025-04-17,Seasonal,8312.27,256,A,1,0,0
P03160,HOM-03160-9036,Willowbrook Premium Sheet Set,Home & Kitchen,Bedding & Linens,Willowbrook,22.12,35.99,SUP164,27,141,,False,2024-01-31,Active,1730.33,52,C,0,0,0
P03161,PER-03161-5119,Solstice Advanced Grooming Kit,Personal Care,Shaving & Grooming,Solstice,5.44,10.99,SUP294,40,375,75.0,False,2025-03-05,Active,498.34,48,C,0,0,0
P03162,CLO-03162-8306,Palisade Premium Training Jacket,Clothing,Activewear,Palisade,2.08,4.99,SUP290,33,650,,True,2024-06-06,Discontinued,82.29,16,C,0,1,0
P03163,BEA-03163-9897,Ironclad Elite Makeup Brush Set,Beauty,Makeup,Ironclad,15.19,44.99,SUP171,51,268,278.0,False,2024-03-20,Active,17185.47,410,A,1,0,1
P03164,CLO-03164-9128,Norwell Signature Performance Tank,Clothing,Activewear,Norwell,5.04,13.99,SUP086,50,387,,True,2024-08-26,Seasonal,2300.05,178,B,0,0,0
P03165,PER-03165-8425,Norwell Pro Razor Set,Personal Care,Shaving & Grooming,Norwell,4.78,10.99,SUP159,15,356,489.0,False,2024-09-23,Active,1133.38,110,C,0,0,0
P03166,ELE-03166-2284,Meridian Essential Sleep Tracker Ring,Electronics,Wearable Tech,Meridian,10.83,17.99,SUP274,22,264,,False,2025-11-09,Active,4849.66,292,B,1,0,0
P03167,TOY-03167-4892,Sunneva Pro Playset,Toys,Action Figures & Playsets,Sunneva,9.18,20.99,SUP189,2,376,,True,2024-08-17,Discontinued,0.0,0,C,0,1,0
P03168,GRO-03168-4280,Aurelia Deluxe Olive Oil,Grocery,Pantry Staples,Aurelia,2.19,3.51,SUP028,51,363,130.0,False,2025-12-27,Active,248.25,74,C,0,0,0
P03169,ELE-03169-7734,Foundry Signature Laptop Stand,Electronics,Laptop Accessories,Foundry,7.85,14.99,SUP290,37,329,,True,2024-07-10,Seasonal,1393.64,101,C,0,0,0
P03170,BEA-03170-2006,Copperfield Everyday Plus Vitamin C Serum,Beauty,Skincare,Copperfield,13.16,32.99,SUP270,24,141,439.0,False,2026-01-24,Active,8122.74,263,A,1,0,1
P03171,CLO-03171-2162,Foundry Premium Slim Fit Shirt,Clothing,Men's Apparel,Foundry,14.82,35.99,SUP052,50,164,,False,2025-04-24,Active,211.82,6,C,0,1,0
P03172,HOM-03172-6152,Pinnacle Series 2 Stand Mixer,Home & Kitchen,Small Appliances,Pinnacle,7.79,16.99,SUP183,25,342,,False,2024-03-02,Active,8573.64,548,A,1,0,0
P03173,BEA-03173-3900,Norwell Advanced Vitamin C Serum,Beauty,Skincare,Norwell,9.26,25.99,SUP262,17,314,351.0,True,2024-04-10,Seasonal,24891.85,1044,A,1,0,0
P03174,BOO-03174-8298,UrbanNest Premium Manga Box Set,Books,Comics & Graphic Novels,UrbanNest,8.82,16.99,SUP052,57,352,,False,2024-03-06,Active,233.37,16,C,0,1,1
P03175,CLO-03175-9394,Glacier Everyday Plus Wrap Dress,Clothing,Women's Apparel,Glacier,14.77,39.99,SUP274,19,213,,True,2025-01-09,Seasonal,2295.04,61,B,0,0,0
P03176,SPO-03176-1020,Driftwood Essential Soccer Ball,Sports,Team Sports Gear,Driftwood,32.94,55.99,SUP037,37,167,,False,2024-09-30,Active,7090.68,137,B,0,0,0
P03177,AUT-03177-9809,Comet Advanced Tire Inflator,Automotive,Tire & Wheel Care,Comet,13.28,21.99,SUP097,55,219,,False,2024-02-12,Active,5907.62,289,B,1,0,0
P03178,BEA-03178-6448,Comet Everyday Eyeshadow Palette,Beauty,Makeup,Comet,8.7,19.99,SUP274,20,205,364.0,False,2025-09-13,Discontinued,61.53,3,C,0,1,0
P03179,BEA-03179-8743,Lumino Deluxe Loofah & Soap Set,Beauty,Bath & Body,Lumino,7.2,18.99,SUP275,5,292,78.0,False,2026-02-17,Active,2655.84,151,B,0,0,0
P03180,CLO-03180-8145,Ironclad Pro Slim Fit Shirt,Clothing,Men's Apparel,Ironclad,6.12,16.99,SUP008,22,241,,False,2026-02-07,Active,1444.36,92,C,0,0,0
P03181,CLO-03181-6799,Vertex Everyday Plus Crew Neck Tee 3-Pack,Clothing,Men's Apparel,Vertex,6.38,14.99,SUP259,24,340,,False,2024-05-17,Active,1186.86,89,C,0,0,0
P03182,ELE-03182-6407,Copperfield Everyday Plus Wireless Earbuds,Electronics,Headphones & Audio,Copperfield,208.01,427.99,SUP196,29,49,,False,2026-03-03,Active,337521.27,844,A,1,0,1
P03183,GRO-03183-8304,UrbanNest Compact Protein Bar Box,Grocery,Snacks,UrbanNest,3.74,5.29,SUP261,55,349,462.0,False,2025-01-23,Active,504.2,104,C,0,0,0
P03184,HOM-03184-1572,Kestrel Lite Weighted Blanket,Home & Kitchen,Bedding & Linens,Kestrel,17.54,37.99,SUP132,32,185,,False,2024-07-08,Active,4872.43,136,B,0,0,0
P03185,BEA-03185-2279,Novara Deluxe Bath Bomb Set,Beauty,Bath & Body,Novara,9.84,21.99,SUP294,31,281,481.0,True,2024-05-01,Seasonal,1826.83,89,C,0,0,0
P03186,PER-03186-3901,Vertex Pro Cotton Swabs Bulk,Personal Care,Personal Hygiene,Vertex,7.84,14.99,SUP215,13,276,329.0,False,2025-11-30,Active,1335.94,94,C,0,0,0
P03187,BOO-03187-4624,Halcyon Ultra Mystery Novel,Books,Fiction,Halcyon,5.12,6.99,SUP218,53,282,,False,2024-08-21,Active,1397.62,216,C,0,0,0
P03188,BEA-03188-6928,Glacier Everyday Eau de Parfum,Beauty,Fragrances,Glacier,30.71,72.99,SUP115,34,191,242.0,True,2025-08-07,Seasonal,12671.13,185,A,0,0,1
P03189,CLO-03189-6372,Quinley Everyday Plus Compression Shorts,Clothing,Activewear,Quinley,40.24,74.99,SUP110,7,150,,False,2025-05-20,Active,940.63,14,C,0,1,1
P03190,SPO-03190-9048,Copperfield Essential Bike Lock,Sports,Cycling,Copperfield,75.62,142.99,SUP050,52,63,,False,2026-04-25,Active,9062.49,66,A,0,0,1
P03191,BEA-03191-6352,Copperfield Series 2 Shampoo & Conditioner Set,Beauty,Haircare,Copperfield,6.24,16.99,SUP018,55,324,307.0,False,2025-10-14,Active,1589.41,99,C,0,0,0
P03192,BEA-03192-4797,Copperfield Essential Styling Cream,Beauty,Haircare,Copperfield,5.73,11.99,SUP270,23,311,428.0,False,2025-12-05,Active,119.84,11,C,0,1,0
P03193,SPO-03193-3451,Ashford Everyday Massage Roller,Sports,Yoga & Wellness,Ashford,5.27,10.99,SUP170,23,518,,False,2025-03-25,Active,397.93,39,C,0,1,0
P03194,ELE-03194-8862,Kestrel Ultra Smart Bulb Kit,Electronics,Smart Home Devices,Kestrel,55.52,101.99,SUP159,15,118,,False,2025-04-27,Active,32526.59,344,A,1,0,0
P03195,CLO-03195-6681,Meridian Everyday Running Leggings,Clothing,Activewear,Meridian,75.36,196.99,SUP084,39,95,,False,2024-05-16,Active,1499.75,8,C,0,1,1
P03196,CLO-03196-5416,Kestrel Compact Wrap Dress,Clothing,Women's Apparel,Kestrel,23.63,50.99,SUP214,11,111,,False,2025-12-15,Active,114946.34,2440,A,1,0,1
P03197,TOY-03197-3556,Brightline Essential Playset,Toys,Action Figures & Playsets,Brightline,5.36,13.99,SUP115,39,264,,True,2025-11-16,Seasonal,5027.54,388,B,1,0,0
P03198,PER-03198-5815,Foundry X200 Whitening Kit,Personal Care,Oral Care,Foundry,5.41,11.99,SUP244,33,490,283.0,False,2024-10-08,Active,2595.78,230,B,0,0,0
P03199,TOY-03199-7773,Timbercrest Ultra Water Blaster,Toys,Outdoor Play,Timbercrest,17.38,37.99,SUP020,9,180,,True,2024-05-07,Seasonal,19732.96,556,A,1,0,0
P03200,CLO-03200-2018,Ridgeline Series 2 Wrap Dress,Clothing,Women's Apparel,Ridgeline,32.12,71.99,SUP058,11,79,,False,2025-12-17,Active,8272.33,125,A,0,0,1
P03201,HOM-03201-5308,Driftwood Lite Nonstick Frying Pan,Home & Kitchen,Cookware,Driftwood,16.2,34.99,SUP073,25,195,,False,2025-12-04,Active,5313.75,162,B,0,0,0
P03202,BOO-03202-8351,Kestrel X200 Short Story Collection,Books,Fiction,Kestrel,9.77,12.99,SUP008,19,285,,True,2025-12-13,Seasonal,130.89,11,C,0,1,1
P03203,AUT-03203-5865,Rockridge Premium Steering Wheel Cover,Automotive,Interior Accessories,Rockridge,48.42,83.99,SUP188,24,88,,False,2024-01-28,Active,12449.69,160,A,0,0,1
P03204,PER-03204-1434,NorthPoint Everyday Plus Grooming Kit,Personal Care,Shaving & Grooming,NorthPoint,12.99,19.99,SUP200,60,207,204.0,False,2026-02-18,Active,10417.53,561,A,1,0,1
P03205,AUT-03205-9496,Ostrom X200 Tool Kit,Automotive,Tools & Equipment,Ostrom,16.45,33.99,SUP115,34,157,,False,2024-11-24,Active,1095.14,33,C,0,1,0
P03206,HOM-03206-3332,Amberfield X200 Cast Iron Skillet,Home & Kitchen,Cookware,Amberfield,11.03,15.99,SUP237,40,230,,True,2024-08-09,Discontinued,0.0,0,C,0,1,0
P03207,SPO-03207-9786,Quinley Series 2 Bike Water Bottle Cage,Sports,Cycling,Quinley,13.42,22.99,SUP280,11,307,,True,2025-04-25,Discontinued,0.0,0,C,0,1,0
P03208,AUT-03208-2815,Brightline Elite Tire Pressure Gauge,Automotive,Tools & Equipment,Brightline,13.88,26.99,SUP211,23,206,,False,2026-02-13,Active,29443.44,1192,A,1,0,0
P03209,SPO-03209-8251,Quinley Series 2 Adjustable Dumbbell Set,Sports,Fitness Equipment,Quinley,15.36,27.99,SUP192,70,255,,False,2026-01-13,Active,2747.25,107,B,0,0,0
P03210,SPO-03210-3860,Rockridge Essential Resistance Bands Set,Sports,Fitness Equipment,Rockridge,11.62,18.99,SUP121,15,160,,False,2024-06-03,Active,14887.7,840,A,1,0,0
P03211,CLO-03211-4911,BlueStone Everyday Canvas Sneakers,Clothing,Footwear,BlueStone,37.66,82.99,SUP159,15,154,,False,2026-06-09,Active,5451.39,71,B,0,0,1
P03212,BOO-03212-4144,Willowbrook Deluxe Early Reader Set,Books,Children's Books,Willowbrook,4.8,8.99,SUP073,26,384,,False,2025-12-04,Active,445.4,54,C,0,0,0
P03213,GRO-03213-5057,Vertex Lite Cereal Box,Grocery,Breakfast Foods,Vertex,4.81,7.99,SUP058,9,338,272.0,False,2026-04-30,Active,11995.12,1614,A,1,0,0
P03214,ELE-03214-8138,UrbanNest Everyday Soundbar,Electronics,Headphones & Audio,UrbanNest,37.25,65.99,SUP008,22,132,,False,2026-04-28,Active,2527.16,40,B,0,1,0
P03215,AUT-03215-5646,Trailhaven Deluxe Tire Pressure Gauge,Automotive,Tools & Equipment,Trailhaven,26.31,37.99,SUP143,54,131,,False,2025-04-24,Active,2529.29,75,B,0,0,0
P03216,PER-03216-1607,Sunneva Max Probiotic Capsules,Personal Care,Vitamins & Supplements,Sunneva,9.91,18.99,SUP052,64,325,377.0,False,2024-02-02,Active,2871.45,164,B,0,0,1
P03217,AUT-03217-7918,NorthPoint Advanced Tire Pressure Gauge,Automotive,Tools & Equipment,NorthPoint,13.48,21.99,SUP134,31,270,,False,2024-03-06,Active,1065.82,52,C,0,0,0
P03218,GRO-03218-2015,Harborlight Max Popcorn Variety Pack,Grocery,Snacks,Harborlight,3.68,6.99,SUP245,15,340,254.0,False,2025-07-24,Active,1840.18,281,C,1,0,0
P03219,ELE-03219-7574,Vertex Elite Security Camera,Electronics,Smart Home Devices,Vertex,263.94,572.99,SUP102,14,40,,False,2024-03-24,Active,35066.92,65,A,0,0,1
P03220,GRO-03220-8481,Silverpine Classic Pasta Variety Pack,Grocery,Pantry Staples,Silverpine,1.5,2.99,SUP082,13,500,96.0,False,2025-08-24,Active,597.61,220,C,0,0,0
P03221,AUT-03221-3503,ClearPath Max Seat Cover Set,Automotive,Interior Accessories,ClearPath,175.72,305.99,SUP121,13,30,,False,2024-04-04,Active,3479.66,12,B,0,1,1
P03222,SPO-03222-3679,Silverpine Everyday Plus Massage Roller,Sports,Yoga & Wellness,Silverpine,10.84,18.99,SUP148,31,202,,True,2026-01-13,Discontinued,151.17,9,C,0,1,0
P03223,PER-03223-5089,Halcyon Everyday Water Flosser,Personal Care,Oral Care,Halcyon,3.4,6.99,SUP068,30,486,348.0,False,2024-08-31,Discontinued,17.58,3,C,0,1,0
P03224,GRO-03224-7560,Ostrom Signature Sports Drink Case,Grocery,Beverages,Ostrom,4.55,7.99,SUP171,53,481,312.0,False,2024-04-03,Active,259.37,35,C,0,1,0
P03225,CLO-03225-7093,UrbanNest Ultra Kids Rain Jacket,Clothing,Kids' Apparel,UrbanNest,52.51,79.99,SUP008,22,142,,False,2024-11-06,Active,6958.86,94,B,0,0,1
P03226,TOY-03226-6642,Copperfield Max Brick Building Set,Toys,Building Sets,Copperfield,20.85,35.99,SUP144,20,159,,False,2026-04-09,Active,729.22,22,C,0,1,1
P03227,HOM-03227-1674,Harborlight Pro Coffee Maker,Home & Kitchen,Small Appliances,Harborlight,9.63,21.99,SUP178,40,150,,False,2025-05-18,Active,392.0,20,C,0,1,0
P03228,PER-03228-9248,Rockridge Compact Pulse Oximeter,Personal Care,Health Monitoring,Rockridge,12.42,17.99,SUP134,29,256,373.0,False,2026-06-25,Active,250.02,15,C,0,1,1
P03229,BOO-03229-1963,Driftwood Advanced Activity Book,Books,Children's Books,Driftwood,7.79,11.99,SUP293,23,219,,False,2024-08-23,Active,1775.19,157,C,0,0,1
P03230,ELE-03230-6876,Ironclad Everyday Bluetooth Speaker,Electronics,Headphones & Audio,Ironclad,91.82,133.99,SUP030,9,80,,False,2025-09-04,Active,22457.42,180,A,0,0,1
P03231,ELE-03231-8417,UrbanNest Signature Wireless Charger,Electronics,Mobile Accessories,UrbanNest,179.89,362.99,SUP123,64,50,,False,2024-06-19,Discontinued,0.0,0,C,0,1,1
P03232,AUT-03232-7529,Quinley Ultra Jump Starter,Automotive,Tools & Equipment,Quinley,11.8,19.99,SUP075,24,189,,False,2025-01-27,Active,931.57,49,C,0,0,0
P03233,BOO-03233-9363,Foundry X200 Study Guide,Books,Educational & Reference,Foundry,3.87,6.99,SUP271,38,356,,False,2024-12-09,Active,1597.9,247,C,0,0,0
P03234,TOY-03234-2066,Meridian Everyday Counting Puzzle,Toys,Educational Toys,Meridian,6.77,15.99,SUP036,21,274,,False,2025-08-02,Active,1924.82,130,C,0,0,0
P03235,TOY-03235-2609,Palisade Series 2 STEM Building Kit,Toys,Educational Toys,Palisade,7.53,17.99,SUP154,14,215,,True,2025-09-06,Seasonal,8345.05,503,A,1,0,0
P03236,BEA-03236-2750,Rockridge Lite Eau de Parfum,Beauty,Fragrances,Rockridge,5.43,15.99,SUP115,39,420,405.0,False,2024-02-19,Active,978.7,66,C,0,0,0
P03237,TOY-03237-9249,Foundry Max Coding Robot Kit,Toys,Educational Toys,Foundry,3.29,6.99,SUP274,18,428,,False,2025-09-26,Active,197.27,29,C,0,1,0
P03238,PER-03238-9701,Sunneva Essential Water Flosser,Personal Care,Oral Care,Sunneva,6.63,10.99,SUP159,15,380,170.0,False,2025-11-17,Active,4008.4,387,B,1,0,0
P03239,HOM-03239-8698,Willowbrook Series 2 Stand Mixer,Home & Kitchen,Small Appliances,Willowbrook,25.13,46.99,SUP134,26,165,,False,2024-12-14,Active,2478.0,58,B,0,0,0
P03240,TOY-03240-7019,Cedarwood Deluxe Action Figure,Toys,Action Figures & Playsets,Cedarwood,2.35,5.99,SUP164,27,434,,False,2024-03-04,Active,155.81,30,C,0,1,0
P03241,GRO-03241-2320,Driftwood Signature Trail Mix,Grocery,Snacks,Driftwood,7.61,9.99,SUP204,18,251,212.0,True,2025-01-20,Seasonal,2609.1,283,B,1,0,1
P03242,GRO-03242-4822,Vaultis Premium Sports Drink Case,Grocery,Beverages,Vaultis,5.66,8.99,SUP010,54,476,505.0,False,2024-10-21,Active,5022.27,609,B,1,0,1
P03243,BEA-03243-2317,Silverpine Premium Cleansing Foam,Beauty,Skincare,Silverpine,9.7,25.99,SUP058,10,242,200.0,True,2025-12-23,Seasonal,3398.22,140,B,0,0,0
P03244,AUT-03244-1907,Glacier Lite Bluetooth Car Adapter,Automotive,Car Electronics,Glacier,29.15,39.99,SUP055,14,95,,False,2024-05-07,Active,960.19,26,C,0,1,0
P03245,ELE-03245-5417,Harborlight Classic Tripod Kit,Electronics,Cameras & Accessories,Harborlight,12.65,18.99,SUP115,35,252,,False,2024-09-27,Active,23193.28,1311,A,1,0,0
P03246,BEA-03246-7853,Rockridge Advanced Foundation,Beauty,Makeup,Rockridge,1.67,4.99,SUP162,57,591,142.0,False,2025-10-24,Active,1143.79,247,C,0,0,0
P03247,SPO-03247-8082,Silverpine Deluxe Basketball,Sports,Team Sports Gear,Silverpine,11.96,24.99,SUP274,20,225,,False,2026-05-07,Active,2778.64,121,B,0,0,0
P03248,ELE-03248-6656,Norwell Elite Wireless Charger,Electronics,Mobile Accessories,Norwell,12.24,24.99,SUP159,14,171,,False,2025-06-26,Active,1774.92,77,C,0,0,0
P03249,TOY-03249-5421,Pinnacle Compact Water Blaster,Toys,Outdoor Play,Pinnacle,8.22,16.99,SUP037,42,166,,False,2024-01-03,Active,6953.54,442,B,1,0,0
P03250,PER-03250-9786,Copperfield Pro Hand Sanitizer 3-Pack,Personal Care,Personal Hygiene,Copperfield,6.06,9.99,SUP156,22,361,297.0,True,2025-09-29,Discontinued,0.0,0,C,0,1,0
P03251,ELE-03251-8396,Vertex Pro Smartwatch Band,Electronics,Wearable Tech,Vertex,63.78,115.99,SUP115,40,87,,False,2024-01-29,Active,1231.37,12,C,0,1,0
P03252,HOM-03252-7966,Amberfield X200 Shelving Unit,Home & Kitchen,Storage & Organization,Amberfield,15.17,31.99,SUP176,54,187,,False,2024-02-28,Active,39184.2,1326,A,1,0,0
P03253,PER-03253-2194,Aurelia Everyday Toothbrush 4-Pack,Personal Care,Oral Care,Aurelia,9.11,13.99,SUP174,29,366,404.0,True,2025-08-31,Seasonal,416.11,33,C,0,1,1
P03254,HOM-03254-1565,Norwell Pro Stand Mixer,Home & Kitchen,Small Appliances,Norwell,11.33,18.99,SUP185,17,190,,False,2024-12-03,Active,7566.05,432,B,1,0,0
P03255,ELE-03255-3225,Meridian Deluxe USB-C Hub,Electronics,Laptop Accessories,Meridian,53.15,83.99,SUP297,55,109,,False,2024-01-25,Active,42246.51,552,A,1,0,0
P03256,PER-03256-9030,Novara Deluxe Smart Scale,Personal Care,Health Monitoring,Novara,2.93,6.99,SUP008,17,642,223.0,False,2025-01-05,Active,1042.08,162,C,0,0,0
P03257,AUT-03257-7556,Glacier Classic Tool Kit,Automotive,Tools & Equipment,Glacier,42.26,86.99,SUP218,52,111,,False,2024-12-11,Active,1559.15,19,C,0,1,1
P03258,SPO-03258-3322,Sunneva Elite Camping Tent,Sports,Outdoor Recreation,Sunneva,17.94,30.99,SUP258,38,225,,False,2025-07-03,Active,6692.29,234,B,0,0,0
P03259,CLO-03259-5581,Kestrel Pro Blouse,Clothing,Women's Apparel,Kestrel,7.95,12.99,SUP058,10,304,,False,2026-05-10,Active,8939.27,739,A,1,0,0
P03260,PER-03260-1069,Ashford Series 2 Blood Pressure Monitor,Personal Care,Health Monitoring,Ashford,2.39,5.99,SUP218,51,489,355.0,False,2024-04-03,Active,1151.59,207,C,0,0,0
P03261,SPO-03261-4687,Cedarwood Everyday Plus Camp Chair,Sports,Outdoor Recreation,Cedarwood,20.91,34.99,SUP022,62,230,,False,2025-08-30,Active,610.28,19,C,0,1,0
P03262,SPO-03262-5956,Glacier Max Resistance Bands Set,Sports,Fitness Equipment,Glacier,40.87,68.99,SUP159,12,105,,False,2025-08-13,Active,8542.28,134,A,0,0,1
P03263,AUT-03263-8520,Aurelia Everyday Tool Kit,Automotive,Tools & Equipment,Aurelia,11.5,23.99,SUP082,12,228,,False,2026-06-09,Active,317.62,15,C,0,1,0
P03264,SPO-03264-7089,Brightline Series 2 Yoga Mat,Sports,Fitness Equipment,Brightline,17.79,34.99,SUP052,50,210,,True,2024-12-25,Discontinued,32.53,1,C,0,1,0
P03265,CLO-03265-2259,Crestmark Advanced Ankle Boots,Clothing,Footwear,Crestmark,5.16,11.99,SUP176,46,397,,False,2024-05-27,Active,890.28,80,C,0,0,0
P03266,BEA-03266-1527,Halcyon Compact Fragrance Gift Set,Beauty,Fragrances,Halcyon,6.72,12.99,SUP115,40,321,191.0,False,2026-04-06,Active,1361.64,115,C,0,0,0
P03267,CLO-03267-4673,Vertex Essential Crew Neck Tee 3-Pack,Clothing,Men's Apparel,Vertex,39.45,99.99,SUP034,54,140,,False,2024-02-15,Active,716.23,8,C,0,1,1
P03268,CLO-03268-9492,Palisade Signature High-Waist Jeans,Clothing,Women's Apparel,Palisade,4.84,10.99,SUP171,53,444,,False,2025-02-14,Active,1840.34,179,C,0,0,0
P03269,BEA-03269-9129,Aurelia Lite Body Lotion,Beauty,Bath & Body,Aurelia,13.69,23.99,SUP150,49,220,128.0,False,2025-08-19,Active,3151.33,142,B,0,0,1
P03270,BEA-03270-1022,Foundry Everyday Facial Moisturizer,Beauty,Skincare,Foundry,5.11,8.99,SUP012,26,371,107.0,False,2024-04-03,Active,668.27,78,C,0,0,0
P03271,TOY-03271-9191,Silverpine Compact Collectible Figure 3-Pack,Toys,Action Figures & Playsets,Silverpine,18.8,35.99,SUP247,6,129,,False,2024-09-27,Active,34.73,1,C,0,1,1
P03272,BEA-03272-1220,Aurelia Signature Styling Cream,Beauty,Haircare,Aurelia,8.42,21.99,SUP294,35,331,388.0,True,2024-04-04,Seasonal,2754.7,136,B,0,0,0
P03273,ELE-03273-4303,Brightline Elite Lens Filter Set,Electronics,Cameras & Accessories,Brightline,112.7,204.99,SUP087,7,96,,False,2026-02-10,Active,142741.31,741,A,1,0,1
P03274,GRO-03274-1129,Lumino Elite Pasta Variety Pack,Grocery,Pantry Staples,Lumino,1.5,2.99,SUP294,41,595,108.0,False,2024-08-19,Active,649.31,237,C,0,0,0
P03275,HOM-03275-4839,Ironclad Everyday Wall Art Set,Home & Kitchen,Home Decor,Ironclad,9.12,19.99,SUP296,24,200,,False,2025-07-04,Active,1555.91,83,C,0,0,0
P03276,TOY-03276-7597,Pinnacle Everyday Plus Coding Robot Kit,Toys,Educational Toys,Pinnacle,6.31,14.99,SUP134,24,453,,False,2024-08-06,Active,737.91,55,C,0,0,0
P03277,BEA-03277-1685,Lumino Lite Hair Mask,Beauty,Haircare,Lumino,32.35,58.99,SUP274,17,124,64.0,False,2025-09-24,Active,6121.55,113,B,0,0,1
P03278,GRO-03278-9885,Palisade Series 2 Sports Drink Case,Grocery,Beverages,Palisade,11.82,17.99,SUP230,45,271,216.0,True,2025-12-27,Seasonal,1938.1,116,C,0,0,1
P03279,TOY-03279-2926,Kestrel Compact Vehicle Toy Set,Toys,Action Figures & Playsets,Kestrel,31.26,55.99,SUP250,61,133,,False,2024-02-06,Active,10162.87,195,A,0,0,1
P03280,ELE-03280-8456,Cedarwood Max Video Doorbell,Electronics,Smart Home Devices,Cedarwood,8.43,17.99,SUP027,44,296,,False,2025-10-20,Active,237.79,14,C,0,1,0
P03281,HOM-03281-1159,Vanture Essential Area Rug,Home & Kitchen,Home Decor,Vanture,16.38,39.99,SUP230,45,167,,False,2025-08-25,Active,3220.15,85,B,0,0,0
P03282,AUT-03282-2814,Lumino Ultra Tire Pressure Gauge,Automotive,Tools & Equipment,Lumino,23.31,47.99,SUP055,12,198,,False,2024-03-10,Active,1895.87,43,C,0,0,0
P03283,CLO-03283-5800,Novara Deluxe Performance Tank,Clothing,Activewear,Novara,4.61,8.99,SUP215,11,392,,False,2024-08-29,Active,1738.01,208,C,0,0,0
P03284,TOY-03284-1688,BlueStone Compact Water Blaster,Toys,Outdoor Play,BlueStone,8.47,15.99,SUP055,12,275,,False,2026-02-15,Active,253.05,16,C,0,1,0
P03285,AUT-03285-9893,Ridgeline Compact Dash Cam,Automotive,Car Electronics,Ridgeline,12.8,21.99,SUP231,19,235,,False,2025-02-08,Active,739.63,35,C,0,1,0
P03286,PER-03286-8301,Sunneva Everyday Plus Hand Sanitizer 3-Pack,Personal Care,Personal Hygiene,Sunneva,5.56,11.99,SUP270,22,485,531.0,False,2024-03-28,Active,2444.11,219,B,0,0,0
P03287,ELE-03287-2317,Silverpine Max Phone Case,Electronics,Mobile Accessories,Silverpine,68.94,120.99,SUP149,64,112,,True,2025-08-08,Seasonal,27900.08,242,A,0,0,0
P03288,TOY-03288-3775,Halcyon Max STEM Building Kit,Toys,Educational Toys,Halcyon,8.49,16.99,SUP116,12,174,,False,2025-12-17,Active,1674.82,111,C,0,0,0
P03289,SPO-03289-9549,BlueStone Essential Bike Lock,Sports,Cycling,BlueStone,47.01,89.99,SUP028,44,96,,False,2025-01-30,Active,485.05,6,C,0,1,1
P03290,HOM-03290-7760,Meridian Compact Air Fryer,Home & Kitchen,Small Appliances,Meridian,38.08,62.99,SUP055,13,86,,True,2024-04-11,Seasonal,9200.91,157,A,0,0,1
P03291,PER-03291-4663,Sunneva Premium Water Flosser,Personal Care,Oral Care,Sunneva,3.8,8.99,SUP295,19,588,325.0,False,2024-04-28,Active,6938.07,838,B,1,0,0
P03292,BEA-03292-3584,Ashford Signature Makeup Brush Set,Beauty,Makeup,Ashford,9.32,27.99,SUP211,24,208,196.0,False,2024-12-09,Discontinued,133.55,5,C,0,1,0
P03293,AUT-03293-1452,Crestmark Everyday Tire Inflator,Automotive,Tire & Wheel Care,Crestmark,25.7,50.99,SUP221,47,187,,False,2025-03-17,Active,1795.88,37,C,0,1,0
P03294,BOO-03294-9705,Vanture Pro Popular Science Paperback,Books,Non-Fiction,Vanture,5.2,8.99,SUP245,14,402,,True,2025-11-15,Seasonal,2661.64,318,B,1,0,0
P03295,CLO-03295-2442,Novara Ultra Kids Rain Jacket,Clothing,Kids' Apparel,Novara,4.69,9.99,SUP164,28,476,,False,2025-09-13,Active,3977.34,432,B,1,0,0
P03296,HOM-03296-1641,Meridian Everyday Plus Shelving Unit,Home & Kitchen,Storage & Organization,Meridian,21.44,46.99,SUP117,12,192,,False,2024-08-19,Active,17520.73,404,A,1,0,0
P03297,PER-03297-5077,Crestmark Series 2 Pulse Oximeter,Personal Care,Health Monitoring,Crestmark,19.0,39.99,SUP090,24,147,71.0,False,2025-09-21,Active,7839.29,212,B,0,0,1
P03298,CLO-03298-5326,Lumino Signature Slim Fit Shirt,Clothing,Men's Apparel,Lumino,9.04,22.99,SUP008,22,270,,False,2024-04-13,Active,613.7,28,C,0,1,0
P03299,ELE-03299-2842,UrbanNest Compact Laptop Sleeve,Electronics,Laptop Accessories,UrbanNest,89.15,120.99,SUP244,37,55,,False,2024-06-16,Active,3627.58,31,B,0,1,1
P03300,ELE-03300-3107,Fernwood Deluxe Screen Protector 2-Pack,Electronics,Mobile Accessories,Fernwood,84.99,118.99,SUP258,44,61,,False,2025-12-18,Active,17651.85,157,A,0,0,1
P03301,TOY-03301-7016,Willowbrook Max Alphabet Learning Set,Toys,Educational Toys,Willowbrook,7.91,17.99,SUP087,9,197,,True,2026-04-01,Seasonal,1718.41,102,C,0,0,0
P03302,HOM-03302-5774,Trailhaven Pro Pillow 2-Pack,Home & Kitchen,Bedding & Linens,Trailhaven,15.03,30.99,SUP152,11,270,,False,2025-09-22,Active,4783.8,167,B,0,0,0
P03303,BOO-03303-3128,Everline X200 Comic Anthology,Books,Comics & Graphic Novels,Everline,3.25,4.99,SUP164,21,387,,True,2025-02-20,Seasonal,415.2,88,C,0,0,0
P03304,SPO-03304-4599,ClearPath Series 2 Cycling Gloves,Sports,Cycling,ClearPath,10.99,19.99,SUP183,19,166,,False,2026-03-23,Active,712.65,38,C,0,1,0
P03305,GRO-03305-7973,ClearPath Ultra Sparkling Water Case,Grocery,Beverages,ClearPath,1.77,3.03,SUP179,23,515,472.0,False,2024-11-18,Active,165.91,59,C,0,0,0
P03306,CLO-03306-9909,Ironclad Deluxe Sandals,Clothing,Footwear,Ironclad,2.25,3.99,SUP044,32,462,,False,2025-08-08,Active,193.44,53,C,0,0,0
P03307,HOM-03307-2885,Driftwood Essential Cast Iron Skillet,Home & Kitchen,Cookware,Driftwood,23.26,38.99,SUP195,56,109,,False,2025-09-17,Discontinued,216.09,6,C,0,1,0
P03308,PER-03308-2718,Fernwood Elite Smart Scale,Personal Care,Health Monitoring,Fernwood,3.46,7.99,SUP215,12,535,246.0,False,2024-03-08,Active,696.26,92,C,0,0,0
P03309,AUT-03309-6285,Halcyon Pro Mud Flap Set,Automotive,Exterior Accessories,Halcyon,22.0,41.99,SUP008,23,189,,False,2026-05-24,Active,3403.32,86,B,0,0,0
P03310,GRO-03310-4479,Crestmark Pro Coffee Pods Box,Grocery,Beverages,Crestmark,2.03,3.99,SUP171,48,661,340.0,False,2025-08-05,Active,966.34,263,C,1,0,0
P03311,CLO-03311-5702,Norwell Advanced Blouse,Clothing,Women's Apparel,Norwell,3.4,7.99,SUP115,46,608,,False,2024-08-07,Active,573.1,77,C,0,0,0
P03312,CLO-03312-5466,Comet Deluxe Running Leggings,Clothing,Activewear,Comet,6.25,15.99,SUP266,52,204,,False,2026-01-20,Active,14528.63,986,A,1,0,0
P03313,PER-03313-8230,Fernwood Max Beard Trimmer,Personal Care,Shaving & Grooming,Fernwood,5.61,8.99,SUP274,23,383,432.0,False,2024-12-13,Active,4565.83,553,B,1,0,0
P03314,BEA-03314-1386,Novara Pro Sunscreen SPF50,Beauty,Skincare,Novara,1.54,4.99,SUP164,22,768,278.0,False,2024-03-17,Active,316.94,69,C,0,0,0
P03315,CLO-03315-6472,Aurelia Signature Wrap Dress,Clothing,Women's Apparel,Aurelia,4.07,8.99,SUP115,38,497,,False,2025-09-08,Active,1384.57,166,C,0,0,0
P03316,PER-03316-9892,Norwell Signature Beard Trimmer,Personal Care,Shaving & Grooming,Norwell,6.14,9.99,SUP274,17,284,186.0,False,2024-05-03,Active,4454.19,478,B,1,0,0
P03317,HOM-03317-5635,Fernwood Deluxe Stand Mixer,Home & Kitchen,Small Appliances,Fernwood,54.14,91.99,SUP068,33,94,,False,2025-06-28,Active,2741.34,31,B,0,1,1
P03318,CLO-03318-2503,Halcyon Lite Compression Shorts,Clothing,Activewear,Halcyon,22.13,50.99,SUP147,21,142,,False,2025-09-09,Active,1871.8,39,C,0,1,1
P03319,ELE-03319-9148,Comet Max Wireless Earbuds,Electronics,Headphones & Audio,Comet,25.38,47.99,SUP096,7,139,,False,2024-05-23,Active,26062.25,587,A,1,0,0
P03320,BOO-03320-2406,Halcyon Everyday Plus Early Reader Set,Books,Children's Books,Halcyon,3.43,4.99,SUP030,7,515,,True,2025-12-22,Seasonal,1167.61,254,C,1,0,0
P03321,BEA-03321-8931,Ironclad Series 2 Bath Bomb Set,Beauty,Bath & Body,Ironclad,2.75,4.99,SUP270,23,412,387.0,False,2025-02-20,Active,3211.61,697,B,1,0,0
P03322,PER-03322-6415,Quinley Elite Body Wipes,Personal Care,Personal Hygiene,Quinley,11.46,23.99,SUP059,60,312,103.0,False,2024-11-18,Active,2696.11,119,B,0,0,1
P03323,BEA-03323-8940,Ironclad Classic Body Wash,Beauty,Bath & Body,Ironclad,6.2,16.99,SUP237,30,473,322.0,False,2024-04-02,Active,1239.15,79,C,0,0,0
P03324,HOM-03324-1762,Solstice Lite Cookware Set,Home & Kitchen,Cookware,Solstice,26.91,57.99,SUP216,11,139,,False,2025-11-01,Active,416.16,8,C,0,1,0
P03325,AUT-03325-3131,Ironclad Signature Car Charger,Automotive,Car Electronics,Ironclad,17.7,30.99,SUP189,2,265,,False,2024-05-29,Active,3901.39,133,B,0,0,0
P03326,AUT-03326-8429,Vanture Deluxe Mud Flap Set,Automotive,Exterior Accessories,Vanture,7.1,9.99,SUP022,66,304,,False,2024-06-01,Active,6120.4,661,B,1,0,0
P03327,SPO-03327-7465,Ashford Deluxe Basketball,Sports,Team Sports Gear,Ashford,6.55,12.99,SUP115,45,190,,True,2024-08-30,Seasonal,9815.82,810,A,1,0,0
P03328,TOY-03328-6729,Palisade Classic Strategy Game,Toys,Board Games & Puzzles,Palisade,21.87,53.99,SUP274,17,223,,False,2025-02-08,Active,15794.6,311,A,1,0,1
P03329,GRO-03329-6760,Timbercrest Elite Coffee Pods Box,Grocery,Beverages,Timbercrest,5.64,8.99,SUP102,16,301,410.0,False,2026-03-12,Active,1350.3,165,C,0,0,1
P03330,BOO-03330-9655,Foundry Everyday Plus History Hardcover,Books,Non-Fiction,Foundry,4.48,7.99,SUP008,20,248,,False,2025-11-13,Active,14222.93,1906,A,1,0,0
P03331,ELE-03331-8640,BlueStone Classic Bluetooth Speaker,Electronics,Headphones & Audio,BlueStone,58.37,112.99,SUP211,27,71,,True,2025-11-03,Seasonal,735.11,7,C,0,1,0
P03332,HOM-03332-3072,Crestmark Deluxe Electric Kettle,Home & Kitchen,Small Appliances,Crestmark,22.38,37.99,SUP195,58,195,,False,2024-06-30,Active,4863.78,138,B,0,0,0
P03333,PER-03333-6686,Comet Premium Digital Thermometer,Personal Care,Health Monitoring,Comet,3.01,5.99,SUP164,24,381,214.0,False,2025-08-14,Active,188.76,33,C,0,1,0
P03334,SPO-03334-6898,Copperfield X200 Yoga Mat,Sports,Fitness Equipment,Copperfield,14.03,27.99,SUP099,19,254,,True,2024-11-14,Seasonal,21712.18,830,A,1,0,0
P03335,HOM-03335-2727,Lumino Everyday Plus Sheet Set,Home & Kitchen,Bedding & Linens,Lumino,30.29,43.99,SUP082,10,178,,True,2025-03-08,Seasonal,1019.36,25,C,0,1,0
P03336,ELE-03336-3443,ClearPath X200 Soundbar,Electronics,Headphones & Audio,ClearPath,18.21,30.99,SUP053,13,248,,False,2025-07-27,Active,13852.87,491,A,1,0,0
P03337,PER-03337-3584,Willowbrook Everyday Plus Digital Thermometer,Personal Care,Health Monitoring,Willowbrook,2.08,4.99,SUP170,32,817,341.0,False,2024-05-31,Active,315.16,68,C,0,0,0
P03338,ELE-03338-7492,Ironclad Max Car Mount,Electronics,Mobile Accessories,Ironclad,28.12,43.99,SUP296,24,105,,False,2024-11-11,Active,6799.67,164,B,0,0,0
P03339,GRO-03339-5362,Sunneva Essential Baking Mix,Grocery,Pantry Staples,Sunneva,4.71,7.99,SUP231,18,406,271.0,False,2024-12-26,Active,747.91,101,C,0,0,0
P03340,HOM-03340-5542,Silverpine Lite Closet Organizer,Home & Kitchen,Storage & Organization,Silverpine,16.02,36.99,SUP181,10,262,,True,2026-03-08,Seasonal,3809.45,109,B,0,0,0
P03341,ELE-03341-5981,Amberfield Premium Wireless Mouse,Electronics,Laptop Accessories,Amberfield,14.32,28.99,SUP159,14,163,,False,2026-06-01,Active,6762.9,253,B,1,0,0
P03342,GRO-03342-2194,Glacier Elite BBQ Sauce,Grocery,Condiments & Sauces,Glacier,3.84,5.99,SUP201,15,617,433.0,True,2026-05-22,Seasonal,1642.27,295,C,1,0,0
P03343,PER-03343-4841,NorthPoint Premium Multivitamin Bottle,Personal Care,Vitamins & Supplements,NorthPoint,12.64,23.99,SUP149,66,270,306.0,False,2025-04-26,Active,1578.29,68,C,0,0,1
P03344,GRO-03344-4328,Ridgeline Signature Baking Mix,Grocery,Pantry Staples,Ridgeline,2.68,4.07,SUP258,46,723,437.0,False,2025-08-08,Active,1242.4,330,C,1,0,0
P03345,CLO-03345-8755,Kestrel Everyday Ankle Boots,Clothing,Footwear,Kestrel,10.02,26.99,SUP164,26,214,,False,2025-10-15,Active,7022.54,276,B,1,0,0
P03346,TOY-03346-1727,Timbercrest Max Construction Blocks,Toys,Building Sets,Timbercrest,4.63,10.99,SUP058,9,291,,False,2025-12-14,Active,1240.71,122,C,0,0,0
P03347,CLO-03347-8669,Ridgeline Premium Running Leggings,Clothing,Activewear,Ridgeline,15.38,27.99,SUP159,14,279,,True,2025-09-08,Seasonal,29466.94,1136,A,1,0,0
P03348,TOY-03348-9336,Glacier Compact Alphabet Learning Set,Toys,Educational Toys,Glacier,9.0,20.99,SUP058,10,220,,False,2026-04-06,Active,4474.83,227,B,0,0,0
P03349,SPO-03349-7741,Trailhaven Signature Bike Lock,Sports,Cycling,Trailhaven,26.93,38.99,SUP159,14,199,,False,2024-12-15,Active,2259.15,62,B,0,0,0
P03350,BOO-03350-9552,ClearPath Premium Picture Book,Books,Children's Books,ClearPath,2.72,4.12,SUP241,25,375,,False,2025-10-02,Active,1070.26,277,C,1,0,0
P03351,BOO-03351-5007,Silverpine Pro Manga Box Set,Books,Comics & Graphic Novels,Silverpine,5.32,7.99,SUP211,28,318,,False,2025-07-10,Active,3361.12,451,B,1,0,0
P03352,TOY-03352-2546,Sunneva Compact Brick Building Set,Toys,Building Sets,Sunneva,6.44,11.99,SUP068,27,361,,False,2025-12-06,Active,2257.77,207,B,0,0,0
P03353,SPO-03353-7860,Comet Elite Yoga Towel,Sports,Yoga & Wellness,Comet,37.77,64.99,SUP211,22,166,,False,2026-04-27,Active,5014.98,82,B,0,0,1
P03354,TOY-03354-2090,ClearPath Elite Construction Blocks,Toys,Building Sets,ClearPath,6.36,13.99,SUP027,38,317,,True,2024-03-14,Seasonal,0.0,0,C,0,1,0
P03355,HOM-03355-8728,Silverpine Lite Table Lamp,Home & Kitchen,Home Decor,Silverpine,21.06,41.99,SUP176,51,184,,False,2026-02-16,Active,684.93,17,C,0,1,0
P03356,SPO-03356-6174,Cedarwood Max Yoga Block Set,Sports,Yoga & Wellness,Cedarwood,62.88,101.99,SUP080,5,79,,False,2026-01-21,Active,12533.0,136,A,0,0,1
P03357,SPO-03357-6453,Norwell Essential Camping Tent,Sports,Outdoor Recreation,Norwell,23.26,49.99,SUP171,53,119,,False,2026-03-04,Active,1536.0,33,C,0,1,0
P03358,GRO-03358-5774,Willowbrook Signature Rice 5lb Bag,Grocery,Pantry Staples,Willowbrook,7.63,11.99,SUP258,38,357,496.0,False,2024-09-07,Active,1854.97,169,C,0,0,1
P03359,AUT-03359-6451,Norwell Lite Roof Rack,Automotive,Exterior Accessories,Norwell,107.48,158.99,SUP028,59,83,,False,2025-06-12,Active,23274.13,156,A,0,0,1
P03360,GRO-03360-8867,NorthPoint Pro Breakfast Bar Box,Grocery,Breakfast Foods,NorthPoint,3.59,5.99,SUP199,42,589,536.0,False,2024-03-05,Active,512.84,90,C,0,0,0
P03361,HOM-03361-3112,Quinley Elite Cookware Set,Home & Kitchen,Cookware,Quinley,12.29,26.99,SUP193,29,160,,False,2024-02-25,Discontinued,0.0,0,C,0,1,0
P03362,AUT-03362-5343,UrbanNest Everyday Plus Car Cover,Automotive,Exterior Accessories,UrbanNest,34.05,52.99,SUP218,51,81,,False,2025-06-21,Active,1790.25,36,C,0,1,1
P03363,HOM-03363-4195,Novara Classic Cookware Set,Home & Kitchen,Cookware,Novara,5.26,10.99,SUP290,32,403,,True,2026-06-04,Seasonal,4049.37,394,B,1,0,0
P03364,BEA-03364-2556,Willowbrook Compact Hair Mask,Beauty,Haircare,Willowbrook,4.21,8.99,SUP143,53,407,249.0,True,2024-07-25,Seasonal,6730.21,804,B,1,0,0
P03365,BEA-03365-7165,Cedarwood Series 2 Foundation,Beauty,Makeup,Cedarwood,7.94,16.99,SUP028,58,321,269.0,False,2025-12-21,Discontinued,0.0,0,C,0,1,0
P03366,AUT-03366-5391,BlueStone Series 2 Socket Wrench Set,Automotive,Tools & Equipment,BlueStone,4.81,9.99,SUP197,18,296,,True,2024-03-13,Seasonal,1694.16,181,C,0,0,0
P03367,BEA-03367-9117,Ridgeline Everyday Makeup Brush Set,Beauty,Makeup,Ridgeline,6.01,11.99,SUP159,13,432,520.0,False,2024-02-28,Active,155.02,15,C,0,1,0
P03368,SPO-03368-3021,Trailhaven Pro Cycling Gloves,Sports,Cycling,Trailhaven,34.47,56.99,SUP245,17,123,,True,2025-07-09,Seasonal,4918.35,93,B,0,0,0
P03369,TOY-03369-7186,Quinley Elite Counting Puzzle,Toys,Educational Toys,Quinley,10.26,16.99,SUP236,2,290,,False,2024-09-11,Active,2006.6,125,C,0,0,0
P03370,BOO-03370-7759,Ashford X200 Biography,Books,Non-Fiction,Ashford,4.32,6.99,SUP211,26,299,,False,2024-03-30,Active,15622.0,2400,A,1,0,0
P03371,PER-03371-4078,Vertex Series 2 Smart Scale,Personal Care,Health Monitoring,Vertex,5.74,9.99,SUP114,7,213,397.0,False,2026-04-14,Active,296.92,32,C,0,1,0
P03372,TOY-03372-6850,Glacier Max Model Kit,Toys,Building Sets,Glacier,9.11,18.99,SUP138,17,236,,False,2026-03-20,Active,6730.35,384,B,1,0,0
P03373,BEA-03373-8078,Norwell Max Facial Moisturizer,Beauty,Skincare,Norwell,16.71,46.99,SUP274,17,180,188.0,False,2024-01-14,Active,12097.02,275,A,1,0,1
P03374,PER-03374-3383,Quinley Premium Multivitamin Bottle,Personal Care,Vitamins & Supplements,Quinley,8.9,14.99,SUP116,12,256,360.0,False,2026-06-02,Active,972.54,69,C,0,0,1
P03375,CLO-03375-5327,Vaultis Max Ankle Boots,Clothing,Footwear,Vaultis,14.16,23.99,SUP164,27,164,,True,2024-01-17,Seasonal,3899.12,171,B,0,0,0
P03376,ELE-03376-4603,Solstice Essential Smart Bulb Kit,Electronics,Smart Home Devices,Solstice,18.49,29.99,SUP193,36,177,,False,2025-11-04,Active,5124.21,184,B,0,0,0
P03377,GRO-03377-4239,Ashford Classic Rice 5lb Bag,Grocery,Pantry Staples,Ashford,1.55,2.99,SUP026,38,716,325.0,True,2025-12-15,Seasonal,149.97,54,C,0,0,0
P03378,BOO-03378-5305,Fernwood Essential Early Reader Set,Books,Children's Books,Fernwood,5.5,7.99,SUP222,45,290,,False,2024-09-19,Active,169.44,22,C,0,1,0
P03379,HOM-03379-4167,Halcyon Essential Area Rug,Home & Kitchen,Home Decor,Halcyon,23.91,45.99,SUP008,17,135,,False,2024-05-03,Active,2021.99,48,C,0,0,0
P03380,BOO-03380-9946,Meridian Essential Manga Box Set,Books,Comics & Graphic Novels,Meridian,2.74,4.99,SUP294,32,547,,False,2025-05-28,Discontinued,4.53,1,C,0,1,0
P03381,BEA-03381-8196,Rockridge Premium Body Wash,Beauty,Bath & Body,Rockridge,3.44,9.99,SUP159,14,280,453.0,False,2026-03-18,Active,654.49,71,C,0,0,0
P03382,CLO-03382-4141,Pinnacle Everyday Toddler Joggers,Clothing,Kids' Apparel,Pinnacle,8.54,13.99,SUP034,46,169,,False,2024-01-29,Active,1226.63,91,C,0,0,0
P03383,ELE-03383-8700,BlueStone Compact Smart Plug,Electronics,Smart Home Devices,BlueStone,29.46,41.99,SUP231,17,133,,True,2026-02-15,Seasonal,5227.34,132,B,0,0,0
P03384,AUT-03384-4567,Harborlight Premium Car Cover,Automotive,Exterior Accessories,Harborlight,13.76,25.99,SUP255,21,134,,False,2025-07-20,Active,3448.2,140,B,0,0,0
P03385,BEA-03385-3941,Sunneva Deluxe Eau de Parfum,Beauty,Fragrances,Sunneva,6.39,10.99,SUP050,63,396,456.0,True,2026-06-18,Seasonal,768.63,78,C,0,0,0
P03386,HOM-03386-6587,NorthPoint Premium Stand Mixer,Home & Kitchen,Small Appliances,NorthPoint,23.98,52.99,SUP012,30,170,,False,2024-08-28,Active,2251.28,45,B,0,0,0
P03387,BEA-03387-2848,Trailhaven Max Styling Cream,Beauty,Haircare,Trailhaven,8.6,17.99,SUP156,18,165,152.0,False,2025-08-10,Active,3022.49,182,B,0,0,0
P03388,CLO-03388-2241,Solstice Compact Denim Jacket,Clothing,Men's Apparel,Solstice,20.93,51.99,SUP176,55,145,,False,2025-02-18,Active,9777.85,203,A,0,0,1
P03389,BOO-03389-5828,Brightline Pro Fantasy Trilogy Box Set,Books,Fiction,Brightline,6.79,12.99,SUP034,58,204,,False,2025-08-01,Active,771.8,66,C,0,0,0
P03390,CLO-03390-2902,Novara Series 2 Toddler Joggers,Clothing,Kids' Apparel,Novara,14.0,37.99,SUP159,15,286,,False,2024-06-12,Active,652.85,18,C,0,1,0
P03391,ELE-03391-8592,Crestmark Lite Laptop Sleeve,Electronics,Laptop Accessories,Crestmark,23.53,39.99,SUP157,15,134,,False,2025-03-30,Active,2070.01,57,B,0,0,0
P03392,AUT-03392-4264,Fernwood Compact Trunk Organizer,Automotive,Interior Accessories,Fernwood,4.89,10.99,SUP258,48,340,,True,2026-06-18,Seasonal,1267.28,123,C,0,0,0
P03393,BEA-03393-1955,Driftwood Pro Makeup Brush Set,Beauty,Makeup,Driftwood,9.38,20.99,SUP245,14,330,474.0,False,2026-02-08,Active,8712.8,444,A,1,0,0
P03394,ELE-03394-5572,Vaultis Classic GPS Running Watch,Electronics,Wearable Tech,Vaultis,18.49,33.99,SUP028,43,138,,False,2024-07-08,Active,9955.89,316,A,1,0,0
P03395,TOY-03395-5388,Brightline Classic Counting Puzzle,Toys,Educational Toys,Brightline,23.13,52.99,SUP201,16,121,,True,2024-02-23,Seasonal,4406.22,89,B,0,0,1
P03396,SPO-03396-2790,Silverpine Everyday Plus Camping Tent,Sports,Outdoor Recreation,Silverpine,58.18,98.99,SUP150,52,122,,False,2025-01-15,Active,79697.83,860,A,1,0,1
P03397,BOO-03397-1004,Quinley Essential Early Reader Set,Books,Children's Books,Quinley,10.63,18.99,SUP134,26,254,,False,2024-07-27,Active,1317.1,74,C,0,0,1
P03398,BEA-03398-2646,Kestrel Compact Hair Dryer,Beauty,Haircare,Kestrel,8.19,19.99,SUP032,42,226,227.0,False,2024-08-20,Active,11962.01,643,A,1,0,0
P03399,BEA-03399-6329,Brightline Series 2 Shampoo & Conditioner Set,Beauty,Haircare,Brightline,1.5,2.99,SUP215,11,512,148.0,False,2024-06-15,Active,2792.06,1016,B,1,0,0
P03400,CLO-03400-5244,Brightline Max Toddler Joggers,Clothing,Kids' Apparel,Brightline,7.86,18.99,SUP261,58,364,,False,2025-05-08,Active,8241.29,468,A,1,0,0
P03401,ELE-03401-3329,Aurelia Classic GPS Running Watch,Electronics,Wearable Tech,Aurelia,11.36,24.99,SUP050,64,178,,False,2024-03-26,Active,5780.54,257,B,1,0,0
P03402,GRO-03402-5620,Norwell X200 BBQ Sauce,Grocery,Condiments & Sauces,Norwell,7.23,11.99,SUP009,24,303,139.0,False,2026-04-05,Active,1089.27,96,C,0,0,1
P03403,PER-03403-4350,Solstice Essential Multivitamin Bottle,Personal Care,Vitamins & Supplements,Solstice,9.15,18.99,SUP171,48,197,75.0,False,2024-01-28,Active,1516.02,84,C,0,0,1
P03404,SPO-03404-4205,Trailhaven Signature Massage Roller,Sports,Yoga & Wellness,Trailhaven,9.37,17.99,SUP294,42,236,,False,2024-05-29,Active,6708.61,401,B,1,0,0
P03405,BEA-03405-3889,Copperfield Everyday Plus Hair Dryer,Beauty,Haircare,Copperfield,7.83,21.99,SUP192,74,188,207.0,False,2025-05-27,Active,812.53,39,C,0,1,0
P03406,HOM-03406-5274,Palisade Ultra Wall Art Set,Home & Kitchen,Home Decor,Palisade,14.44,20.99,SUP061,20,121,,False,2024-05-08,Active,1519.44,78,C,0,0,0
P03407,TOY-03407-5424,Timbercrest Everyday Kickball Set,Toys,Outdoor Play,Timbercrest,9.89,16.99,SUP261,50,274,,False,2025-04-04,Active,16803.25,1063,A,1,0,0
P03408,GRO-03408-2317,Ashford Ultra Baking Mix,Grocery,Pantry Staples,Ashford,4.14,5.99,SUP159,15,439,385.0,False,2024-03-08,Active,1229.29,220,C,0,0,0
P03409,HOM-03409-7124,Pinnacle Deluxe Nonstick Frying Pan,Home & Kitchen,Cookware,Pinnacle,41.62,71.99,SUP152,9,86,,False,2026-03-04,Active,22500.59,335,A,1,0,1
P03410,HOM-03410-4036,Everline Everyday Plus Electric Kettle,Home & Kitchen,Small Appliances,Everline,10.2,20.99,SUP018,48,187,,False,2025-06-21,Active,280.57,14,C,0,1,0
P03411,SPO-03411-1897,NorthPoint Signature Massage Roller,Sports,Yoga & Wellness,NorthPoint,15.2,28.99,SUP018,47,250,,False,2024-10-03,Active,1377.92,50,C,0,0,0
P03412,BOO-03412-2800,Kestrel Everyday Plus Atlas,Books,Educational & Reference,Kestrel,9.67,16.99,SUP164,29,248,,False,2025-07-03,Active,2047.65,127,C,0,0,1
P03413,ELE-03413-6887,Vaultis Everyday Plus Lens Filter Set,Electronics,Cameras & Accessories,Vaultis,213.79,396.99,SUP243,36,52,,False,2025-05-08,Active,14776.77,42,A,0,0,1
P03414,ELE-03414-6032,Quinley Everyday Car Mount,Electronics,Mobile Accessories,Quinley,23.32,35.99,SUP216,12,130,,False,2026-01-19,Active,1166.15,35,C,0,1,0
P03415,BOO-03415-3506,Rockridge Pro Graphic Novel Vol. 1,Books,Comics & Graphic Novels,Rockridge,11.67,17.99,SUP274,23,252,,False,2025-10-24,Active,4325.62,255,B,1,0,1
P03416,CLO-03416-5692,Ridgeline Max Performance Tank,Clothing,Activewear,Ridgeline,2.82,7.99,SUP150,52,476,,True,2026-02-01,Seasonal,4560.29,613,B,1,0,0
P03417,SPO-03417-7749,Sunneva Lite Sleeping Bag,Sports,Outdoor Recreation,Sunneva,191.57,408.99,SUP171,51,41,,False,2026-02-26,Discontinued,0.0,0,C,0,1,1
P03418,HOM-03418-6954,Amberfield Everyday Plus Table Lamp,Home & Kitchen,Home Decor,Amberfield,4.41,10.99,SUP171,51,419,,False,2024-04-02,Active,4442.39,434,B,1,0,0
P03419,SPO-03419-1959,Comet Max Basketball,Sports,Team Sports Gear,Comet,37.63,65.99,SUP104,23,78,,True,2025-12-02,Seasonal,92996.23,1513,A,1,0,1
P03420,PER-03420-7198,Ridgeline Signature Digital Thermometer,Personal Care,Health Monitoring,Ridgeline,10.16,18.99,SUP003,7,172,414.0,False,2026-04-10,Active,11553.48,660,A,1,0,1
P03421,BOO-03421-8168,Copperfield Advanced Short Story Collection,Books,Fiction,Copperfield,5.05,9.99,SUP253,54,354,,True,2024-06-29,Seasonal,1020.95,109,C,0,0,0
P03422,HOM-03422-3105,Harborlight Classic Coffee Maker,Home & Kitchen,Small Appliances,Harborlight,10.41,18.99,SUP019,16,209,,False,2026-01-26,Active,619.64,35,C,0,1,0
P03423,SPO-03423-7218,Ridgeline Pro Hiking Backpack,Sports,Outdoor Recreation,Ridgeline,28.05,46.99,SUP286,39,183,,False,2025-07-10,Active,4205.6,95,B,0,0,0
P03424,GRO-03424-5473,Kestrel Compact Sports Drink Case,Grocery,Beverages,Kestrel,6.78,9.99,SUP255,25,234,82.0,False,2025-08-13,Active,18556.37,1988,A,1,0,1
P03425,ELE-03425-1882,ClearPath Pro Bluetooth Speaker,Electronics,Headphones & Audio,ClearPath,49.25,101.99,SUP022,56,73,,False,2025-10-12,Active,47144.32,501,A,1,0,0
P03426,GRO-03426-9049,Novara Ultra Rice 5lb Bag,Grocery,Pantry Staples,Novara,5.03,6.99,SUP027,44,234,251.0,False,2024-11-12,Active,684.28,110,C,0,0,0
P03427,PER-03427-8985,Rockridge Compact Grooming Kit,Personal Care,Shaving & Grooming,Rockridge,4.36,7.99,SUP211,25,513,107.0,False,2026-03-29,Active,6669.79,895,B,1,0,0
P03428,BEA-03428-8438,Novara Essential Cleansing Foam,Beauty,Skincare,Novara,6.65,19.99,SUP159,15,418,405.0,False,2025-11-10,Active,7058.87,380,B,1,0,0
P03429,AUT-03429-1676,Silverpine Lite Socket Wrench Set,Automotive,Tools & Equipment,Silverpine,39.88,70.99,SUP178,39,160,,False,2025-02-03,Active,446.04,7,C,0,1,1
P03430,CLO-03430-9063,Kestrel Max Wrap Dress,Clothing,Women's Apparel,Kestrel,14.74,35.99,SUP075,23,275,,False,2025-07-20,Active,10495.36,311,A,1,0,0
P03431,CLO-03431-2232,ClearPath Pro Running Leggings,Clothing,Activewear,ClearPath,3.87,7.99,SUP265,18,568,,False,2026-05-20,Active,1145.81,153,C,0,0,0
P03432,ELE-03432-5045,Ashford Premium Fitness Tracker,Electronics,Wearable Tech,Ashford,7.52,12.99,SUP159,15,420,,False,2024-11-17,Active,798.39,68,C,0,0,0
P03433,BOO-03433-2686,Palisade Elite Reference Encyclopedia,Books,Educational & Reference,Palisade,4.23,7.99,SUP159,13,374,,False,2026-03-25,Active,952.04,126,C,0,0,0
P03434,ELE-03434-5711,Brightline Essential Wireless Earbuds,Electronics,Headphones & Audio,Brightline,124.2,268.99,SUP294,43,73,,True,2024-01-13,Seasonal,20540.96,82,A,0,0,1
P03435,CLO-03435-2718,Trailhaven Signature Kids Graphic Tee,Clothing,Kids' Apparel,Trailhaven,13.27,24.99,SUP225,63,133,,False,2025-12-24,Active,667.06,32,C,0,1,0
P03436,GRO-03436-5077,Norwell Advanced Oatmeal Packets,Grocery,Breakfast Foods,Norwell,13.67,21.99,SUP195,57,283,85.0,False,2025-06-24,Active,1159.88,57,C,0,0,1
P03437,BEA-03437-9239,Cedarwood Essential Body Wash,Beauty,Bath & Body,Cedarwood,13.53,29.99,SUP259,23,150,63.0,False,2025-10-09,Active,1237.58,44,C,0,0,1
P03438,CLO-03438-6777,Vanture Everyday Plus Training Jacket,Clothing,Activewear,Vanture,10.58,25.99,SUP294,42,286,,False,2025-06-09,Active,5314.87,219,B,0,0,0
P03439,ELE-03439-4685,Vanture Advanced Tripod Kit,Electronics,Cameras & Accessories,Vanture,42.54,69.99,SUP245,14,98,,False,2025-03-12,Active,2911.98,45,B,0,0,0
P03440,GRO-03440-3621,Meridian Everyday Plus Herbal Tea Sampler,Grocery,Beverages,Meridian,3.09,5.99,SUP243,38,524,476.0,False,2024-05-20,Active,29.07,5,C,0,1,0
P03441,PER-03441-2451,Trailhaven Max Smart Scale,Personal Care,Health Monitoring,Trailhaven,3.71,7.99,SUP043,18,551,241.0,False,2024-08-09,Active,464.92,61,C,0,0,0
P03442,ELE-03442-9293,Glacier Signature Car Mount,Electronics,Mobile Accessories,Glacier,24.55,52.99,SUP261,60,157,,False,2026-04-06,Active,1714.51,35,C,0,1,0
P03443,GRO-03443-5931,BlueStone Everyday Plus Herbal Tea Sampler,Grocery,Beverages,BlueStone,3.7,5.99,SUP263,38,612,428.0,False,2025-01-05,Discontinued,5.17,1,C,0,1,0
P03444,GRO-03444-9488,Halcyon X200 Baking Mix,Grocery,Pantry Staples,Halcyon,5.45,8.99,SUP171,54,298,221.0,False,2024-05-25,Active,3481.34,414,B,1,0,1
P03445,BEA-03445-7689,Crestmark Ultra Fragrance Gift Set,Beauty,Fragrances,Crestmark,12.26,34.99,SUP179,24,240,216.0,False,2024-04-27,Active,7170.1,218,B,0,0,1
P03446,SPO-03446-1904,Driftwood Elite Bike Helmet,Sports,Cycling,Driftwood,38.85,75.99,SUP171,45,158,,False,2024-09-18,Discontinued,0.0,0,C,0,1,1
P03447,HOM-03447-9805,Trailhaven Pro Coffee Maker,Home & Kitchen,Small Appliances,Trailhaven,5.3,12.99,SUP159,11,378,,False,2025-10-29,Active,298.1,25,C,0,1,0
P03448,CLO-03448-7759,Amberfield Premium Toddler Joggers,Clothing,Kids' Apparel,Amberfield,3.6,8.99,SUP038,48,461,,False,2024-12-05,Active,822.67,98,C,0,0,0
P03449,BOO-03449-6382,Vaultis Compact Illustrated Novel,Books,Comics & Graphic Novels,Vaultis,6.17,11.99,SUP183,24,301,,False,2025-01-27,Active,181.25,16,C,0,1,0
P03450,GRO-03450-6092,Vaultis Classic BBQ Sauce,Grocery,Condiments & Sauces,Vaultis,3.1,4.99,SUP102,14,602,373.0,False,2025-09-14,Active,299.25,64,C,0,0,0
P03451,PER-03451-2065,Vertex Everyday Plus Whitening Kit,Personal Care,Oral Care,Vertex,1.65,2.99,SUP159,13,605,284.0,True,2025-07-06,Seasonal,506.3,183,C,0,0,0
P03452,PER-03452-6249,Timbercrest Signature Deodorant 2-Pack,Personal Care,Personal Hygiene,Timbercrest,3.01,5.99,SUP270,20,388,430.0,True,2024-03-15,Seasonal,795.8,142,C,0,0,0
P03453,ELE-03453-2137,Amberfield Series 2 GPS Running Watch,Electronics,Wearable Tech,Amberfield,24.74,51.99,SUP022,51,106,,False,2024-12-22,Active,7138.84,145,B,0,0,0
P03454,GRO-03454-7268,Ashford Max Sports Drink Case,Grocery,Beverages,Ashford,5.71,7.99,SUP281,30,326,98.0,False,2025-10-02,Discontinued,38.49,6,C,0,1,1
P03455,HOM-03455-9333,Silverpine Lite Electric Kettle,Home & Kitchen,Small Appliances,Silverpine,23.82,51.99,SUP159,12,129,,False,2025-10-08,Active,3323.03,71,B,0,0,0
P03456,HOM-03456-5163,Brightline Compact Nonstick Frying Pan,Home & Kitchen,Cookware,Brightline,9.96,18.99,SUP277,57,363,,False,2025-01-13,Active,11628.4,655,A,1,0,0
P03457,CLO-03457-7893,Ridgeline Max High-Waist Jeans,Clothing,Women's Apparel,Ridgeline,12.11,26.99,SUP046,15,252,,False,2024-07-14,Discontinued,26.76,1,C,0,1,0
P03458,CLO-03458-5813,Meridian Elite Blouse,Clothing,Women's Apparel,Meridian,11.51,25.99,SUP015,34,336,,False,2024-06-15,Active,4695.06,193,B,0,0,0
P03459,BEA-03459-2330,Fernwood Essential Body Wash,Beauty,Bath & Body,Fernwood,8.75,22.99,SUP171,49,321,149.0,False,2024-03-23,Discontinued,372.63,17,C,0,1,0
P03460,GRO-03460-5191,Quinley Advanced Rice 5lb Bag,Grocery,Pantry Staples,Quinley,1.5,2.99,SUP158,20,941,198.0,False,2024-04-12,Active,2581.03,933,B,1,0,0
P03461,GRO-03461-8126,Halcyon Classic Breakfast Bar Box,Grocery,Breakfast Foods,Halcyon,3.53,5.05,SUP211,25,302,350.0,False,2026-06-03,Active,1786.34,378,C,1,0,0
P03462,PER-03462-9647,Vanture X200 Shaving Cream,Personal Care,Shaving & Grooming,Vanture,5.68,11.99,SUP171,58,406,512.0,True,2025-01-11,Seasonal,3527.68,321,B,1,0,0
P03463,PER-03463-1876,Ashford Ultra Protein Powder,Personal Care,Vitamins & Supplements,Ashford,3.59,6.99,SUP152,11,302,245.0,False,2024-10-19,Discontinued,32.83,5,C,0,1,0
P03464,ELE-03464-6482,Pinnacle Lite Video Doorbell,Electronics,Smart Home Devices,Pinnacle,80.04,166.99,SUP270,20,57,,False,2025-02-10,Active,16262.7,107,A,0,0,1
P03465,SPO-03465-4369,Vanture Essential Camp Chair,Sports,Outdoor Recreation,Vanture,5.84,12.99,SUP083,16,219,,False,2025-04-16,Active,3164.45,260,B,1,0,0
P03466,BEA-03466-2588,Trailhaven Pro Cleansing Foam,Beauty,Skincare,Trailhaven,9.2,22.99,SUP068,32,296,330.0,False,2024-05-05,Discontinued,88.53,4,C,0,1,0
P03467,SPO-03467-1189,UrbanNest Signature Bike Helmet,Sports,Cycling,UrbanNest,10.49,24.99,SUP241,22,281,,False,2026-04-04,Active,3151.45,140,B,0,0,0
P03468,BOO-03468-5152,Willowbrook Everyday Plus Popular Science Paperback,Books,Non-Fiction,Willowbrook,4.45,6.99,SUP093,20,327,,False,2025-03-16,Active,1653.95,253,C,1,0,0
P03469,AUT-03469-9773,Copperfield Advanced Floor Mat Set,Automotive,Interior Accessories,Copperfield,19.7,27.99,SUP159,14,235,,False,2025-05-27,Active,661.66,25,C,0,1,0
P03470,ELE-03470-9870,Vertex Signature USB-C Hub,Electronics,Laptop Accessories,Vertex,2.57,3.99,SUP171,52,735,,False,2025-04-03,Active,2455.92,661,B,1,0,0
P03471,GRO-03471-4058,Rockridge Lite Breakfast Bar Box,Grocery,Breakfast Foods,Rockridge,3.47,5.99,SUP075,24,577,454.0,True,2026-05-05,Seasonal,485.39,89,C,0,0,0
P03472,PER-03472-9203,Fernwood Max Cotton Swabs Bulk,Personal Care,Personal Hygiene,Fernwood,2.76,5.99,SUP097,48,574,249.0,False,2026-06-13,Active,4570.93,817,B,1,0,0
P03473,HOM-03473-2122,Ashford Everyday Air Fryer,Home & Kitchen,Small Appliances,Ashford,39.95,73.99,SUP012,28,129,,False,2024-04-24,Active,3506.36,51,B,0,0,1
P03474,ELE-03474-7434,Copperfield Lite Smart Plug,Electronics,Smart Home Devices,Copperfield,17.43,36.99,SUP071,24,171,,False,2025-10-12,Active,4968.36,145,B,0,0,0
P03475,SPO-03475-8301,Halcyon Everyday Meditation Cushion,Sports,Yoga & Wellness,Halcyon,7.69,15.99,SUP084,41,284,,False,2024-05-28,Active,3455.46,233,B,0,0,0
P03476,TOY-03476-5240,Palisade Deluxe Construction Blocks,Toys,Building Sets,Palisade,15.55,38.99,SUP008,20,139,,False,2024-01-12,Active,180.19,5,C,0,1,0
P03477,SPO-03477-4755,Ironclad Advanced Yoga Block Set,Sports,Yoga & Wellness,Ironclad,25.94,47.99,SUP247,5,210,,True,2025-05-18,Seasonal,1921.86,44,C,0,0,0
P03478,TOY-03478-3824,Solstice Deluxe Strategy Game,Toys,Board Games & Puzzles,Solstice,11.45,22.99,SUP267,21,255,,False,2025-03-10,Active,2336.84,111,B,0,0,0
P03479,SPO-03479-6584,Kestrel X200 Foam Roller,Sports,Fitness Equipment,Kestrel,13.28,20.99,SUP035,30,196,,False,2025-03-24,Active,42.88,2,C,0,1,0
P03480,HOM-03480-7141,Palisade Pro Coffee Maker,Home & Kitchen,Small Appliances,Palisade,39.29,60.99,SUP171,52,90,,True,2024-01-20,Seasonal,13759.64,241,A,0,0,1
P03481,BOO-03481-8757,ClearPath X200 Language Learning Workbook,Books,Educational & Reference,ClearPath,2.26,3.99,SUP117,10,532,,False,2025-08-09,Active,558.21,154,C,0,0,0
P03482,TOY-03482-5480,Vertex Everyday Coding Robot Kit,Toys,Educational Toys,Vertex,30.66,68.99,SUP028,58,99,,False,2025-04-11,Active,4025.2,62,B,0,0,1
P03483,AUT-03483-3345,Trailhaven Everyday Plus Bluetooth Car Adapter,Automotive,Car Electronics,Trailhaven,20.16,34.99,SUP008,17,218,,False,2024-02-23,Active,8185.14,255,A,1,0,0
P03484,HOM-03484-7363,NorthPoint Advanced Closet Organizer,Home & Kitchen,Storage & Organization,NorthPoint,8.67,17.99,SUP188,29,329,,False,2024-11-04,Active,897.93,54,C,0,0,0
P03485,ELE-03485-5844,Pinnacle X200 Over-Ear Headphones,Electronics,Headphones & Audio,Pinnacle,32.88,64.99,SUP020,10,161,,False,2024-05-03,Active,6339.05,105,B,0,0,0
P03486,TOY-03486-7088,Vaultis Ultra 1000-Piece Puzzle,Toys,Board Games & Puzzles,Vaultis,7.83,15.99,SUP270,19,338,,False,2026-04-03,Active,4907.41,327,B,1,0,0
P03487,GRO-03487-2492,Vertex Premium Granola Bites,Grocery,Snacks,Vertex,3.4,4.99,SUP234,7,618,149.0,False,2025-11-07,Active,525.41,114,C,0,0,0
P03488,ELE-03488-4848,Silverpine Everyday Tripod Kit,Electronics,Cameras & Accessories,Silverpine,32.54,53.99,SUP211,21,97,,False,2025-03-25,Discontinued,105.84,2,C,0,1,0
P03489,AUT-03489-8657,Ridgeline Compact Trunk Organizer,Automotive,Interior Accessories,Ridgeline,9.41,13.99,SUP254,55,270,,False,2024-03-20,Active,1714.93,133,C,0,0,0
P03490,CLO-03490-1292,Ostrom Ultra Sandals,Clothing,Footwear,Ostrom,11.54,23.99,SUP022,67,260,,False,2026-02-14,Active,3318.76,150,B,0,0,0
P03491,GRO-03491-3883,Willowbrook Elite Sparkling Water Case,Grocery,Beverages,Willowbrook,2.27,3.99,SUP171,55,816,311.0,True,2024-11-19,Seasonal,1602.21,428,C,1,0,0
P03492,ELE-03492-5726,Rockridge Essential Laptop Stand,Electronics,Laptop Accessories,Rockridge,348.9,616.99,SUP050,67,32,,False,2025-06-16,Active,20452.6,37,A,0,1,1
P03493,ELE-03493-5383,Pinnacle Classic Video Doorbell,Electronics,Smart Home Devices,Pinnacle,27.01,51.99,SUP154,13,120,,True,2025-10-18,Discontinued,141.03,3,C,0,1,0
P03494,TOY-03494-6106,Crestmark Essential Model Kit,Toys,Building Sets,Crestmark,7.85,18.99,SUP098,54,181,,False,2024-12-27,Active,713.94,39,C,0,1,0
P03495,CLO-03495-7516,UrbanNest Deluxe Slim Fit Shirt,Clothing,Men's Apparel,UrbanNest,11.14,21.99,SUP027,51,338,,False,2026-06-05,Active,14727.04,720,A,1,0,0
P03496,HOM-03496-6496,Comet Elite Shelving Unit,Home & Kitchen,Storage & Organization,Comet,9.52,13.99,SUP211,24,207,,False,2024-07-28,Active,2646.53,203,B,0,0,0
P03497,GRO-03497-9132,Brightline Everyday Salad Dressing Set,Grocery,Condiments & Sauces,Brightline,6.04,8.99,SUP077,21,225,507.0,False,2024-11-09,Active,4380.96,534,B,1,0,1
P03498,HOM-03498-6625,Everline Elite Wall Art Set,Home & Kitchen,Home Decor,Everline,27.87,50.99,SUP027,48,195,,True,2024-06-16,Seasonal,33898.98,716,A,1,0,0
P03499,ELE-03499-4131,Cedarwood Classic GPS Running Watch,Electronics,Wearable Tech,Cedarwood,89.23,192.99,SUP263,49,105,,False,2024-11-09,Discontinued,850.32,5,C,0,1,1
P03500,GRO-03500-6647,Palisade Signature Pasta Sauce Jar,Grocery,Condiments & Sauces,Palisade,2.78,4.99,SUP028,49,535,216.0,False,2025-12-25,Active,82.16,17,C,0,1,0
P03501,CLO-03501-1764,Crestmark Compact High-Waist Jeans,Clothing,Women's Apparel,Crestmark,6.11,14.99,SUP050,58,269,,False,2025-03-06,Active,614.79,46,C,0,0,0
P03502,HOM-03502-8447,Ostrom Pro Stand Mixer,Home & Kitchen,Small Appliances,Ostrom,39.8,65.99,SUP008,18,119,,False,2026-03-16,Active,9885.29,163,A,0,0,1
P03503,GRO-03503-5713,Halcyon Lite Breakfast Bar Box,Grocery,Breakfast Foods,Halcyon,4.1,5.99,SUP154,11,278,423.0,False,2026-03-23,Discontinued,5.49,1,C,0,1,0
P03504,CLO-03504-6188,Vaultis Series 2 Toddler Joggers,Clothing,Kids' Apparel,Vaultis,15.54,38.99,SUP247,6,137,,True,2024-10-22,Seasonal,4447.83,125,B,0,0,0
P03505,BEA-03505-1118,Aurelia Everyday Plus Cologne,Beauty,Fragrances,Aurelia,19.04,52.99,SUP258,44,176,62.0,False,2025-12-26,Active,6299.63,129,B,0,0,1
P03506,ELE-03506-1407,Ostrom Everyday Laptop Sleeve,Electronics,Laptop Accessories,Ostrom,186.88,376.99,SUP215,11,66,,False,2025-03-27,Discontinued,1064.05,3,C,0,1,1
P03507,ELE-03507-4532,Lumino Lite Camera Backpack,Electronics,Cameras & Accessories,Lumino,66.92,114.99,SUP137,41,62,,False,2025-01-21,Active,2471.31,23,B,0,1,0
P03508,ELE-03508-1895,Ironclad Lite Action Camera,Electronics,Cameras & Accessories,Ironclad,19.96,37.99,SUP270,19,196,,False,2024-09-19,Active,7254.76,201,B,0,0,0
P03509,GRO-03509-4673,Halcyon Premium Protein Bar Box,Grocery,Snacks,Halcyon,3.6,6.99,SUP220,72,384,541.0,True,2024-03-01,Seasonal,10367.01,1600,A,1,0,0
P03510,SPO-03510-8979,Brightline X200 Adjustable Dumbbell Set,Sports,Fitness Equipment,Brightline,19.71,45.99,SUP269,33,109,,False,2025-02-19,Active,2035.35,48,C,0,0,0
P03511,HOM-03511-5193,ClearPath Compact Area Rug,Home & Kitchen,Home Decor,ClearPath,3.63,8.99,SUP056,6,351,,False,2025-09-01,Active,2452.45,293,B,1,0,0
P03512,TOY-03512-7558,Meridian Compact 1000-Piece Puzzle,Toys,Board Games & Puzzles,Meridian,18.1,38.99,SUP171,56,116,,False,2026-03-03,Active,636.81,17,C,0,1,1
P03513,SPO-03513-4674,Amberfield Ultra Meditation Cushion,Sports,Yoga & Wellness,Amberfield,13.95,28.99,SUP008,19,156,,False,2025-01-10,Active,3405.63,125,B,0,0,0
P03514,ELE-03514-4873,Ridgeline X200 Lens Filter Set,Electronics,Cameras & Accessories,Ridgeline,11.52,17.99,SUP154,13,197,,False,2024-05-05,Active,938.09,56,C,0,0,0
P03515,ELE-03515-7642,BlueStone Everyday Plus Bluetooth Speaker,Electronics,Headphones & Audio,BlueStone,71.58,122.99,SUP262,17,62,,False,2025-03-03,Active,4763.55,42,B,0,0,0
P03516,HOM-03516-9107,Novara Series 2 Pillow 2-Pack,Home & Kitchen,Bedding & Linens,Novara,22.77,40.99,SUP213,40,149,,False,2024-09-22,Active,95813.61,2519,A,1,0,0
P03517,ELE-03517-3132,Norwell Classic Laptop Sleeve,Electronics,Laptop Accessories,Norwell,160.86,325.99,SUP226,39,32,,False,2026-04-18,Active,23315.65,79,A,0,0,1
P03518,CLO-03518-9957,Meridian Essential Crew Neck Tee 3-Pack,Clothing,Men's Apparel,Meridian,5.96,15.99,SUP080,6,202,,False,2025-09-26,Active,148.54,10,C,0,1,0
P03519,ELE-03519-5673,Ridgeline Pro Wireless Charger,Electronics,Mobile Accessories,Ridgeline,59.82,111.99,SUP114,6,117,,True,2026-04-05,Seasonal,17162.77,162,A,0,0,0
P03520,TOY-03520-3186,Rockridge Classic Brick Building Set,Toys,Building Sets,Rockridge,7.75,12.99,SUP294,42,364,,True,2024-10-10,Seasonal,6478.46,541,B,1,0,0
P03521,CLO-03521-3924,Driftwood Everyday Plus Ankle Boots,Clothing,Footwear,Driftwood,4.46,8.99,SUP068,34,358,,False,2025-02-10,Active,2769.45,334,B,1,0,0
P03522,SPO-03522-2036,Glacier Everyday Plus Foam Roller,Sports,Fitness Equipment,Glacier,4.56,7.99,SUP022,54,556,,False,2024-03-15,Active,875.43,119,C,0,0,0
P03523,TOY-03523-6590,Amberfield Classic Card Game,Toys,Board Games & Puzzles,Amberfield,14.86,37.99,SUP108,64,165,,False,2024-05-03,Active,398.66,11,C,0,1,0
P03524,CLO-03524-1933,Cedarwood Premium Cardigan,Clothing,Women's Apparel,Cedarwood,16.54,43.99,SUP220,73,235,,True,2024-12-07,Discontinued,116.39,3,C,0,1,0
P03525,PER-03525-4797,Kestrel Essential Smart Scale,Personal Care,Health Monitoring,Kestrel,5.64,10.99,SUP155,47,333,110.0,False,2024-12-28,Active,766.53,78,C,0,0,0
P03526,PER-03526-1248,Quinley Classic Electric Toothbrush,Personal Care,Oral Care,Quinley,12.25,26.99,SUP012,25,197,84.0,False,2025-09-08,Active,1226.03,48,C,0,0,1
P03527,GRO-03527-2856,Driftwood Compact Pasta Variety Pack,Grocery,Pantry Staples,Driftwood,4.83,6.99,SUP188,23,312,380.0,False,2024-07-15,Active,261.93,40,C,0,1,0
P03528,ELE-03528-5265,Vertex Classic Camera Backpack,Electronics,Cameras & Accessories,Vertex,111.06,223.99,SUP211,25,52,,False,2026-06-16,Active,49983.67,239,A,0,0,1
P03529,BEA-03529-6343,Solstice Series 2 Makeup Brush Set,Beauty,Makeup,Solstice,16.53,37.99,SUP171,54,221,236.0,False,2025-12-12,Active,9384.95,260,A,1,0,1
P03530,HOM-03530-7285,Driftwood Elite Air Fryer,Home & Kitchen,Small Appliances,Driftwood,3.13,5.99,SUP034,48,289,,False,2026-03-24,Active,6078.83,1097,B,1,0,0
P03531,CLO-03531-3229,Harborlight Compact Wrap Dress,Clothing,Women's Apparel,Harborlight,20.13,38.99,SUP043,16,234,,False,2024-10-06,Active,924.8,26,C,0,1,1
P03532,BEA-03532-3944,Crestmark Deluxe Body Mist,Beauty,Fragrances,Crestmark,8.96,21.99,SUP115,39,214,140.0,False,2025-05-27,Active,456.4,22,C,0,1,0
P03533,CLO-03533-4567,Sunneva Premium High-Waist Jeans,Clothing,Women's Apparel,Sunneva,15.72,29.99,SUP098,48,196,,False,2025-04-17,Active,2844.92,102,B,0,0,0
P03534,TOY-03534-4856,Crestmark Elite Action Figure,Toys,Action Figures & Playsets,Crestmark,64.74,144.99,SUP022,56,83,,False,2025-12-09,Active,8961.19,67,A,0,0,1
P03535,GRO-03535-4741,Copperfield Everyday Popcorn Variety Pack,Grocery,Snacks,Copperfield,8.06,13.99,SUP258,41,398,414.0,False,2026-02-12,Active,963.02,74,C,0,0,1
P03536,CLO-03536-2187,Norwell Max Slim Fit Shirt,Clothing,Men's Apparel,Norwell,8.54,21.99,SUP274,19,199,,False,2025-06-05,Active,4013.96,196,B,0,0,0
P03537,GRO-03537-9084,Everline Classic Herbal Tea Sampler,Grocery,Beverages,Everline,4.08,6.99,SUP028,53,370,513.0,False,2026-06-07,Active,4901.51,753,B,1,0,0
P03538,TOY-03538-3731,Trailhaven Essential 1000-Piece Puzzle,Toys,Board Games & Puzzles,Trailhaven,4.56,9.99,SUP159,13,448,,False,2025-03-26,Active,1185.55,127,C,0,0,0
P03539,BOO-03539-7653,Timbercrest Premium Activity Book,Books,Children's Books,Timbercrest,7.16,10.99,SUP115,36,250,,False,2024-09-07,Active,2621.8,259,B,1,0,0
P03540,ELE-03540-6679,Novara Compact Lens Filter Set,Electronics,Cameras & Accessories,Novara,377.19,672.99,SUP115,39,36,,True,2024-06-04,Seasonal,76716.77,122,A,0,0,1
P03541,SPO-03541-6663,Lumino Everyday Basketball,Sports,Team Sports Gear,Lumino,38.56,69.99,SUP164,23,72,,False,2024-12-10,Active,7532.71,118,B,0,0,1
P03542,HOM-03542-9873,Timbercrest Signature Pillow 2-Pack,Home & Kitchen,Bedding & Linens,Timbercrest,11.72,20.99,SUP125,15,315,,False,2024-09-23,Active,6592.51,346,B,1,0,0
P03543,SPO-03543-2011,BlueStone Max Yoga Block Set,Sports,Yoga & Wellness,BlueStone,4.06,7.99,SUP121,15,541,,False,2024-07-01,Active,376.53,52,C,0,0,0
P03544,CLO-03544-4063,Quinley Compact Compression Shorts,Clothing,Activewear,Quinley,2.33,6.99,SUP028,54,386,,False,2025-02-16,Active,224.16,35,C,0,1,0
P03545,BEA-03545-3781,Lumino Compact Loofah & Soap Set,Beauty,Bath & Body,Lumino,33.17,65.99,SUP204,17,158,336.0,True,2024-08-26,Seasonal,8406.16,138,A,0,0,1
P03546,SPO-03546-9952,Solstice Classic Soccer Ball,Sports,Team Sports Gear,Solstice,9.79,15.99,SUP164,28,161,,False,2026-06-17,Active,403.57,28,C,0,1,0
P03547,AUT-03547-1447,Norwell Max Wheel Cleaner,Automotive,Tire & Wheel Care,Norwell,15.12,30.99,SUP017,16,277,,True,2024-10-04,Seasonal,6220.36,217,B,0,0,0
P03548,TOY-03548-3710,Vaultis Deluxe Card Game,Toys,Board Games & Puzzles,Vaultis,33.97,76.99,SUP102,19,88,,True,2025-07-09,Seasonal,1040.32,15,C,0,1,1
P03549,CLO-03549-5851,Ironclad Essential School Uniform Set,Clothing,Kids' Apparel,Ironclad,30.3,82.99,SUP052,57,122,,True,2025-11-17,Seasonal,28803.48,374,A,1,0,1
P03550,SPO-03550-1050,Brightline Everyday Plus Yoga Mat,Sports,Fitness Equipment,Brightline,5.94,12.99,SUP109,38,444,,False,2026-05-11,Active,1163.31,96,C,0,0,0
P03551,BEA-03551-2060,Vaultis Max Styling Cream,Beauty,Haircare,Vaultis,4.76,12.99,SUP026,35,288,354.0,False,2025-09-18,Active,9243.31,767,A,1,0,0
P03552,TOY-03552-9034,UrbanNest Series 2 Construction Blocks,Toys,Building Sets,UrbanNest,6.73,12.99,SUP171,55,434,,False,2024-08-23,Active,1297.55,109,C,0,0,0
P03553,AUT-03553-1261,Pinnacle Essential License Plate Frame,Automotive,Exterior Accessories,Pinnacle,40.79,63.99,SUP164,26,135,,True,2025-05-22,Seasonal,1844.68,33,C,0,1,1
P03554,HOM-03554-2634,Driftwood Ultra Storage Bin Set,Home & Kitchen,Storage & Organization,Driftwood,43.59,67.99,SUP170,27,111,,False,2024-03-03,Active,13027.57,209,A,0,0,1
P03555,HOM-03555-4210,ClearPath Pro Wall Art Set,Home & Kitchen,Home Decor,ClearPath,201.91,353.99,SUP102,14,33,,False,2024-09-03,Active,18415.05,56,A,0,0,1
P03556,GRO-03556-4330,Rockridge Deluxe BBQ Sauce,Grocery,Condiments & Sauces,Rockridge,5.83,8.99,SUP210,27,390,507.0,False,2026-06-11,Active,490.58,59,C,0,0,1
P03557,HOM-03557-7696,Glacier Signature Cast Iron Skillet,Home & Kitchen,Cookware,Glacier,15.01,32.99,SUP254,47,220,,False,2024-01-05,Active,1097.53,36,C,0,1,0
P03558,BEA-03558-3773,Silverpine Premium Vitamin C Serum,Beauty,Skincare,Silverpine,3.22,5.99,SUP115,41,445,496.0,False,2024-10-27,Active,655.99,118,C,0,0,0
P03559,HOM-03559-4831,Ostrom Max Nonstick Frying Pan,Home & Kitchen,Cookware,Ostrom,6.7,13.99,SUP116,13,292,,True,2024-02-18,Seasonal,42686.78,3280,A,1,0,0
P03560,BOO-03560-5609,Halcyon Signature Atlas,Books,Educational & Reference,Halcyon,4.46,6.99,SUP270,21,429,,False,2025-05-03,Active,52.47,8,C,0,1,0
P03561,ELE-03561-1779,Comet X200 Sleep Tracker Ring,Electronics,Wearable Tech,Comet,77.76,130.99,SUP171,56,76,,False,2025-11-16,Discontinued,117.9,1,C,0,1,1
P03562,GRO-03562-4224,NorthPoint Classic Sparkling Water Case,Grocery,Beverages,NorthPoint,3.97,6.99,SUP152,9,491,168.0,False,2024-03-05,Active,2532.46,387,B,1,0,0
P03563,SPO-03563-5859,Comet Lite Yoga Block Set,Sports,Yoga & Wellness,Comet,8.6,17.99,SUP211,22,262,,True,2024-04-27,Seasonal,8897.2,533,A,1,0,0
P03564,BEA-03564-3522,Meridian Elite Sunscreen SPF50,Beauty,Skincare,Meridian,7.33,14.99,SUP079,18,428,289.0,False,2026-02-23,Active,478.83,34,C,0,1,0
P03565,BEA-03565-5045,Sunneva Deluxe Eyeshadow Palette,Beauty,Makeup,Sunneva,5.69,12.99,SUP011,29,364,362.0,False,2024-09-11,Active,84.82,7,C,0,1,0
P03566,TOY-03566-5876,ClearPath Everyday Plus Vehicle Toy Set,Toys,Action Figures & Playsets,ClearPath,29.08,68.99,SUP200,65,98,,True,2024-01-01,Seasonal,22741.02,356,A,1,0,1
P03567,PER-03567-9647,Kestrel Lite Toothbrush 4-Pack,Personal Care,Oral Care,Kestrel,5.29,10.99,SUP176,46,508,390.0,False,2024-03-30,Discontinued,0.0,0,C,0,1,0
P03568,CLO-03568-6234,Vertex Advanced Blouse,Clothing,Women's Apparel,Vertex,2.3,3.99,SUP115,37,812,,False,2026-04-06,Active,267.65,74,C,0,0,0
P03569,ELE-03569-2234,Trailhaven Signature USB-C Hub,Electronics,Laptop Accessories,Trailhaven,13.59,26.99,SUP012,24,307,,False,2026-04-22,Active,3719.77,148,B,0,0,0
P03570,ELE-03570-7620,Foundry Everyday Plus Smart Bulb Kit,Electronics,Smart Home Devices,Foundry,38.32,54.99,SUP274,21,102,,False,2024-05-30,Active,732.73,15,C,0,1,0
P03571,PER-03571-7144,NorthPoint Everyday Hand Sanitizer 3-Pack,Personal Care,Personal Hygiene,NorthPoint,2.77,5.99,SUP211,21,448,138.0,True,2024-09-12,Seasonal,2626.26,467,B,1,0,0
P03572,SPO-03572-4014,Vanture Max Bike Lock,Sports,Cycling,Vanture,21.58,34.99,SUP106,12,96,,False,2024-06-16,Active,3969.78,123,B,0,0,0
P03573,TOY-03573-7484,Vaultis X200 Construction Blocks,Toys,Building Sets,Vaultis,17.27,33.99,SUP047,30,252,,True,2025-03-24,Discontinued,96.3,3,C,0,1,0
P03574,SPO-03574-2117,Ridgeline Max Hiking Backpack,Sports,Outdoor Recreation,Ridgeline,51.92,118.99,SUP159,13,122,,False,2026-01-23,Discontinued,441.47,4,C,0,1,1
P03575,HOM-03575-8635,Vertex Ultra Closet Organizer,Home & Kitchen,Storage & Organization,Vertex,12.05,22.99,SUP008,17,187,,False,2025-11-23,Active,13969.12,651,A,1,0,0
P03576,BEA-03576-2434,Copperfield Everyday Vitamin C Serum,Beauty,Skincare,Copperfield,1.5,3.99,SUP128,19,530,115.0,True,2024-12-18,Seasonal,325.58,90,C,0,0,0
P03577,TOY-03577-8618,Harborlight Premium Strategy Game,Toys,Board Games & Puzzles,Harborlight,16.12,38.99,SUP294,33,262,,False,2025-09-26,Active,4284.98,117,B,0,0,0
P03578,AUT-03578-3855,Amberfield X200 Trunk Organizer,Automotive,Interior Accessories,Amberfield,51.95,77.99,SUP214,14,90,,False,2024-08-21,Active,5122.8,70,B,0,0,1
P03579,HOM-03579-4637,Crestmark Signature Wall Art Set,Home & Kitchen,Home Decor,Crestmark,19.16,42.99,SUP294,35,188,,False,2026-04-09,Active,75.69,2,C,0,1,0
P03580,BOO-03580-3385,Lumino Premium Self-Help Guide,Books,Non-Fiction,Lumino,2.56,3.99,SUP114,7,382,,False,2025-06-27,Active,1191.07,325,C,1,0,0
P03581,HOM-03581-7726,Halcyon Essential Coffee Maker,Home & Kitchen,Small Appliances,Halcyon,10.63,14.99,SUP022,56,178,,True,2026-04-16,Seasonal,7495.92,532,B,1,0,0
P03582,PER-03582-6741,Cedarwood Signature Hand Sanitizer 3-Pack,Personal Care,Personal Hygiene,Cedarwood,11.75,23.99,SUP288,44,211,401.0,False,2024-08-20,Active,21364.78,944,A,1,0,1
P03583,GRO-03583-4524,Glacier Elite Granola Bites,Grocery,Snacks,Glacier,2.78,4.99,SUP258,42,406,356.0,False,2026-05-16,Active,22.24,5,C,0,1,0
P03584,SPO-03584-7886,Sunneva Essential Bike Lock,Sports,Cycling,Sunneva,4.82,10.99,SUP159,12,291,,True,2024-09-18,Seasonal,10.43,1,C,0,1,0
P03585,HOM-03585-9051,UrbanNest Signature Sheet Set,Home & Kitchen,Bedding & Linens,UrbanNest,8.67,19.99,SUP054,14,254,,False,2025-09-16,Active,5085.81,272,B,1,0,0
P03586,BOO-03586-4747,Glacier Essential Mystery Novel,Books,Fiction,Glacier,3.94,7.99,SUP214,13,320,,False,2024-02-11,Active,263.94,35,C,0,1,0
P03587,SPO-03587-7343,Halcyon Everyday Plus Bike Water Bottle Cage,Sports,Cycling,Halcyon,11.32,18.99,SUP008,17,329,,False,2024-07-29,Active,315.5,17,C,0,1,0
P03588,GRO-03588-9120,Ashford Elite Oatmeal Packets,Grocery,Breakfast Foods,Ashford,3.39,4.99,SUP274,22,496,283.0,True,2025-05-06,Seasonal,698.69,149,C,0,0,0
P03589,TOY-03589-1380,Rockridge Max Brick Building Set,Toys,Building Sets,Rockridge,8.84,15.99,SUP199,37,166,,True,2025-04-05,Seasonal,695.07,47,C,0,0,0
P03590,AUT-03590-3570,Norwell Premium Steering Wheel Cover,Automotive,Interior Accessories,Norwell,43.02,74.99,SUP035,35,87,,False,2024-04-28,Active,861.3,12,C,0,1,1
P03591,AUT-03591-2696,Everline Advanced Wheel Cleaner,Automotive,Tire & Wheel Care,Everline,4.97,9.99,SUP032,48,359,,False,2024-01-10,Active,1673.84,181,C,0,0,0
P03592,GRO-03592-6315,Silverpine Pro Breakfast Bar Box,Grocery,Breakfast Foods,Silverpine,3.14,4.99,SUP018,49,454,499.0,False,2026-02-02,Active,973.82,211,C,0,0,0
P03593,TOY-03593-9136,Palisade Pro Collectible Figure 3-Pack,Toys,Action Figures & Playsets,Palisade,8.16,19.99,SUP222,45,331,,False,2024-08-10,Active,2892.03,158,B,0,0,0
P03594,CLO-03594-9746,Novara Everyday Plus Canvas Sneakers,Clothing,Footwear,Novara,15.48,29.99,SUP028,44,248,,False,2025-11-15,Active,2683.81,96,B,0,0,0
P03595,BOO-03595-6069,Willowbrook Max Illustrated Novel,Books,Comics & Graphic Novels,Willowbrook,4.5,6.99,SUP154,12,420,,False,2024-06-06,Active,1412.64,218,C,0,0,0
P03596,CLO-03596-9343,NorthPoint Deluxe Performance Tank,Clothing,Activewear,NorthPoint,48.55,120.99,SUP098,48,94,,False,2024-09-17,Active,492.79,4,C,0,1,1
P03597,BOO-03597-7993,Foundry Ultra History Hardcover,Books,Non-Fiction,Foundry,4.98,7.99,SUP159,12,274,,False,2024-01-16,Active,765.85,105,C,0,0,0
P03598,HOM-03598-7916,Copperfield X200 Closet Organizer,Home & Kitchen,Storage & Organization,Copperfield,12.92,18.99,SUP196,37,134,,False,2025-05-01,Active,4140.45,234,B,0,0,0
P03599,BEA-03599-8657,Solstice Max Cleansing Foam,Beauty,Skincare,Solstice,4.68,9.99,SUP050,52,242,394.0,False,2025-04-16,Active,612.09,66,C,0,0,0
P03600,HOM-03600-8409,Vertex X200 Table Lamp,Home & Kitchen,Home Decor,Vertex,24.94,56.99,SUP046,17,143,,True,2025-06-10,Discontinued,55.15,1,C,0,1,0
P03601,GRO-03601-1430,Solstice Classic Oatmeal Packets,Grocery,Breakfast Foods,Solstice,5.02,7.99,SUP084,44,214,442.0,True,2025-11-13,Seasonal,199.96,27,C,0,1,0
P03602,ELE-03602-6271,Brightline Classic Soundbar,Electronics,Headphones & Audio,Brightline,125.61,274.99,SUP274,23,55,,False,2025-08-30,Active,8054.28,32,A,0,1,1
P03603,HOM-03603-1982,Meridian Max Coffee Maker,Home & Kitchen,Small Appliances,Meridian,15.87,37.99,SUP118,21,114,,False,2024-07-03,Active,11454.45,321,A,1,0,0
P03604,TOY-03604-2256,Everline Lite Counting Puzzle,Toys,Educational Toys,Everline,5.6,13.99,SUP064,9,460,,False,2025-01-17,Active,11165.92,856,A,1,0,0
P03605,CLO-03605-9437,Solstice Series 2 School Uniform Set,Clothing,Kids' Apparel,Solstice,11.16,28.99,SUP154,14,181,,False,2024-03-10,Active,13301.38,499,A,1,0,0
P03606,ELE-03606-7097,Timbercrest Elite Wireless Charger,Electronics,Mobile Accessories,Timbercrest,29.26,63.99,SUP037,33,161,,False,2025-08-18,Active,376.8,6,C,0,1,0
P03607,TOY-03607-6477,Halcyon Classic Kickball Set,Toys,Outdoor Play,Halcyon,10.02,25.99,SUP219,20,341,,True,2024-12-27,Seasonal,1075.16,42,C,0,0,0
P03608,PER-03608-9513,Aurelia X200 Beard Trimmer,Personal Care,Shaving & Grooming,Aurelia,3.44,6.99,SUP081,9,613,452.0,False,2024-06-03,Active,1593.53,247,C,0,0,0
P03609,AUT-03609-7473,Harborlight Pro Tire Pressure Gauge,Automotive,Tools & Equipment,Harborlight,16.99,29.99,SUP294,34,244,,True,2026-03-11,Seasonal,17071.09,608,A,1,0,0
P03610,AUT-03610-5538,Everline Ultra Tire Pressure Gauge,Automotive,Tools & Equipment,Everline,25.23,34.99,SUP171,58,171,,False,2025-03-05,Discontinued,0.0,0,C,0,1,0
P03611,PER-03611-4551,Silverpine Everyday Plus Whitening Kit,Personal Care,Oral Care,Silverpine,13.3,24.99,SUP171,49,166,414.0,True,2024-02-17,Seasonal,1956.75,84,C,0,0,1
P03612,BOO-03612-3747,Fernwood Max Short Story Collection,Books,Fiction,Fernwood,5.01,9.99,SUP075,28,349,,True,2024-03-26,Seasonal,244.92,26,C,0,1,0
P03613,PER-03613-3176,Novara Deluxe Grooming Kit,Personal Care,Shaving & Grooming,Novara,4.67,8.99,SUP035,30,358,104.0,False,2024-09-22,Active,1687.14,198,C,0,0,0
P03614,PER-03614-4311,Ridgeline Lite Deodorant 2-Pack,Personal Care,Personal Hygiene,Ridgeline,5.82,9.99,SUP020,7,371,361.0,True,2026-05-08,Seasonal,176.33,19,C,0,1,0
P03615,GRO-03615-1898,UrbanNest X200 BBQ Sauce,Grocery,Condiments & Sauces,UrbanNest,3.89,5.99,SUP258,37,388,236.0,True,2024-03-30,Seasonal,575.97,105,C,0,0,0
P03616,AUT-03616-1120,Ironclad Deluxe Socket Wrench Set,Automotive,Tools & Equipment,Ironclad,10.37,19.99,SUP293,25,163,,False,2025-01-01,Active,782.97,40,C,0,1,0
P03617,TOY-03617-2926,Foundry X200 STEM Building Kit,Toys,Educational Toys,Foundry,8.61,20.99,SUP052,61,169,,False,2024-12-28,Discontinued,42.4,2,C,0,1,0
P03618,TOY-03618-5130,BlueStone Max Model Kit,Toys,Building Sets,BlueStone,11.62,26.99,SUP295,20,216,,False,2025-07-17,Active,143876.84,5763,A,1,0,0
P03619,AUT-03619-1924,Cedarwood Classic Wheel Cover Set,Automotive,Tire & Wheel Care,Cedarwood,4.51,6.99,SUP171,53,521,,False,2025-06-30,Active,1045.7,159,C,0,0,0
P03620,BEA-03620-3959,ClearPath Advanced Facial Moisturizer,Beauty,Skincare,ClearPath,9.4,17.99,SUP231,18,311,178.0,False,2025-03-22,Active,32098.93,1931,A,1,0,0
P03621,BEA-03621-9347,Palisade Everyday Plus Shampoo & Conditioner Set,Beauty,Haircare,Palisade,7.09,19.99,SUP294,38,257,472.0,True,2026-01-05,Seasonal,12663.48,689,A,1,0,0
P03622,BOO-03622-6134,Meridian Advanced Illustrated Novel,Books,Comics & Graphic Novels,Meridian,9.17,17.99,SUP290,28,368,,False,2024-01-25,Active,152.52,9,C,0,1,1
P03623,SPO-03623-8840,Halcyon Elite Shin Guards,Sports,Team Sports Gear,Halcyon,4.11,7.99,SUP159,12,472,,False,2024-12-24,Active,2029.04,276,C,1,0,0
P03624,AUT-03624-2625,Timbercrest Compact Jump Starter,Automotive,Tools & Equipment,Timbercrest,6.31,11.99,SUP158,22,425,,False,2024-02-27,Active,284.46,25,C,0,1,0
P03625,AUT-03625-7791,UrbanNest Advanced License Plate Frame,Automotive,Exterior Accessories,UrbanNest,77.46,140.99,SUP192,72,106,,False,2024-10-01,Active,5370.73,42,B,0,0,1
P03626,SPO-03626-2070,Willowbrook Everyday Plus Yoga Block Set,Sports,Yoga & Wellness,Willowbrook,10.86,23.99,SUP052,56,270,,False,2024-08-29,Active,118.74,5,C,0,1,0
P03627,PER-03627-1198,ClearPath Signature Blood Pressure Monitor,Personal Care,Health Monitoring,ClearPath,13.96,21.99,SUP108,49,293,352.0,False,2026-03-16,Active,211.73,10,C,0,1,1
P03628,HOM-03628-1010,Ostrom Deluxe Closet Organizer,Home & Kitchen,Storage & Organization,Ostrom,8.98,19.99,SUP248,41,259,,False,2025-09-07,Active,467.88,27,C,0,1,0
P03629,PER-03629-5693,Aurelia Signature Whitening Kit,Personal Care,Oral Care,Aurelia,2.43,3.99,SUP023,49,692,327.0,False,2024-08-06,Active,225.96,61,C,0,0,0
P03630,ELE-03630-1033,Norwell Essential Wireless Mouse,Electronics,Laptop Accessories,Norwell,141.9,297.99,SUP131,19,44,,False,2025-08-07,Active,10360.54,40,A,0,1,1
P03631,CLO-03631-3157,Novara X200 Toddler Joggers,Clothing,Kids' Apparel,Novara,12.41,26.99,SUP080,5,313,,True,2026-01-29,Seasonal,529.75,21,C,0,1,0
P03632,ELE-03632-7228,Novara Pro Laptop Sleeve,Electronics,Laptop Accessories,Novara,34.46,72.99,SUP164,28,155,,False,2024-06-20,Active,6252.7,93,B,0,0,0
P03633,CLO-03633-1678,Rockridge Max Training Jacket,Clothing,Activewear,Rockridge,13.26,20.99,SUP042,19,176,,False,2025-05-29,Active,8637.84,442,A,1,0,0
P03634,BEA-03634-8956,Foundry Everyday Vitamin C Serum,Beauty,Skincare,Foundry,4.29,10.99,SUP274,20,437,425.0,False,2025-03-21,Active,1507.31,149,C,0,0,0
P03635,ELE-03635-1188,Silverpine Max Smart Plug,Electronics,Smart Home Devices,Silverpine,49.45,88.99,SUP236,2,63,,False,2026-04-13,Active,6827.21,81,B,0,0,0
P03636,BOO-03636-8448,Sunneva Elite Graphic Novel Vol. 1,Books,Comics & Graphic Novels,Sunneva,2.77,4.18,SUP021,16,529,,False,2024-11-30,Active,860.93,225,C,0,0,0
P03637,SPO-03637-7450,Trailhaven Max Bike Water Bottle Cage,Sports,Cycling,Trailhaven,19.32,34.99,SUP084,51,218,,False,2025-09-10,Active,503.23,15,C,0,1,0
P03638,HOM-03638-8604,Harborlight Compact Nonstick Frying Pan,Home & Kitchen,Cookware,Harborlight,10.63,15.99,SUP012,32,218,,False,2025-06-02,Active,7251.98,483,B,1,0,0
P03639,SPO-03639-4410,BlueStone Everyday Plus Camp Chair,Sports,Outdoor Recreation,BlueStone,34.88,78.99,SUP027,43,155,,False,2024-10-21,Active,1137.4,15,C,0,1,0
P03640,HOM-03640-1533,Willowbrook Deluxe Closet Organizer,Home & Kitchen,Storage & Organization,Willowbrook,13.05,25.99,SUP115,39,264,,True,2024-11-01,Seasonal,21604.6,895,A,1,0,0
P03641,HOM-03641-6298,Driftwood Ultra Table Lamp,Home & Kitchen,Home Decor,Driftwood,8.17,18.99,SUP084,42,392,,False,2026-02-25,Active,6882.54,383,B,1,0,0
P03642,HOM-03642-9569,UrbanNest Elite Stock Pot,Home & Kitchen,Cookware,UrbanNest,10.32,20.99,SUP154,13,350,,False,2026-03-28,Active,5620.09,286,B,1,0,0
P03643,BOO-03643-7969,Lumino Advanced Study Guide,Books,Educational & Reference,Lumino,4.63,6.99,SUP075,22,292,,False,2024-08-25,Active,1354.23,209,C,0,0,0
P03644,TOY-03644-6884,UrbanNest Pro Coding Robot Kit,Toys,Educational Toys,UrbanNest,3.23,6.99,SUP084,46,404,,True,2025-03-06,Seasonal,836.01,129,C,0,0,0
P03645,BOO-03645-5034,Crestmark Premium Picture Book,Books,Children's Books,Crestmark,3.33,5.99,SUP284,43,357,,False,2024-05-10,Active,203.55,36,C,0,1,0
P03646,TOY-03646-3135,Fernwood Premium Strategy Game,Toys,Board Games & Puzzles,Fernwood,10.16,16.99,SUP261,56,229,,True,2025-01-24,Seasonal,445.76,29,C,0,1,0
P03647,BOO-03647-2162,Glacier Signature History Hardcover,Books,Non-Fiction,Glacier,8.72,16.99,SUP008,17,167,,False,2026-03-02,Active,12981.66,819,A,1,0,1
P03648,TOY-03648-1463,Vanture Signature Construction Blocks,Toys,Building Sets,Vanture,27.39,57.99,SUP171,45,144,,False,2025-10-03,Active,2998.47,56,B,0,0,1
P03649,PER-03649-9489,Amberfield Advanced Toothbrush 4-Pack,Personal Care,Oral Care,Amberfield,2.92,5.99,SUP028,59,669,100.0,False,2025-03-19,Active,125.79,24,C,0,1,0
P03650,BEA-03650-9457,Norwell Signature Makeup Brush Set,Beauty,Makeup,Norwell,7.61,16.99,SUP234,9,354,360.0,False,2025-12-12,Active,3786.92,242,B,0,0,0
P03651,HOM-03651-6820,Norwell Everyday Coffee Maker,Home & Kitchen,Small Appliances,Norwell,30.41,53.99,SUP251,11,146,,False,2025-05-19,Active,6272.8,125,B,0,0,0
P03652,HOM-03652-4878,Rockridge Deluxe Comforter,Home & Kitchen,Bedding & Linens,Rockridge,15.12,28.99,SUP185,15,160,,False,2025-02-03,Active,2538.47,95,B,0,0,0
P03653,BOO-03653-2790,UrbanNest Lite Reference Encyclopedia,Books,Educational & Reference,UrbanNest,3.85,6.99,SUP192,66,338,,False,2024-01-16,Active,176.86,27,C,0,1,0
P03654,CLO-03654-9643,Ashford Series 2 Denim Jacket,Clothing,Men's Apparel,Ashford,11.57,24.99,SUP258,45,151,,False,2024-04-09,Active,5599.54,240,B,0,0,0
P03655,HOM-03655-7144,Brightline Signature Comforter,Home & Kitchen,Bedding & Linens,Brightline,4.47,6.99,SUP022,63,255,,False,2025-05-06,Active,3930.12,604,B,1,0,0
P03656,AUT-03656-1556,Vertex Lite Steering Wheel Cover,Automotive,Interior Accessories,Vertex,6.87,10.99,SUP202,32,385,,False,2024-03-18,Active,2063.49,202,B,0,0,0
P03657,PER-03657-4854,Aurelia Everyday Water Flosser,Personal Care,Oral Care,Aurelia,4.5,6.99,SUP027,42,546,170.0,False,2024-01-11,Active,604.29,92,C,0,0,0
P03658,GRO-03658-4120,Ostrom Max Pancake Mix,Grocery,Breakfast Foods,Ostrom,2.37,3.99,SUP012,29,731,329.0,True,2024-10-25,Seasonal,127.88,35,C,0,1,0
P03659,HOM-03659-8131,Vaultis Compact Cast Iron Skillet,Home & Kitchen,Cookware,Vaultis,41.26,78.99,SUP174,28,161,,False,2025-05-22,Active,14580.52,198,A,0,0,1
P03660,HOM-03660-7590,Driftwood Essential Comforter,Home & Kitchen,Bedding & Linens,Driftwood,25.37,36.99,SUP068,25,98,,False,2025-10-30,Active,1990.58,58,C,0,0,0
P03661,BEA-03661-7479,Ridgeline Advanced Eau de Parfum,Beauty,Fragrances,Ridgeline,8.05,22.99,SUP012,28,252,344.0,True,2026-05-30,Seasonal,102.67,5,C,0,1,0
P03662,AUT-03662-8028,UrbanNest Signature Backup Camera,Automotive,Car Electronics,UrbanNest,20.96,35.99,SUP018,46,132,,False,2025-08-19,Active,12317.33,368,A,1,0,0
P03663,BOO-03663-3349,Rockridge Everyday Study Guide,Books,Educational & Reference,Rockridge,4.24,6.99,SUP293,28,268,,False,2026-06-08,Discontinued,26.31,4,C,0,1,0
P03664,ELE-03664-4826,Copperfield Ultra Security Camera,Electronics,Smart Home Devices,Copperfield,26.69,47.99,SUP052,55,115,,False,2024-09-19,Active,82.58,2,C,0,1,0
P03665,CLO-03665-7664,NorthPoint Classic Canvas Sneakers,Clothing,Footwear,NorthPoint,58.15,89.99,SUP115,42,109,,True,2025-08-22,Seasonal,28167.09,336,A,1,0,1
P03666,ELE-03666-3281,Trailhaven Series 2 Camera Backpack,Electronics,Cameras & Accessories,Trailhaven,42.25,86.99,SUP068,29,114,,False,2024-01-05,Active,171.14,2,C,0,1,0
P03667,BEA-03667-5953,Crestmark Everyday Hair Mask,Beauty,Haircare,Crestmark,12.19,33.99,SUP274,22,309,252.0,False,2024-05-03,Active,1118.5,35,C,0,1,1
P03668,BEA-03668-8302,Harborlight Elite Sunscreen SPF50,Beauty,Skincare,Harborlight,4.72,8.99,SUP019,18,264,76.0,False,2025-08-09,Active,227.53,26,C,0,1,0
P03669,BOO-03669-7054,Ridgeline X200 Picture Book,Books,Children's Books,Ridgeline,7.94,13.99,SUP159,11,335,,False,2024-10-15,Active,289.3,23,C,0,1,1
P03670,CLO-03670-4046,Novara Everyday Plus Cardigan,Clothing,Women's Apparel,Novara,5.3,9.99,SUP140,21,389,,False,2025-05-29,Active,24926.42,2683,A,1,0,0
P03671,AUT-03671-4556,Meridian Advanced Socket Wrench Set,Automotive,Tools & Equipment,Meridian,17.45,23.99,SUP196,37,227,,True,2026-05-09,Seasonal,2498.98,109,B,0,0,0
P03672,ELE-03672-6735,Timbercrest Signature Wireless Charger,Electronics,Mobile Accessories,Timbercrest,44.31,70.99,SUP270,22,110,,False,2025-12-05,Active,12948.44,199,A,0,0,0
P03673,TOY-03673-1931,ClearPath Everyday Alphabet Learning Set,Toys,Educational Toys,ClearPath,21.23,44.99,SUP001,10,102,,False,2024-11-16,Active,9554.99,228,A,0,0,1
P03674,ELE-03674-8111,Brightline Essential Smart Plug,Electronics,Smart Home Devices,Brightline,8.6,17.99,SUP008,19,252,,False,2025-09-17,Active,1050.76,64,C,0,0,0
P03675,GRO-03675-1323,Glacier Everyday Cereal Box,Grocery,Breakfast Foods,Glacier,3.25,5.99,SUP102,18,357,267.0,False,2026-04-22,Active,2203.01,398,B,1,0,0
P03676,AUT-03676-8145,Brightline Pro Tire Shine Kit,Automotive,Tire & Wheel Care,Brightline,17.49,27.99,SUP115,43,157,,False,2024-08-13,Active,3697.78,144,B,0,0,0
P03677,SPO-03677-8125,Fernwood Advanced Yoga Block Set,Sports,Yoga & Wellness,Fernwood,3.0,4.99,SUP270,21,378,,True,2025-05-21,Seasonal,2371.9,520,B,1,0,0
P03678,HOM-03678-6759,Driftwood Lite Closet Organizer,Home & Kitchen,Storage & Organization,Driftwood,6.01,12.99,SUP071,27,377,,False,2025-10-30,Active,872.52,73,C,0,0,0
P03679,CLO-03679-3529,Kestrel Everyday Plus Slim Fit Shirt,Clothing,Men's Apparel,Kestrel,4.82,11.99,SUP258,51,520,,False,2025-08-24,Active,2575.16,230,B,0,0,0
P03680,SPO-03680-4675,Ridgeline Pro Meditation Cushion,Sports,Yoga & Wellness,Ridgeline,29.02,59.99,SUP022,56,99,,False,2025-03-19,Active,4500.27,81,B,0,0,0
P03681,PER-03681-6302,Vaultis Compact Deodorant 2-Pack,Personal Care,Personal Hygiene,Vaultis,5.03,9.99,SUP019,14,337,309.0,False,2025-01-29,Active,4203.13,454,B,1,0,0
P03682,BOO-03682-9489,Fernwood Series 2 Language Learning Workbook,Books,Educational & Reference,Fernwood,8.99,15.99,SUP215,14,221,,False,2025-06-08,Active,465.99,32,C,0,1,1
P03683,ELE-03683-8568,Ironclad Deluxe Wireless Mouse,Electronics,Laptop Accessories,Ironclad,24.6,37.99,SUP218,56,104,,True,2025-03-28,Seasonal,61381.01,1749,A,1,0,0
P03684,CLO-03684-1538,Brightline Series 2 Toddler Joggers,Clothing,Kids' Apparel,Brightline,7.8,13.99,SUP022,59,267,,False,2024-11-21,Active,2459.62,188,B,0,0,0
P03685,HOM-03685-9550,Vertex Lite Sheet Set,Home & Kitchen,Bedding & Linens,Vertex,13.57,24.99,SUP295,20,271,,False,2026-03-08,Active,1990.76,85,C,0,0,0
P03686,ELE-03686-7252,UrbanNest Lite GPS Running Watch,Electronics,Wearable Tech,UrbanNest,12.06,25.99,SUP021,15,186,,False,2025-12-22,Active,2879.15,118,B,0,0,0
P03687,BOO-03687-9728,Ashford Classic Early Reader Set,Books,Children's Books,Ashford,9.61,13.99,SUP266,48,207,,False,2025-08-07,Active,994.83,77,C,0,0,1
P03688,TOY-03688-4258,Glacier Everyday Model Kit,Toys,Building Sets,Glacier,10.16,15.99,SUP043,17,346,,False,2024-06-27,Active,694.7,47,C,0,0,0
P03689,ELE-03689-8249,Lumino X200 Smart Plug,Electronics,Smart Home Devices,Lumino,25.37,45.99,SUP008,22,172,,False,2025-04-13,Active,9137.63,213,A,0,0,0
P03690,TOY-03690-2038,Vaultis X200 Construction Blocks,Toys,Building Sets,Vaultis,77.47,175.99,SUP258,39,67,,False,2024-07-05,Active,7413.02,45,B,0,0,1
P03691,SPO-03691-5697,Silverpine Premium Resistance Bands Set,Sports,Fitness Equipment,Silverpine,7.95,15.99,SUP039,51,173,,True,2024-05-28,Seasonal,25672.54,1737,A,1,0,0
P03692,TOY-03692-4850,Solstice Lite Brick Building Set,Toys,Building Sets,Solstice,6.28,10.99,SUP158,22,469,,False,2024-08-04,Active,731.28,72,C,0,0,0
P03693,HOM-03693-3395,Quinley Ultra Weighted Blanket,Home & Kitchen,Bedding & Linens,Quinley,9.64,15.99,SUP248,35,367,,False,2024-05-23,Active,1868.48,125,C,0,0,0
P03694,BEA-03694-3931,Palisade Ultra Eyeshadow Palette,Beauty,Makeup,Palisade,13.62,32.99,SUP030,7,247,480.0,False,2025-12-21,Active,1361.25,46,C,0,0,1
P03695,ELE-03695-1156,Vanture Series 2 Smart Bulb Kit,Electronics,Smart Home Devices,Vanture,17.89,36.99,SUP215,12,126,,False,2025-04-13,Active,45968.26,1341,A,1,0,0
P03696,HOM-03696-6968,Crestmark Lite Cookware Set,Home & Kitchen,Cookware,Crestmark,31.23,44.99,SUP159,14,163,,False,2025-10-26,Discontinued,0.0,0,C,0,1,0
P03697,GRO-03697-3030,Silverpine Everyday Pasta Sauce Jar,Grocery,Condiments & Sauces,Silverpine,1.59,2.99,SUP064,9,674,229.0,False,2026-06-09,Active,393.96,142,C,0,0,0
P03698,GRO-03698-1166,Norwell Classic Herbal Tea Sampler,Grocery,Beverages,Norwell,3.32,4.99,SUP012,32,286,511.0,False,2024-09-02,Active,828.72,176,C,0,0,0
P03699,HOM-03699-3128,ClearPath Everyday Plus Weighted Blanket,Home & Kitchen,Bedding & Linens,ClearPath,13.5,31.99,SUP064,13,148,,False,2024-06-26,Active,1010.08,35,C,0,1,0
P03700,HOM-03700-8019,Aurelia Series 2 Sheet Set,Home & Kitchen,Bedding & Linens,Aurelia,17.15,33.99,SUP115,34,115,,False,2024-05-11,Active,108791.33,3457,A,1,0,0
P03701,PER-03701-5735,Timbercrest Deluxe Deodorant 2-Pack,Personal Care,Personal Hygiene,Timbercrest,26.72,40.99,SUP102,14,100,428.0,False,2024-01-17,Discontinued,0.0,0,C,0,1,1
P03702,TOY-03702-2992,BlueStone Pro Alphabet Learning Set,Toys,Educational Toys,BlueStone,9.31,20.99,SUP210,25,278,,False,2024-01-26,Active,1305.6,68,C,0,0,0
P03703,GRO-03703-6646,Novara Deluxe Baking Mix,Grocery,Pantry Staples,Novara,3.67,5.99,SUP115,37,533,484.0,False,2025-06-26,Active,5080.23,925,B,1,0,0
P03704,PER-03704-2820,Glacier Lite Smart Scale,Personal Care,Health Monitoring,Glacier,3.21,4.99,SUP104,26,673,256.0,False,2025-09-15,Active,344.22,74,C,0,0,0
P03705,HOM-03705-9820,Brightline Lite Stock Pot,Home & Kitchen,Cookware,Brightline,15.62,31.99,SUP245,15,283,,False,2024-09-23,Active,3413.66,117,B,0,0,0
P03706,BEA-03706-1973,BlueStone Everyday Sunscreen SPF50,Beauty,Skincare,BlueStone,3.44,6.99,SUP133,12,582,379.0,False,2025-05-06,Active,574.93,90,C,0,0,0
P03707,TOY-03707-4515,Willowbrook Everyday Action Figure,Toys,Action Figures & Playsets,Willowbrook,3.13,6.99,SUP294,40,297,,False,2024-07-07,Active,724.8,114,C,0,0,0
P03708,BEA-03708-5777,Foundry Deluxe Cologne,Beauty,Fragrances,Foundry,5.19,12.99,SUP161,48,351,515.0,False,2025-10-02,Active,5966.0,493,B,1,0,0
P03709,HOM-03709-9445,Comet Premium Stand Mixer,Home & Kitchen,Small Appliances,Comet,5.56,12.99,SUP274,20,216,,False,2025-10-10,Active,846.32,69,C,0,0,0
P03710,BEA-03710-1755,NorthPoint Deluxe Styling Cream,Beauty,Haircare,NorthPoint,24.27,63.99,SUP264,24,175,486.0,True,2025-10-07,Seasonal,0.0,0,C,0,1,1
P03711,CLO-03711-8264,Copperfield Premium Canvas Sneakers,Clothing,Footwear,Copperfield,36.8,89.99,SUP115,35,88,,False,2025-04-11,Active,2745.59,33,B,0,1,1
P03712,BOO-03712-3265,Ostrom Pro Graphic Novel Vol. 1,Books,Comics & Graphic Novels,Ostrom,2.36,3.99,SUP171,55,641,,False,2026-02-09,Active,487.13,131,C,0,0,0
P03713,BEA-03713-7362,Lumino X200 Makeup Brush Set,Beauty,Makeup,Lumino,3.61,5.99,SUP028,55,353,323.0,False,2024-03-17,Active,1112.97,199,C,0,0,0
P03714,BEA-03714-2096,Silverpine X200 Hair Mask,Beauty,Haircare,Silverpine,4.66,10.99,SUP158,26,439,218.0,False,2025-01-14,Active,911.8,90,C,0,0,0
P03715,GRO-03715-2574,Sunneva Advanced Baking Mix,Grocery,Pantry Staples,Sunneva,9.92,14.99,SUP115,40,307,99.0,False,2024-02-27,Active,195.26,15,C,0,1,1
P03716,CLO-03716-9983,Lumino Signature Training Jacket,Clothing,Activewear,Lumino,6.47,14.99,SUP143,49,266,,False,2026-01-24,Active,901.39,64,C,0,0,0
P03717,HOM-03717-6560,Amberfield Ultra Shelving Unit,Home & Kitchen,Storage & Organization,Amberfield,55.94,113.99,SUP039,66,141,,True,2024-03-08,Seasonal,77746.75,731,A,1,0,1
P03718,AUT-03718-1228,Kestrel Pro Socket Wrench Set,Automotive,Tools & Equipment,Kestrel,15.06,27.99,SUP259,21,157,,False,2025-02-01,Active,2570.84,97,B,0,0,0
P03719,TOY-03719-6335,Novara Essential 1000-Piece Puzzle,Toys,Board Games & Puzzles,Novara,7.22,17.99,SUP020,7,200,,False,2024-06-18,Active,4059.12,242,B,0,0,0
P03720,BEA-03720-7444,Vaultis Pro Hair Mask,Beauty,Haircare,Vaultis,3.07,6.99,SUP230,48,524,185.0,False,2025-10-07,Active,264.84,42,C,0,0,0
P03721,TOY-03721-8113,Fernwood Series 2 Alphabet Learning Set,Toys,Educational Toys,Fernwood,41.69,73.99,SUP275,5,108,,True,2025-01-01,Seasonal,1660.48,24,C,0,1,1
P03722,ELE-03722-3325,Brightline Signature Smart Plug,Electronics,Smart Home Devices,Brightline,90.98,160.99,SUP022,48,97,,False,2025-05-17,Discontinued,678.26,5,C,0,1,1
P03723,GRO-03723-6212,ClearPath Lite Oatmeal Packets,Grocery,Breakfast Foods,ClearPath,7.7,10.99,SUP116,13,299,282.0,False,2026-05-27,Active,4075.19,397,B,1,0,1
P03724,BEA-03724-2395,Halcyon Pro Vitamin C Serum,Beauty,Skincare,Halcyon,4.14,9.99,SUP164,27,328,536.0,True,2026-04-20,Seasonal,132.58,14,C,0,1,0
P03725,CLO-03725-9670,Ostrom Deluxe Cardigan,Clothing,Women's Apparel,Ostrom,13.77,28.99,SUP295,16,219,,False,2025-01-25,Active,3759.72,136,B,0,0,0
P03726,TOY-03726-2980,Copperfield Premium Card Game,Toys,Board Games & Puzzles,Copperfield,7.45,12.99,SUP258,37,394,,False,2024-12-03,Active,1862.44,154,C,0,0,0
P03727,PER-03727-2791,Comet Everyday Hand Sanitizer 3-Pack,Personal Care,Personal Hygiene,Comet,2.5,4.99,SUP115,34,424,446.0,False,2024-09-29,Active,1011.15,219,C,0,0,0
P03728,BEA-03728-7173,Quinley Classic Eyeshadow Palette,Beauty,Makeup,Quinley,8.14,14.99,SUP290,35,193,67.0,True,2025-09-21,Seasonal,0.0,0,C,0,1,0
P03729,GRO-03729-2489,Kestrel Essential Rice 5lb Bag,Grocery,Pantry Staples,Kestrel,2.08,3.38,SUP084,42,799,443.0,False,2026-06-26,Active,23.39,8,C,0,1,0
P03730,BOO-03730-2222,BlueStone Lite Atlas,Books,Educational & Reference,BlueStone,6.16,11.99,SUP086,48,437,,False,2025-06-29,Active,998.01,89,C,0,0,0
P03731,GRO-03731-7538,Harborlight Classic Olive Oil,Grocery,Pantry Staples,Harborlight,4.1,6.99,SUP150,38,542,501.0,False,2025-05-30,Active,400.19,60,C,0,0,0
P03732,HOM-03732-2319,BlueStone Elite Closet Organizer,Home & Kitchen,Storage & Organization,BlueStone,30.87,55.99,SUP229,22,111,,False,2026-06-29,Active,1393.13,27,C,0,1,0
P03733,PER-03733-9960,BlueStone Premium Water Flosser,Personal Care,Oral Care,BlueStone,3.12,6.99,SUP043,21,608,335.0,False,2024-06-22,Active,275.29,42,C,0,0,0
P03734,TOY-03734-8324,Pinnacle Everyday Alphabet Learning Set,Toys,Educational Toys,Pinnacle,2.94,6.99,SUP215,13,396,,False,2024-03-11,Active,138.97,21,C,0,1,0
P03735,PER-03735-3141,Sunneva Pro Smart Scale,Personal Care,Health Monitoring,Sunneva,6.29,10.99,SUP003,6,364,539.0,True,2024-03-27,Seasonal,180.52,17,C,0,1,0
P03736,HOM-03736-1651,Norwell Elite Stock Pot,Home & Kitchen,Cookware,Norwell,10.0,20.99,SUP064,13,172,,False,2025-06-29,Active,2654.77,134,B,0,0,0
P03737,ELE-03737-1484,Harborlight Lite Smartwatch Band,Electronics,Wearable Tech,Harborlight,91.93,171.99,SUP290,39,70,,False,2026-03-28,Active,0.0,0,C,0,1,1
P03738,BEA-03738-5994,Meridian Everyday Plus Cleansing Foam,Beauty,Skincare,Meridian,12.12,33.99,SUP182,8,310,131.0,False,2024-07-30,Active,1013.42,33,C,0,1,0
P03739,PER-03739-6915,Ironclad Signature Razor Set,Personal Care,Shaving & Grooming,Ironclad,7.35,15.99,SUP132,41,178,240.0,False,2025-10-22,Discontinued,70.81,5,C,0,1,0
P03740,HOM-03740-4292,Vaultis Elite Comforter,Home & Kitchen,Bedding & Linens,Vaultis,21.19,35.99,SUP211,24,119,,False,2026-03-17,Active,5054.97,153,B,0,0,0
P03741,ELE-03741-7724,Fernwood X200 Laptop Sleeve,Electronics,Laptop Accessories,Fernwood,60.6,129.99,SUP116,11,106,,False,2026-04-15,Active,242265.21,2008,A,1,0,0
P03742,ELE-03742-6273,Comet Signature Fitness Tracker,Electronics,Wearable Tech,Comet,11.69,19.99,SUP022,59,294,,True,2025-12-25,Seasonal,418.46,23,C,0,1,0
P03743,TOY-03743-5593,Aurelia Everyday Plus Kickball Set,Toys,Outdoor Play,Aurelia,20.04,40.99,SUP149,61,165,,False,2024-11-30,Active,4037.81,104,B,0,0,1
P03744,TOY-03744-1069,Norwell Everyday Plus Card Game,Toys,Board Games & Puzzles,Norwell,13.62,22.99,SUP281,40,264,,True,2025-08-26,Seasonal,3144.09,145,B,0,0,0
P03745,SPO-03745-3050,Lumino Essential Sleeping Bag,Sports,Outdoor Recreation,Lumino,6.46,11.99,SUP068,28,456,,False,2025-05-21,Active,3094.57,281,B,1,0,0
P03746,ELE-03746-3370,BlueStone Lite Sleep Tracker Ring,Electronics,Wearable Tech,BlueStone,33.5,51.99,SUP014,11,153,,False,2025-03-14,Active,2876.72,60,B,0,0,0
P03747,SPO-03747-5465,Aurelia Elite Bike Lock,Sports,Cycling,Aurelia,19.25,39.99,SUP215,14,169,,False,2025-10-07,Active,21793.19,587,A,1,0,0
P03748,BEA-03748-2849,Lumino Everyday Plus Cologne,Beauty,Fragrances,Lumino,7.29,17.99,SUP124,40,338,346.0,False,2025-09-13,Active,4539.78,268,B,1,0,0
P03749,HOM-03749-3768,Glacier Classic Area Rug,Home & Kitchen,Home Decor,Glacier,39.62,77.99,SUP084,49,100,,False,2026-01-07,Active,13724.98,185,A,0,0,1
P03750,GRO-03750-2476,Trailhaven Classic Granola Bites,Grocery,Snacks,Trailhaven,4.14,5.99,SUP145,33,271,510.0,False,2025-05-20,Active,11.35,2,C,0,1,0
P03751,CLO-03751-2958,Silverpine Deluxe High-Waist Jeans,Clothing,Women's Apparel,Silverpine,22.27,44.99,SUP274,17,114,,True,2025-08-23,Seasonal,3224.24,78,B,0,0,1
P03752,GRO-03752-8724,ClearPath Series 2 Breakfast Bar Box,Grocery,Breakfast Foods,ClearPath,3.23,4.99,SUP058,9,450,100.0,False,2024-09-19,Active,162.72,34,C,0,1,0
P03753,PER-03753-5509,Silverpine Compact Omega-3 Softgels,Personal Care,Vitamins & Supplements,Silverpine,3.58,5.99,SUP046,18,366,180.0,False,2025-03-07,Active,300.71,51,C,0,0,0
P03754,CLO-03754-9502,Fernwood Max School Uniform Set,Clothing,Kids' Apparel,Fernwood,17.89,48.99,SUP159,14,113,,False,2026-01-17,Active,627.78,13,C,0,1,1
P03755,BEA-03755-1429,Amberfield Everyday Hair Dryer,Beauty,Haircare,Amberfield,5.89,11.99,SUP133,12,306,430.0,False,2025-12-04,Active,1265.81,111,C,0,0,0
P03756,SPO-03756-5112,Ostrom Pro Massage Roller,Sports,Yoga & Wellness,Ostrom,30.97,44.99,SUP028,44,179,,False,2025-04-12,Active,5247.38,125,B,0,0,0
P03757,SPO-03757-7450,ClearPath Signature Cycling Gloves,Sports,Cycling,ClearPath,16.69,26.99,SUP164,26,124,,True,2025-06-01,Seasonal,11518.76,465,A,1,0,0
P03758,ELE-03758-8424,NorthPoint Essential Tripod Kit,Electronics,Cameras & Accessories,NorthPoint,10.89,15.99,SUP161,47,328,,False,2024-08-22,Active,9591.8,648,A,1,0,0
P03759,BOO-03759-7889,Norwell Pro Self-Help Guide,Books,Non-Fiction,Norwell,5.59,9.99,SUP171,61,249,,True,2024-12-15,Seasonal,1480.82,159,C,0,0,0
P03760,HOM-03760-4889,Fernwood Deluxe Throw Pillow Set,Home & Kitchen,Home Decor,Fernwood,19.0,30.99,SUP115,44,173,,True,2025-08-28,Seasonal,3239.33,114,B,0,0,0
P03761,BEA-03761-9866,Harborlight Advanced Eyeshadow Palette,Beauty,Makeup,Harborlight,3.1,8.99,SUP075,21,649,485.0,False,2024-04-15,Active,520.25,64,C,0,0,0
P03762,SPO-03762-3213,Harborlight Compact Team Jersey,Sports,Team Sports Gear,Harborlight,7.18,11.99,SUP084,53,195,,False,2024-01-18,Active,822.96,74,C,0,0,0
P03763,CLO-03763-8907,Willowbrook X200 High-Waist Jeans,Clothing,Women's Apparel,Willowbrook,21.4,47.99,SUP250,57,180,,True,2025-07-01,Seasonal,331.07,7,C,0,1,1
P03764,BEA-03764-9985,Lumino Deluxe Lipstick Set,Beauty,Makeup,Lumino,4.44,7.99,SUP171,44,485,327.0,False,2025-10-18,Active,723.88,102,C,0,0,0
P03765,HOM-03765-3651,Ironclad Lite Area Rug,Home & Kitchen,Home Decor,Ironclad,63.14,146.99,SUP114,8,99,,True,2026-06-13,Seasonal,8854.23,66,A,0,0,1
P03766,CLO-03766-8365,Silverpine Essential Sandals,Clothing,Footwear,Silverpine,28.89,76.99,SUP171,50,86,,False,2025-03-04,Active,34387.42,483,A,1,0,1
P03767,GRO-03767-3737,Pinnacle Premium Granola Bites,Grocery,Snacks,Pinnacle,3.35,5.99,SUP091,24,484,491.0,False,2024-04-22,Active,488.62,88,C,0,0,0
P03768,PER-03768-8872,Quinley Essential Blood Pressure Monitor,Personal Care,Health Monitoring,Quinley,5.54,9.99,SUP258,41,247,459.0,False,2025-08-01,Active,264.66,28,C,0,1,0
P03769,CLO-03769-4994,Trailhaven Advanced Cardigan,Clothing,Women's Apparel,Trailhaven,12.57,25.99,SUP211,27,207,,False,2024-10-07,Active,6566.45,274,B,1,0,0
P03770,AUT-03770-4256,Crestmark Lite License Plate Frame,Automotive,Exterior Accessories,Crestmark,40.86,63.99,SUP022,51,90,,True,2024-05-23,Discontinued,180.79,3,C,0,1,1
P03771,BEA-03771-7517,Rockridge Lite Cologne,Beauty,Fragrances,Rockridge,2.5,6.99,SUP017,16,668,409.0,False,2025-07-20,Active,2963.27,457,B,1,0,0
P03772,AUT-03772-3052,Foundry Everyday Backup Camera,Automotive,Car Electronics,Foundry,20.74,28.99,SUP011,28,216,,True,2025-10-17,Seasonal,507.82,20,C,0,1,0
P03773,ELE-03773-1368,Brightline Everyday Bluetooth Speaker,Electronics,Headphones & Audio,Brightline,32.05,59.99,SUP008,16,101,,False,2024-02-20,Active,18090.26,322,A,1,0,0
P03774,GRO-03774-9184,BlueStone Deluxe Pasta Variety Pack,Grocery,Pantry Staples,BlueStone,3.02,4.99,SUP148,23,553,419.0,True,2025-10-21,Seasonal,429.85,92,C,0,0,0
P03775,ELE-03775-9654,Ostrom X200 Security Camera,Electronics,Smart Home Devices,Ostrom,65.54,122.99,SUP037,35,115,,False,2025-06-07,Active,15720.27,141,A,0,0,0
P03776,ELE-03776-1406,Aurelia Advanced Laptop Stand,Electronics,Laptop Accessories,Aurelia,89.38,167.99,SUP192,69,72,,True,2025-11-07,Seasonal,169959.47,1091,A,1,0,1
P03777,PER-03777-7323,Copperfield Lite Multivitamin Bottle,Personal Care,Vitamins & Supplements,Copperfield,17.59,26.99,SUP143,47,254,475.0,False,2025-07-28,Active,328.93,13,C,0,1,1
P03778,SPO-03778-1995,Glacier Premium Sleeping Bag,Sports,Outdoor Recreation,Glacier,16.68,25.99,SUP022,57,146,,False,2025-03-02,Active,1036.64,43,C,0,0,0
P03779,BOO-03779-8654,Everline Advanced Study Guide,Books,Educational & Reference,Everline,4.84,6.99,SUP005,40,259,,False,2024-10-31,Active,791.9,122,C,0,0,0
P03780,CLO-03780-3085,Solstice Pro Blouse,Clothing,Women's Apparel,Solstice,7.08,16.99,SUP012,29,217,,False,2025-08-07,Active,12681.62,806,A,1,0,0
P03781,CLO-03781-7210,Kestrel Premium Crew Neck Tee 3-Pack,Clothing,Men's Apparel,Kestrel,11.14,30.99,SUP159,13,326,,False,2024-06-30,Active,2205.02,77,B,0,0,0
P03782,BOO-03782-2562,Rockridge Elite Biography,Books,Non-Fiction,Rockridge,5.1,8.99,SUP164,24,408,,False,2025-05-15,Active,1087.24,130,C,0,0,0
P03783,AUT-03783-9286,Brightline Elite Tool Kit,Automotive,Tools & Equipment,Brightline,11.44,21.99,SUP096,8,159,,False,2025-11-17,Active,3270.75,157,B,0,0,0
P03784,BOO-03784-3378,Amberfield Essential Biography,Books,Non-Fiction,Amberfield,8.83,15.99,SUP020,7,247,,False,2024-07-31,Active,198.71,14,C,0,1,1
P03785,TOY-03785-8352,Vaultis Ultra Brick Building Set,Toys,Building Sets,Vaultis,19.39,42.99,SUP274,17,148,,False,2024-03-18,Active,3275.64,81,B,0,0,1
P03786,GRO-03786-8601,Solstice Essential Pasta Variety Pack,Grocery,Pantry Staples,Solstice,10.28,16.99,SUP115,40,333,347.0,False,2024-01-21,Active,561.72,36,C,0,1,1
P03787,PER-03787-4923,Brightline X200 Pulse Oximeter,Personal Care,Health Monitoring,Brightline,5.59,9.99,SUP115,42,308,265.0,False,2025-05-21,Active,6788.47,729,B,1,0,0
P03788,ELE-03788-2226,Palisade Ultra Lens Filter Set,Electronics,Cameras & Accessories,Palisade,56.01,77.99,SUP104,21,64,,False,2025-01-12,Active,19000.0,264,A,1,0,0
P03789,BEA-03789-7379,Vanture X200 Cologne,Beauty,Fragrances,Vanture,12.37,28.99,SUP018,54,132,390.0,False,2025-08-19,Active,275.95,10,C,0,1,1
P03790,AUT-03790-1570,Driftwood Everyday Plus Floor Mat Set,Automotive,Interior Accessories,Driftwood,21.04,40.99,SUP204,17,180,,False,2026-01-13,Active,1320.26,35,C,0,1,0
P03791,HOM-03791-9478,Fernwood Advanced Closet Organizer,Home & Kitchen,Storage & Organization,Fernwood,187.59,358.99,SUP188,27,36,,True,2026-06-11,Seasonal,38259.09,118,A,0,0,1
P03792,HOM-03792-4349,Cedarwood Premium Area Rug,Home & Kitchen,Home Decor,Cedarwood,16.43,26.99,SUP032,44,276,,False,2024-10-20,Discontinued,233.26,9,C,0,1,0
P03793,BEA-03793-9504,BlueStone Lite Makeup Brush Set,Beauty,Makeup,BlueStone,12.99,21.99,SUP068,33,298,213.0,True,2024-04-12,Seasonal,499.93,25,C,0,1,1
P03794,BEA-03794-1200,Aurelia Deluxe Loofah & Soap Set,Beauty,Bath & Body,Aurelia,7.18,14.99,SUP159,13,312,541.0,False,2025-11-14,Active,852.9,63,C,0,0,0
P03795,PER-03795-9101,Aurelia Everyday Plus Digital Thermometer,Personal Care,Health Monitoring,Aurelia,6.64,9.99,SUP102,15,375,467.0,True,2024-01-18,Seasonal,1908.66,204,C,0,0,0
P03796,AUT-03796-2305,Palisade Lite Jump Starter,Automotive,Tools & Equipment,Palisade,6.36,12.99,SUP297,40,243,,False,2025-08-06,Active,6312.35,524,B,1,0,0
P03797,CLO-03797-7750,Vertex Deluxe Performance Tank,Clothing,Activewear,Vertex,7.73,12.99,SUP148,25,173,,False,2024-09-07,Active,1732.14,146,C,0,0,0
P03798,PER-03798-4452,Timbercrest Premium Protein Powder,Personal Care,Vitamins & Supplements,Timbercrest,17.0,24.99,SUP264,27,113,212.0,False,2024-11-18,Active,46285.17,1993,A,1,0,1
P03799,BOO-03799-6711,Comet Everyday Plus Graphic Novel Vol. 1,Books,Comics & Graphic Novels,Comet,7.9,11.99,SUP049,15,307,,False,2024-04-22,Active,633.27,56,C,0,0,1
P03800,AUT-03800-2923,BlueStone Compact Floor Mat Set,Automotive,Interior Accessories,BlueStone,30.83,61.99,SUP159,14,99,,False,2024-01-01,Active,13583.18,235,A,0,0,0
P03801,HOM-03801-5948,Comet Series 2 Area Rug,Home & Kitchen,Home Decor,Comet,11.4,23.99,SUP082,11,281,,False,2024-06-25,Active,579.44,26,C,0,1,0
P03802,CLO-03802-6275,Sunneva Elite Chino Pants,Clothing,Men's Apparel,Sunneva,66.1,121.99,SUP274,19,106,,False,2025-01-28,Active,63826.4,560,A,1,0,1
P03803,ELE-03803-2710,UrbanNest Advanced Over-Ear Headphones,Electronics,Headphones & Audio,UrbanNest,113.59,155.99,SUP159,12,94,,False,2024-09-25,Active,78235.23,540,A,1,0,1
P03804,ELE-03804-7323,Palisade Elite Fitness Tracker,Electronics,Wearable Tech,Palisade,46.24,97.99,SUP180,17,136,,False,2024-12-24,Active,16746.92,184,A,0,0,0
P03805,SPO-03805-5127,Novara Compact Yoga Mat,Sports,Fitness Equipment,Novara,9.81,14.99,SUP019,18,272,,False,2024-04-11,Active,168.95,12,C,0,1,0
P03806,ELE-03806-4667,Vaultis Ultra Video Doorbell,Electronics,Smart Home Devices,Vaultis,29.66,57.99,SUP145,31,122,,True,2024-05-06,Seasonal,12544.2,238,A,0,0,0
P03807,CLO-03807-2212,Timbercrest Signature Sandals,Clothing,Footwear,Timbercrest,6.69,18.99,SUP164,27,444,,False,2025-11-12,Active,589.91,33,C,0,1,0
P03808,SPO-03808-1620,ClearPath Classic Yoga Block Set,Sports,Yoga & Wellness,ClearPath,30.37,52.99,SUP075,21,101,,False,2026-01-16,Active,9707.29,198,A,0,0,0
P03809,ELE-03809-2382,Driftwood Series 2 USB-C Hub,Electronics,Laptop Accessories,Driftwood,80.34,116.99,SUP211,21,60,,True,2025-11-05,Discontinued,108.17,1,C,0,1,1
P03810,BEA-03810-6487,Aurelia Lite Shampoo & Conditioner Set,Beauty,Haircare,Aurelia,10.06,17.99,SUP134,31,283,357.0,False,2026-05-21,Active,2852.37,171,B,0,0,0
P03811,SPO-03811-2419,Driftwood Max Basketball,Sports,Team Sports Gear,Driftwood,45.33,72.99,SUP159,14,158,,False,2025-10-29,Active,2129.5,31,B,0,1,1
P03812,AUT-03812-1725,Palisade Elite Wheel Cover Set,Automotive,Tire & Wheel Care,Palisade,10.88,18.99,SUP099,21,157,,True,2024-04-20,Seasonal,1224.44,67,C,0,0,0
P03813,GRO-03813-5254,Vertex Premium Breakfast Bar Box,Grocery,Breakfast Foods,Vertex,2.92,4.99,SUP192,64,714,347.0,False,2025-11-03,Active,1038.85,222,C,0,0,0
P03814,PER-03814-8142,Norwell X200 Omega-3 Softgels,Personal Care,Vitamins & Supplements,Norwell,3.6,7.99,SUP022,63,407,533.0,True,2024-07-29,Seasonal,588.54,78,C,0,0,0
P03815,AUT-03815-1782,Palisade Lite Wheel Cleaner,Automotive,Tire & Wheel Care,Palisade,11.46,18.99,SUP150,52,265,,False,2025-12-09,Active,849.8,49,C,0,0,0
P03816,SPO-03816-6165,Kestrel Deluxe Shin Guards,Sports,Team Sports Gear,Kestrel,42.94,65.99,SUP270,18,133,,False,2025-07-30,Active,12249.34,201,A,0,0,1
P03817,BEA-03817-8731,Ridgeline Max Eau de Parfum,Beauty,Fragrances,Ridgeline,13.64,35.99,SUP055,12,226,251.0,True,2026-02-11,Seasonal,33728.63,995,A,1,0,1
P03818,SPO-03818-9306,Vertex Deluxe Yoga Block Set,Sports,Yoga & Wellness,Vertex,17.87,27.99,SUP261,63,252,,True,2026-05-17,Seasonal,3196.11,124,B,0,0,0
P03819,TOY-03819-9157,Rockridge X200 Alphabet Learning Set,Toys,Educational Toys,Rockridge,7.86,19.99,SUP266,40,247,,False,2025-09-19,Active,0.0,0,C,0,1,0
P03820,GRO-03820-9171,Trailhaven Everyday Rice 5lb Bag,Grocery,Pantry Staples,Trailhaven,4.43,6.99,SUP055,13,480,332.0,True,2026-05-01,Seasonal,73.26,12,C,0,1,0
P03821,PER-03821-7082,NorthPoint Premium Smart Scale,Personal Care,Health Monitoring,NorthPoint,3.46,6.99,SUP021,14,475,490.0,False,2025-05-07,Active,992.73,156,C,0,0,0
P03822,PER-03822-7837,Driftwood Everyday Plus Shaving Cream,Personal Care,Shaving & Grooming,Driftwood,4.13,6.99,SUP219,20,510,122.0,False,2026-04-29,Active,3361.55,518,B,1,0,0
P03823,CLO-03823-5663,Ironclad Pro Running Shoes,Clothing,Footwear,Ironclad,14.33,29.99,SUP285,20,275,,False,2024-03-22,Active,4444.47,157,B,0,0,0
P03824,SPO-03824-7390,ClearPath Premium Foam Roller,Sports,Fitness Equipment,ClearPath,47.19,101.99,SUP064,10,99,,False,2025-02-05,Active,11422.33,122,A,0,0,1
P03825,CLO-03825-9583,Trailhaven Ultra Crew Neck Tee 3-Pack,Clothing,Men's Apparel,Trailhaven,3.24,5.99,SUP274,17,276,,False,2025-11-26,Active,629.29,113,C,0,0,0
P03826,TOY-03826-2606,Fernwood Advanced Card Game,Toys,Board Games & Puzzles,Fernwood,4.46,10.99,SUP050,57,496,,False,2026-06-18,Active,3878.39,389,B,1,0,0
P03827,AUT-03827-3895,Quinley Max Steering Wheel Cover,Automotive,Interior Accessories,Quinley,31.87,57.99,SUP098,53,93,,False,2026-03-03,Active,12415.63,234,A,0,0,0
P03828,ELE-03828-5734,BlueStone Advanced Fitness Tracker,Electronics,Wearable Tech,BlueStone,82.75,116.99,SUP268,24,65,,True,2024-11-28,Discontinued,307.25,3,C,0,1,1
P03829,ELE-03829-6436,Aurelia Advanced USB-C Hub,Electronics,Laptop Accessories,Aurelia,22.83,33.99,SUP077,23,173,,True,2025-07-26,Seasonal,7145.63,224,B,0,0,0
P03830,GRO-03830-8619,Halcyon Essential Trail Mix,Grocery,Snacks,Halcyon,1.5,2.99,SUP218,45,531,535.0,False,2024-03-20,Active,45.71,18,C,0,1,0
P03831,PER-03831-8182,Vertex Lite Cotton Swabs Bulk,Personal Care,Personal Hygiene,Vertex,3.99,8.99,SUP028,50,552,432.0,False,2024-04-15,Active,1701.57,200,C,0,0,0
P03832,BEA-03832-3340,Lumino X200 Styling Cream,Beauty,Haircare,Lumino,7.93,20.99,SUP102,18,236,155.0,False,2025-10-04,Active,1554.68,80,C,0,0,0
P03833,AUT-03833-7626,Everline Everyday Steering Wheel Cover,Automotive,Interior Accessories,Everline,13.92,27.99,SUP274,20,182,,False,2024-10-12,Active,4249.05,162,B,0,0,0
P03834,CLO-03834-1256,UrbanNest Compact Slim Fit Shirt,Clothing,Men's Apparel,UrbanNest,11.02,30.99,SUP052,64,288,,True,2025-05-22,Seasonal,4172.23,145,B,0,0,0
P03835,GRO-03835-8594,Glacier Deluxe Rice 5lb Bag,Grocery,Pantry Staples,Glacier,5.77,7.99,SUP200,73,232,540.0,False,2024-07-07,Active,692.71,92,C,0,0,1
P03836,PER-03836-4112,Timbercrest Deluxe Water Flosser,Personal Care,Oral Care,Timbercrest,1.84,3.99,SUP274,18,737,261.0,False,2025-12-30,Active,3352.44,902,B,1,0,0
P03837,CLO-03837-3096,Willowbrook Elite Sandals,Clothing,Footwear,Willowbrook,8.04,13.99,SUP231,16,171,,False,2024-03-19,Active,1645.16,127,C,0,0,0
P03838,BEA-03838-4585,Fernwood Series 2 Body Mist,Beauty,Fragrances,Fernwood,19.6,33.99,SUP275,4,205,433.0,False,2025-07-20,Active,4680.42,150,B,0,0,1
P03839,ELE-03839-8214,Glacier Elite Car Mount,Electronics,Mobile Accessories,Glacier,51.47,104.99,SUP274,17,95,,False,2025-09-09,Active,42220.13,432,A,1,0,0
P03840,ELE-03840-9597,Pinnacle Max Bluetooth Speaker,Electronics,Headphones & Audio,Pinnacle,28.08,55.99,SUP026,35,177,,False,2026-01-18,Active,71464.87,1377,A,1,0,0
P03841,HOM-03841-1318,Aurelia Max Weighted Blanket,Home & Kitchen,Bedding & Linens,Aurelia,8.24,12.99,SUP171,46,175,,True,2024-08-20,Seasonal,1369.04,114,C,0,0,0
P03842,BEA-03842-8195,Ashford Series 2 Eyeshadow Palette,Beauty,Makeup,Ashford,3.61,6.99,SUP115,46,604,222.0,False,2024-11-09,Active,401.92,62,C,0,0,0
P03843,BOO-03843-5962,NorthPoint Max Early Reader Set,Books,Children's Books,NorthPoint,7.42,11.99,SUP193,36,262,,False,2025-05-22,Active,536.77,49,C,0,0,1
P03844,GRO-03844-2786,Vertex Everyday Plus Herbal Tea Sampler,Grocery,Beverages,Vertex,7.04,9.99,SUP215,14,280,74.0,False,2024-09-19,Active,1191.66,127,C,0,0,1
P03845,ELE-03845-1086,Ironclad Advanced Screen Protector 2-Pack,Electronics,Mobile Accessories,Ironclad,6.0,11.99,SUP058,9,243,,False,2025-11-02,Active,1141.48,103,C,0,0,0
P03846,GRO-03846-4419,Vaultis Classic Coffee Pods Box,Grocery,Beverages,Vaultis,2.06,3.36,SUP241,21,415,490.0,False,2025-11-21,Active,50.09,17,C,0,1,0
P03847,BEA-03847-4143,Comet Premium Loofah & Soap Set,Beauty,Bath & Body,Comet,5.79,16.99,SUP115,35,213,169.0,False,2025-11-20,Active,8239.2,518,A,1,0,0
P03848,PER-03848-8310,BlueStone Pro Razor Set,Personal Care,Shaving & Grooming,BlueStone,5.95,9.99,SUP183,23,225,227.0,True,2025-03-29,Seasonal,2227.29,240,B,0,0,0
P03849,BEA-03849-6213,Meridian Pro Hair Dryer,Beauty,Haircare,Meridian,5.33,10.99,SUP115,33,378,502.0,False,2025-07-26,Active,4948.57,493,B,1,0,0
P03850,ELE-03850-7883,Silverpine Pro Fitness Tracker,Electronics,Wearable Tech,Silverpine,54.39,103.99,SUP089,36,120,,True,2024-06-12,Seasonal,43807.02,453,A,1,0,0
P03851,BOO-03851-7392,Fernwood Classic Mystery Novel,Books,Fiction,Fernwood,5.44,8.99,SUP196,29,235,,False,2024-06-29,Active,781.17,93,C,0,0,0
P03852,PER-03852-3431,Pinnacle Series 2 Multivitamin Bottle,Personal Care,Vitamins & Supplements,Pinnacle,6.23,10.99,SUP159,14,226,259.0,False,2024-12-08,Active,1268.19,124,C,0,0,0
P03853,TOY-03853-5482,Timbercrest Lite Vehicle Toy Set,Toys,Action Figures & Playsets,Timbercrest,8.61,14.99,SUP258,42,180,,False,2024-07-07,Active,5031.09,362,B,1,0,0
P03854,AUT-03854-7780,Amberfield X200 Wheel Cleaner,Automotive,Tire & Wheel Care,Amberfield,14.64,24.99,SUP231,19,205,,False,2025-12-31,Discontinued,0.0,0,C,0,1,0
P03855,PER-03855-9532,Foundry Essential Protein Powder,Personal Care,Vitamins & Supplements,Foundry,4.9,8.99,SUP261,62,288,432.0,False,2024-08-22,Active,621.38,75,C,0,0,0
P03856,BOO-03856-4910,Crestmark Advanced Popular Science Paperback,Books,Non-Fiction,Crestmark,13.76,26.99,SUP220,55,149,,False,2026-04-22,Active,2025.47,79,C,0,0,1
P03857,PER-03857-5601,Copperfield Premium Digital Thermometer,Personal Care,Health Monitoring,Copperfield,6.35,13.99,SUP274,22,306,221.0,False,2025-01-09,Active,3657.99,283,B,1,0,0
P03858,ELE-03858-3801,Solstice Signature Fitness Tracker,Electronics,Wearable Tech,Solstice,11.42,23.99,SUP030,8,256,,False,2025-11-24,Active,1423.28,63,C,0,0,0
P03859,AUT-03859-1645,Meridian X200 Bluetooth Car Adapter,Automotive,Car Electronics,Meridian,57.45,120.99,SUP176,46,71,,True,2024-03-10,Seasonal,4069.57,37,B,0,1,1
P03860,AUT-03860-3804,Silverpine Series 2 Roof Rack,Automotive,Exterior Accessories,Silverpine,8.37,15.99,SUP022,67,349,,False,2025-10-16,Active,1074.58,72,C,0,0,0
P03861,PER-03861-2634,NorthPoint Ultra Beard Trimmer,Personal Care,Shaving & Grooming,NorthPoint,6.39,11.99,SUP149,67,354,294.0,False,2025-02-19,Active,2019.84,185,C,0,0,0
P03862,CLO-03862-6780,Meridian Elite Denim Jacket,Clothing,Men's Apparel,Meridian,16.56,37.99,SUP258,39,237,,False,2026-01-10,Active,2426.36,68,B,0,0,0
P03863,TOY-03863-8607,Palisade Everyday Playset,Toys,Action Figures & Playsets,Palisade,15.55,27.99,SUP211,21,171,,False,2024-06-14,Discontinued,82.77,4,C,0,1,0
P03864,HOM-03864-6175,Silverpine Premium Throw Pillow Set,Home & Kitchen,Home Decor,Silverpine,3.09,5.99,SUP164,28,442,,False,2024-07-01,Active,242.59,46,C,0,0,0
P03865,BOO-03865-9505,Halcyon Deluxe Graphic Novel Vol. 1,Books,Comics & Graphic Novels,Halcyon,4.14,5.99,SUP196,36,586,,False,2026-02-25,Active,820.1,147,C,0,0,0
P03866,GRO-03866-4336,Vanture Everyday Coffee Pods Box,Grocery,Beverages,Vanture,2.77,4.99,SUP034,50,564,463.0,False,2025-06-12,Active,588.91,125,C,0,0,0
P03867,BOO-03867-7020,Ostrom Compact Atlas,Books,Educational & Reference,Ostrom,2.39,4.99,SUP274,17,394,,False,2025-05-27,Active,580.74,123,C,0,0,0
P03868,SPO-03868-2324,Ashford Signature Sleeping Bag,Sports,Outdoor Recreation,Ashford,7.63,11.99,SUP052,58,351,,False,2025-06-25,Active,890.04,81,C,0,0,0
P03869,GRO-03869-7696,Norwell Advanced Trail Mix,Grocery,Snacks,Norwell,4.7,6.99,SUP034,46,468,481.0,False,2024-11-22,Active,1773.73,272,C,1,0,0
P03870,HOM-03870-4084,Rockridge Everyday Plus Shelving Unit,Home & Kitchen,Storage & Organization,Rockridge,49.33,111.99,SUP028,46,148,,False,2026-05-12,Active,8557.71,81,A,0,0,1
P03871,GRO-03871-6569,Ashford Lite Pasta Sauce Jar,Grocery,Condiments & Sauces,Ashford,3.71,5.99,SUP274,19,458,293.0,False,2025-05-20,Active,744.9,133,C,0,0,0
P03872,SPO-03872-2545,Sunneva Series 2 Yoga Block Set,Sports,Yoga & Wellness,Sunneva,82.72,169.99,SUP131,19,86,,False,2024-01-14,Active,18384.02,120,A,0,0,1
P03873,SPO-03873-6746,ClearPath Deluxe Camp Chair,Sports,Outdoor Recreation,ClearPath,7.59,11.99,SUP159,14,248,,False,2024-09-18,Active,14099.36,1268,A,1,0,0
P03874,TOY-03874-7431,Everline Everyday Plus Collectible Figure 3-Pack,Toys,Action Figures & Playsets,Everline,9.41,19.99,SUP102,17,277,,False,2026-06-04,Discontinued,95.39,5,C,0,1,0
P03875,ELE-03875-9230,Quinley Deluxe Wireless Earbuds,Electronics,Headphones & Audio,Quinley,49.18,80.99,SUP008,21,64,,False,2025-03-19,Active,7179.32,94,B,0,0,0
P03876,TOY-03876-2302,Vertex Advanced Counting Puzzle,Toys,Educational Toys,Vertex,13.6,30.99,SUP019,13,275,,False,2025-10-24,Active,1538.07,52,C,0,0,0
P03877,SPO-03877-4921,Vaultis Signature Yoga Block Set,Sports,Yoga & Wellness,Vaultis,3.24,4.99,SUP008,17,554,,False,2024-01-17,Active,4740.82,1028,B,1,0,0
P03878,ELE-03878-5622,Everline Series 2 Security Camera,Electronics,Smart Home Devices,Everline,9.19,14.99,SUP159,15,309,,False,2024-01-21,Active,1457.94,104,C,0,0,0
P03879,GRO-03879-7002,Quinley Essential Sparkling Water Case,Grocery,Beverages,Quinley,4.74,7.99,SUP043,19,445,209.0,True,2024-07-05,Seasonal,261.76,35,C,0,1,0
P03880,CLO-03880-2155,Palisade Essential Kids Rain Jacket,Clothing,Kids' Apparel,Palisade,16.88,42.99,SUP115,33,145,,False,2025-04-18,Active,3078.47,76,B,0,0,0
P03881,BEA-03881-7062,Rockridge Compact Foundation,Beauty,Makeup,Rockridge,11.62,23.99,SUP131,24,143,164.0,False,2025-07-09,Active,2351.72,107,B,0,0,0
P03882,ELE-03882-2186,UrbanNest Premium Soundbar,Electronics,Headphones & Audio,UrbanNest,19.15,32.99,SUP159,13,183,,False,2024-03-04,Active,18882.78,623,A,1,0,0
P03883,HOM-03883-4565,Vanture Pro Electric Kettle,Home & Kitchen,Small Appliances,Vanture,13.7,29.99,SUP270,20,222,,True,2026-04-16,Seasonal,1849.9,68,C,0,0,0
P03884,ELE-03884-3156,Trailhaven Deluxe Fitness Tracker,Electronics,Wearable Tech,Trailhaven,24.77,54.99,SUP012,31,202,,True,2025-07-04,Seasonal,2008.24,40,C,0,1,0
P03885,ELE-03885-5037,Vanture Everyday Video Doorbell,Electronics,Smart Home Devices,Vanture,107.94,196.99,SUP148,25,80,,False,2024-11-16,Discontinued,0.0,0,C,0,1,1
P03886,GRO-03886-5109,ClearPath Everyday Pasta Variety Pack,Grocery,Pantry Staples,ClearPath,3.13,5.99,SUP028,50,413,120.0,False,2025-02-15,Active,513.69,92,C,0,0,0
P03887,TOY-03887-3882,Halcyon Advanced Brick Building Set,Toys,Building Sets,Halcyon,6.49,16.99,SUP274,22,329,,False,2025-04-06,Active,51349.09,3263,A,1,0,0
P03888,CLO-03888-8228,Glacier Pro Canvas Sneakers,Clothing,Footwear,Glacier,28.87,72.99,SUP274,17,146,,False,2025-12-05,Active,5476.32,81,B,0,0,1
P03889,BEA-03889-9583,Ostrom Max Facial Moisturizer,Beauty,Skincare,Ostrom,2.71,6.99,SUP028,52,614,162.0,False,2024-03-25,Active,1698.85,256,C,1,0,0
P03890,SPO-03890-9862,Silverpine Max Meditation Cushion,Sports,Yoga & Wellness,Silverpine,58.01,104.99,SUP026,28,118,,False,2025-06-12,Active,3752.65,40,B,0,1,1
P03891,CLO-03891-2184,Brightline Deluxe Denim Jacket,Clothing,Men's Apparel,Brightline,27.2,56.99,SUP023,60,162,,False,2025-04-21,Active,4795.3,91,B,0,0,1
P03892,HOM-03892-6226,Ostrom X200 Closet Organizer,Home & Kitchen,Storage & Organization,Ostrom,36.61,77.99,SUP022,54,163,,False,2025-12-18,Active,18476.16,255,A,1,0,1
P03893,HOM-03893-3282,UrbanNest Lite Weighted Blanket,Home & Kitchen,Bedding & Linens,UrbanNest,43.0,80.99,SUP030,9,97,,False,2024-11-24,Active,11095.96,148,A,0,0,1
P03894,HOM-03894-9369,Harborlight Advanced Closet Organizer,Home & Kitchen,Storage & Organization,Harborlight,7.65,14.99,SUP030,8,377,,False,2024-12-02,Active,2942.88,210,B,0,0,0
P03895,BOO-03895-7952,BlueStone Deluxe Comic Anthology,Books,Comics & Graphic Novels,BlueStone,4.4,7.99,SUP032,55,241,,False,2026-01-06,Active,1168.77,157,C,0,0,0
P03896,CLO-03896-8662,Comet Compact Performance Tank,Clothing,Activewear,Comet,9.49,14.99,SUP028,56,338,,False,2026-02-20,Active,1476.4,106,C,0,0,0
P03897,BEA-03897-4084,Amberfield Elite Fragrance Gift Set,Beauty,Fragrances,Amberfield,20.36,34.99,SUP102,15,145,371.0,False,2026-01-21,Active,5181.4,156,B,0,0,1
P03898,CLO-03898-2277,Vanture Pro High-Waist Jeans,Clothing,Women's Apparel,Vanture,4.91,12.99,SUP062,46,441,,False,2026-03-01,Active,2301.66,192,B,0,0,0
P03899,PER-03899-7235,Halcyon Pro Multivitamin Bottle,Personal Care,Vitamins & Supplements,Halcyon,2.49,3.99,SUP115,36,648,425.0,False,2024-04-03,Active,8493.65,2294,A,1,0,0
P03900,GRO-03900-6346,Palisade Compact Hot Sauce Set,Grocery,Condiments & Sauces,Palisade,10.22,14.99,SUP270,18,226,135.0,False,2025-08-20,Active,4504.75,329,B,1,0,1
P03901,CLO-03901-7541,Sunneva X200 Kids Graphic Tee,Clothing,Kids' Apparel,Sunneva,5.36,13.99,SUP093,18,276,,False,2025-09-19,Active,796.88,61,C,0,0,0
P03902,CLO-03902-4432,Solstice Essential Running Shoes,Clothing,Footwear,Solstice,12.52,22.99,SUP073,24,275,,False,2024-08-28,Active,504.53,23,C,0,1,0
P03903,SPO-03903-5975,Vertex Series 2 Adjustable Dumbbell Set,Sports,Fitness Equipment,Vertex,9.94,17.99,SUP274,17,214,,False,2025-02-17,Active,1775.13,104,C,0,0,0
P03904,SPO-03904-1616,Ironclad Lite Shin Guards,Sports,Team Sports Gear,Ironclad,20.07,37.99,SUP082,12,148,,False,2026-06-23,Active,383.29,11,C,0,1,0
P03905,SPO-03905-4676,Harborlight Deluxe Bike Water Bottle Cage,Sports,Cycling,Harborlight,7.57,15.99,SUP027,49,335,,False,2024-05-07,Active,957.09,65,C,0,0,0
P03906,HOM-03906-6923,Harborlight X200 Air Fryer,Home & Kitchen,Small Appliances,Harborlight,8.63,12.99,SUP171,50,322,,False,2026-01-15,Discontinued,59.55,5,C,0,1,0
P03907,BEA-03907-7309,Ridgeline Everyday Cleansing Foam,Beauty,Skincare,Ridgeline,10.95,32.99,SUP073,19,140,243.0,False,2024-10-16,Active,1700.37,55,C,0,0,0
P03908,TOY-03908-4631,Vaultis Ultra STEM Building Kit,Toys,Educational Toys,Vaultis,14.01,22.99,SUP154,13,212,,True,2026-02-15,Seasonal,834.59,39,C,0,1,0
P03909,BEA-03909-1092,Norwell Max Eyeshadow Palette,Beauty,Makeup,Norwell,25.16,41.99,SUP220,56,196,142.0,False,2025-05-02,Active,3019.62,77,B,0,0,1
P03910,PER-03910-4809,Aurelia Max Razor Set,Personal Care,Shaving & Grooming,Aurelia,6.51,10.99,SUP159,11,297,70.0,True,2024-01-11,Seasonal,793.0,76,C,0,0,0
P03911,BEA-03911-7375,Cedarwood Everyday Plus Cleansing Foam,Beauty,Skincare,Cedarwood,7.18,20.99,SUP244,32,267,306.0,True,2024-04-09,Discontinued,184.92,9,C,0,1,0
P03912,CLO-03912-2007,Trailhaven Series 2 Training Jacket,Clothing,Activewear,Trailhaven,11.23,21.99,SUP088,40,264,,False,2026-01-23,Active,10334.44,505,A,1,0,0
P03913,CLO-03913-6185,Norwell Max Cardigan,Clothing,Women's Apparel,Norwell,12.1,26.99,SUP034,53,169,,False,2025-12-22,Active,3531.73,141,B,0,0,0
P03914,BEA-03914-9520,Rockridge Everyday Shampoo & Conditioner Set,Beauty,Haircare,Rockridge,5.03,10.99,SUP112,26,509,270.0,False,2024-07-17,Active,524.36,52,C,0,0,0
P03915,AUT-03915-8591,Ridgeline Essential Backup Camera,Automotive,Car Electronics,Ridgeline,31.45,49.99,SUP115,46,105,,True,2025-08-08,Seasonal,1202.2,25,C,0,1,0
P03916,HOM-03916-2786,Timbercrest Advanced Table Lamp,Home & Kitchen,Home Decor,Timbercrest,73.39,146.99,SUP209,23,100,,False,2025-04-08,Active,629.38,5,C,0,1,1
P03917,CLO-03917-7667,Meridian Advanced Canvas Sneakers,Clothing,Footwear,Meridian,6.68,11.99,SUP195,59,367,,False,2024-02-19,Active,127.16,12,C,0,1,0
P03918,BOO-03918-3643,Vertex Classic Picture Book,Books,Children's Books,Vertex,5.08,9.99,SUP078,21,438,,False,2025-10-04,Active,3996.09,433,B,1,0,0
P03919,AUT-03919-6056,Glacier Classic Car Cover,Automotive,Exterior Accessories,Glacier,47.21,91.99,SUP274,16,140,,False,2024-05-25,Active,16776.31,194,A,0,0,1
P03920,BOO-03920-7043,Fernwood Premium Mystery Novel,Books,Fiction,Fernwood,8.9,16.99,SUP068,26,278,,False,2025-01-09,Active,359.35,23,C,0,1,1
P03921,PER-03921-8027,Norwell Series 2 Electric Toothbrush,Personal Care,Oral Care,Norwell,7.65,12.99,SUP296,19,398,489.0,False,2024-01-08,Active,6767.11,562,B,1,0,0
P03922,AUT-03922-4448,Ironclad X200 Car Charger,Automotive,Car Electronics,Ironclad,57.41,83.99,SUP011,35,107,,True,2024-08-10,Seasonal,10687.05,135,A,0,0,1
P03923,GRO-03923-2528,Brightline Elite Coffee Pods Box,Grocery,Beverages,Brightline,2.54,3.99,SUP192,69,758,136.0,False,2026-05-03,Active,745.66,205,C,0,0,0
P03924,AUT-03924-8896,Kestrel Premium Dash Cam,Automotive,Car Electronics,Kestrel,142.43,292.99,SUP171,48,38,,False,2025-04-01,Active,33868.63,124,A,0,0,1
P03925,PER-03925-4567,ClearPath X200 Toothbrush 4-Pack,Personal Care,Oral Care,ClearPath,2.1,3.99,SUP164,26,780,239.0,False,2025-10-21,Active,1123.56,305,C,1,0,0
P03926,GRO-03926-4903,ClearPath Premium BBQ Sauce,Grocery,Condiments & Sauces,ClearPath,16.12,27.99,SUP229,19,218,280.0,False,2024-09-30,Active,1713.69,65,C,0,0,1
P03927,BOO-03927-5784,Novara Premium Fantasy Trilogy Box Set,Books,Fiction,Novara,3.94,7.99,SUP170,29,568,,False,2024-02-09,Active,598.99,83,C,0,0,0
P03928,GRO-03928-2161,Amberfield Deluxe Pasta Variety Pack,Grocery,Pantry Staples,Amberfield,7.26,9.99,SUP171,50,266,265.0,False,2025-07-15,Active,664.96,76,C,0,0,1
P03929,BOO-03929-7942,Quinley Max Literary Fiction Hardcover,Books,Fiction,Quinley,6.18,11.99,SUP262,14,376,,False,2024-08-07,Active,147.38,13,C,0,1,0
P03930,ELE-03930-9256,Amberfield Essential USB-C Hub,Electronics,Laptop Accessories,Amberfield,22.64,41.99,SUP042,17,165,,False,2024-04-10,Active,1221.58,32,C,0,1,0
P03931,SPO-03931-2779,Vertex Premium Soccer Ball,Sports,Team Sports Gear,Vertex,135.51,227.99,SUP159,16,74,,False,2025-03-26,Active,128894.77,608,A,1,0,1
P03932,BEA-03932-7156,Vanture X200 Makeup Brush Set,Beauty,Makeup,Vanture,11.7,21.99,SUP205,56,266,418.0,False,2025-01-07,Active,588.37,30,C,0,1,0
P03933,BOO-03933-7350,Novara Ultra Study Guide,Books,Educational & Reference,Novara,2.55,3.99,SUP078,18,724,,False,2024-04-15,Active,11.03,4,C,0,1,0
P03934,ELE-03934-4277,Comet Essential Camera Backpack,Electronics,Cameras & Accessories,Comet,13.91,28.99,SUP052,58,200,,False,2025-06-23,Active,15151.4,562,A,1,0,0
P03935,SPO-03935-3484,Vanture Max Sleeping Bag,Sports,Outdoor Recreation,Vanture,85.5,134.99,SUP028,50,84,,False,2025-02-10,Active,9023.92,76,A,0,0,1
P03936,CLO-03936-5089,Driftwood Series 2 School Uniform Set,Clothing,Kids' Apparel,Driftwood,29.31,75.99,SUP064,9,184,,False,2026-06-22,Active,5285.79,74,B,0,0,1
P03937,BOO-03937-2786,Vertex Lite Language Learning Workbook,Books,Educational & Reference,Vertex,8.06,11.99,SUP189,2,302,,False,2024-03-22,Active,683.76,61,C,0,0,1
P03938,GRO-03938-4824,Brightline Pro Hot Sauce Set,Grocery,Condiments & Sauces,Brightline,5.8,8.99,SUP171,48,323,79.0,True,2025-03-27,Seasonal,2431.19,290,B,1,0,1
P03939,HOM-03939-4590,Trailhaven Deluxe Cast Iron Skillet,Home & Kitchen,Cookware,Trailhaven,17.18,33.99,SUP034,51,184,,False,2025-12-24,Active,25002.14,797,A,1,0,0
P03940,BEA-03940-5024,Glacier Everyday Shampoo & Conditioner Set,Beauty,Haircare,Glacier,15.2,32.99,SUP146,38,250,529.0,False,2025-01-23,Active,718.52,23,C,0,1,1
P03941,PER-03941-2770,Foundry Elite Whitening Kit,Personal Care,Oral Care,Foundry,13.17,24.99,SUP052,63,302,321.0,False,2024-07-09,Active,4363.38,187,B,0,0,1
P03942,HOM-03942-9565,Amberfield Essential Shelving Unit,Home & Kitchen,Storage & Organization,Amberfield,10.72,15.99,SUP274,16,183,,False,2026-06-21,Active,10053.31,680,A,1,0,0
P03943,SPO-03943-4926,Aurelia Premium Resistance Bands Set,Sports,Fitness Equipment,Aurelia,67.67,144.99,SUP211,23,70,,False,2024-10-23,Active,4444.3,32,B,0,1,1
P03944,ELE-03944-5843,Harborlight X200 Phone Case,Electronics,Mobile Accessories,Harborlight,50.8,76.99,SUP034,48,77,,False,2026-04-23,Active,51126.66,714,A,1,0,0
P03945,SPO-03945-5879,NorthPoint Elite Yoga Mat,Sports,Fitness Equipment,NorthPoint,19.59,30.99,SUP075,27,129,,False,2026-02-05,Active,12017.96,424,A,1,0,0
P03946,HOM-03946-4565,Ashford Deluxe Shelving Unit,Home & Kitchen,Storage & Organization,Ashford,7.88,12.99,SUP258,51,182,,False,2025-09-05,Active,269.36,22,C,0,1,0
P03947,BEA-03947-4342,Halcyon Everyday Plus Hair Dryer,Beauty,Haircare,Halcyon,4.48,13.99,SUP159,12,498,132.0,False,2025-12-06,Active,14144.98,1092,A,1,0,0
P03948,BEA-03948-2722,Harborlight Series 2 Cleansing Foam,Beauty,Skincare,Harborlight,1.83,4.99,SUP097,43,560,283.0,False,2025-05-11,Active,168.15,35,C,0,1,0
P03949,ELE-03949-9463,Amberfield Lite Smartwatch Band,Electronics,Wearable Tech,Amberfield,30.11,51.99,SUP171,56,130,,False,2025-09-02,Active,1340.65,30,C,0,1,0
P03950,GRO-03950-7902,Harborlight Everyday Baking Mix,Grocery,Pantry Staples,Harborlight,2.07,3.37,SUP108,53,798,479.0,True,2024-09-04,Seasonal,1100.68,352,C,1,0,0
P03951,GRO-03951-7065,Trailhaven Series 2 Protein Bar Box,Grocery,Snacks,Trailhaven,6.05,8.99,SUP274,16,457,455.0,False,2024-02-20,Active,3130.77,375,B,1,0,1
P03952,CLO-03952-6655,Willowbrook Lite Denim Jacket,Clothing,Men's Apparel,Willowbrook,3.31,8.99,SUP261,51,487,,False,2025-07-22,Active,1151.17,142,C,0,0,0
P03953,PER-03953-4632,Foundry Premium Probiotic Capsules,Personal Care,Vitamins & Supplements,Foundry,2.61,5.99,SUP031,21,350,341.0,False,2026-01-02,Active,236.49,42,C,0,0,0
P03954,CLO-03954-6899,Driftwood Lite Cardigan,Clothing,Women's Apparel,Driftwood,6.41,12.99,SUP192,67,314,,False,2026-01-30,Active,913.62,75,C,0,0,0
P03955,PER-03955-9519,Rockridge Deluxe Whitening Kit,Personal Care,Oral Care,Rockridge,2.77,4.99,SUP253,58,701,531.0,False,2025-11-26,Active,311.51,69,C,0,0,0
P03956,CLO-03956-1949,Palisade Lite Wrap Dress,Clothing,Women's Apparel,Palisade,4.45,12.99,SUP051,29,536,,True,2026-06-14,Seasonal,4277.98,357,B,1,0,0
P03957,ELE-03957-3859,Rockridge Everyday Security Camera,Electronics,Smart Home Devices,Rockridge,74.55,141.99,SUP261,52,72,,False,2025-06-26,Active,3596.53,26,B,0,1,1
P03958,HOM-03958-2504,UrbanNest Essential Electric Kettle,Home & Kitchen,Small Appliances,UrbanNest,16.23,22.99,SUP115,37,275,,False,2024-06-04,Active,404.42,20,C,0,1,0
P03959,BEA-03959-6753,Novara Premium Cologne,Beauty,Fragrances,Novara,2.06,3.99,SUP078,22,517,461.0,False,2024-07-06,Discontinued,0.0,0,C,0,1,0
P03960,GRO-03960-3733,Driftwood Everyday BBQ Sauce,Grocery,Condiments & Sauces,Driftwood,5.11,6.99,SUP294,36,469,261.0,False,2024-09-06,Active,252.62,39,C,0,1,0
P03961,AUT-03961-5232,Lumino X200 Car Cover,Automotive,Exterior Accessories,Lumino,11.27,18.99,SUP195,56,329,,False,2026-06-08,Active,1740.33,101,C,0,0,0
P03962,SPO-03962-1577,Cedarwood X200 Resistance Bands Set,Sports,Fitness Equipment,Cedarwood,41.83,88.99,SUP075,29,79,,True,2026-03-17,Seasonal,836.28,10,C,0,1,1
P03963,CLO-03963-8852,ClearPath Premium Compression Shorts,Clothing,Activewear,ClearPath,8.53,21.99,SUP158,24,229,,True,2025-10-23,Seasonal,19.87,1,C,0,1,0
P03964,CLO-03964-9528,Ostrom Lite Running Shoes,Clothing,Footwear,Ostrom,25.4,62.99,SUP176,55,161,,False,2026-02-24,Active,15222.08,256,A,1,0,1
P03965,BEA-03965-4946,Ostrom Essential Fragrance Gift Set,Beauty,Fragrances,Ostrom,8.87,25.99,SUP205,47,242,85.0,True,2024-11-07,Seasonal,276.28,11,C,0,1,0
P03966,BOO-03966-6132,Solstice Deluxe Bedtime Stories Collection,Books,Children's Books,Solstice,5.11,7.99,SUP050,55,521,,False,2025-10-15,Discontinued,0.0,0,C,0,1,0
P03967,ELE-03967-1355,Vertex Elite Wireless Charger,Electronics,Mobile Accessories,Vertex,14.72,32.99,SUP171,56,189,,True,2024-06-01,Seasonal,28861.15,938,A,1,0,0
P03968,HOM-03968-8237,Copperfield Compact Cookware Set,Home & Kitchen,Cookware,Copperfield,60.72,100.99,SUP258,40,122,,True,2024-04-04,Seasonal,16010.19,168,A,0,0,1
P03969,GRO-03969-3770,Meridian Elite BBQ Sauce,Grocery,Condiments & Sauces,Meridian,1.5,2.99,SUP241,24,537,433.0,False,2025-08-08,Active,1719.76,614,C,1,0,0
P03970,HOM-03970-4475,Trailhaven Classic Pillow 2-Pack,Home & Kitchen,Bedding & Linens,Trailhaven,31.45,44.99,SUP075,28,192,,False,2025-10-06,Active,6133.29,145,B,0,0,0
P03971,SPO-03971-3841,Halcyon Classic Hiking Backpack,Sports,Outdoor Recreation,Halcyon,17.37,33.99,SUP290,39,226,,False,2025-06-26,Active,20223.08,647,A,1,0,0
P03972,ELE-03972-5789,Pinnacle Premium Security Camera,Electronics,Smart Home Devices,Pinnacle,44.25,65.99,SUP008,20,66,,False,2025-03-03,Active,20516.77,332,A,1,0,0
P03973,HOM-03973-4553,Driftwood Signature Sheet Set,Home & Kitchen,Bedding & Linens,Driftwood,21.02,38.99,SUP229,22,122,,False,2025-07-06,Active,1726.44,48,C,0,0,0
P03974,PER-03974-7774,Timbercrest Compact Beard Trimmer,Personal Care,Shaving & Grooming,Timbercrest,6.18,10.99,SUP080,5,219,451.0,False,2024-12-04,Active,21.7,2,C,0,1,0
P03975,PER-03975-7575,Ridgeline Everyday Plus Body Wipes,Personal Care,Personal Hygiene,Ridgeline,7.54,10.99,SUP274,19,322,233.0,True,2024-09-25,Seasonal,292.39,28,C,0,1,0
P03976,CLO-03976-3800,Vanture Everyday Denim Jacket,Clothing,Men's Apparel,Vanture,8.04,22.99,SUP258,42,370,,False,2024-08-16,Active,1504.25,71,C,0,0,0
P03977,CLO-03977-7372,BlueStone Everyday Plus Running Leggings,Clothing,Activewear,BlueStone,10.76,20.99,SUP263,47,305,,False,2024-11-28,Active,139.78,7,C,0,1,0
P03978,TOY-03978-8283,Brightline Premium Vehicle Toy Set,Toys,Action Figures & Playsets,Brightline,9.95,20.99,SUP060,28,273,,False,2024-10-16,Active,599.74,31,C,0,1,0
P03979,ELE-03979-1975,Harborlight Essential Smart Bulb Kit,Electronics,Smart Home Devices,Harborlight,337.85,585.99,SUP238,7,41,,True,2024-05-24,Seasonal,27950.65,50,A,0,0,1
P03980,BEA-03980-2498,Ironclad Max Eyeshadow Palette,Beauty,Makeup,Ironclad,21.72,39.99,SUP084,40,230,377.0,False,2025-05-03,Active,19766.51,529,A,1,0,1
P03981,ELE-03981-1508,NorthPoint Signature Bluetooth Speaker,Electronics,Headphones & Audio,NorthPoint,29.51,62.99,SUP121,15,135,,False,2025-01-10,Active,788.39,13,C,0,1,0
P03982,BEA-03982-9577,Aurelia X200 Vitamin C Serum,Beauty,Skincare,Aurelia,2.97,4.99,SUP271,36,605,432.0,False,2024-05-27,Active,632.96,138,C,0,0,0
P03983,PER-03983-2705,Vaultis Classic Cotton Swabs Bulk,Personal Care,Personal Hygiene,Vaultis,8.73,14.99,SUP210,21,180,441.0,False,2026-04-06,Active,96.24,7,C,0,1,1
P03984,TOY-03984-8871,Ashford Series 2 Coding Robot Kit,Toys,Educational Toys,Ashford,5.67,14.99,SUP176,54,225,,False,2025-04-09,Active,741.44,55,C,0,0,0
P03985,PER-03985-5044,Quinley Advanced Omega-3 Softgels,Personal Care,Vitamins & Supplements,Quinley,7.66,14.99,SUP028,52,213,248.0,False,2024-05-10,Active,4330.45,317,B,1,0,0
P03986,TOY-03986-3837,Cedarwood Ultra Brick Building Set,Toys,Building Sets,Cedarwood,11.16,18.99,SUP159,14,335,,False,2024-02-13,Active,471.29,28,C,0,1,0
P03987,BOO-03987-6178,Willowbrook Premium Language Learning Workbook,Books,Educational & Reference,Willowbrook,4.37,7.99,SUP027,39,492,,False,2024-03-18,Active,373.21,50,C,0,0,0
P03988,TOY-03988-9857,Meridian Signature Coding Robot Kit,Toys,Educational Toys,Meridian,7.32,18.99,SUP019,14,410,,False,2025-01-09,Active,2115.99,120,B,0,0,0
P03989,SPO-03989-5137,Ashford Compact Hiking Backpack,Sports,Outdoor Recreation,Ashford,47.18,78.99,SUP275,5,94,,False,2024-08-08,Active,14590.25,196,A,0,0,1
P03990,CLO-03990-1572,Palisade Essential Ankle Boots,Clothing,Footwear,Palisade,16.41,44.99,SUP170,27,139,,False,2026-05-25,Active,1103.89,27,C,0,1,0
P03991,GRO-03991-8307,Vertex Premium BBQ Sauce,Grocery,Condiments & Sauces,Vertex,1.69,2.99,SUP005,33,423,363.0,False,2025-03-04,Active,2152.86,774,B,1,0,0
P03992,CLO-03992-7627,Copperfield Max Canvas Sneakers,Clothing,Footwear,Copperfield,7.76,12.99,SUP136,52,278,,False,2025-11-04,Active,623.62,52,C,0,0,0
P03993,GRO-03993-5569,Aurelia Everyday Plus Protein Bar Box,Grocery,Snacks,Aurelia,4.47,7.99,SUP073,22,558,346.0,True,2024-08-10,Seasonal,1377.41,186,C,0,0,0
P03994,CLO-03994-3725,Comet Pro Running Leggings,Clothing,Activewear,Comet,13.29,28.99,SUP030,10,133,,False,2024-03-03,Active,1421.62,53,C,0,0,0
P03995,HOM-03995-7658,Silverpine Lite Table Lamp,Home & Kitchen,Home Decor,Silverpine,64.77,121.99,SUP245,13,125,,False,2024-11-01,Active,19612.54,176,A,0,0,1
P03996,CLO-03996-9164,Crestmark Classic High-Waist Jeans,Clothing,Women's Apparel,Crestmark,12.04,26.99,SUP030,8,186,,False,2025-09-19,Active,32441.92,1285,A,1,0,0
P03997,HOM-03997-9896,Norwell Lite Nonstick Frying Pan,Home & Kitchen,Cookware,Norwell,55.51,101.99,SUP034,47,62,,False,2025-11-27,Active,3087.02,32,B,0,1,1
P03998,GRO-03998-3308,Rockridge Lite Salad Dressing Set,Grocery,Condiments & Sauces,Rockridge,3.41,4.99,SUP055,12,332,168.0,False,2024-06-27,Active,170.43,39,C,0,1,0
P03999,CLO-03999-6908,UrbanNest Everyday Plus Slim Fit Shirt,Clothing,Men's Apparel,UrbanNest,4.27,7.99,SUP205,57,268,,False,2024-09-27,Active,628.39,83,C,0,0,0
P04000,HOM-04000-5620,Quinley Deluxe Shelving Unit,Home & Kitchen,Storage & Organization,Quinley,23.74,37.99,SUP043,16,183,,False,2025-03-08,Active,1152.94,33,C,0,1,0
P04001,PER-04001-6564,Ashford Signature Multivitamin Bottle,Personal Care,Vitamins & Supplements,Ashford,4.01,8.99,SUP082,10,587,510.0,False,2024-11-12,Active,169.32,21,C,0,1,0
P04002,BEA-04002-1978,ClearPath Series 2 Vitamin C Serum,Beauty,Skincare,ClearPath,6.11,10.99,SUP270,21,475,122.0,True,2024-09-25,Seasonal,1326.15,129,C,0,0,0
P04003,GRO-04003-7880,NorthPoint Max Sports Drink Case,Grocery,Beverages,NorthPoint,2.76,4.16,SUP159,13,328,527.0,False,2026-06-16,Active,205.12,53,C,0,0,0
P04004,ELE-04004-6152,Sunneva Max Tripod Kit,Electronics,Cameras & Accessories,Sunneva,43.3,85.99,SUP034,57,119,,True,2026-05-01,Discontinued,0.0,0,C,0,1,0
P04005,AUT-04005-5541,Trailhaven Ultra Car Charger,Automotive,Car Electronics,Trailhaven,9.2,17.99,SUP258,46,252,,False,2024-11-20,Discontinued,0.0,0,C,0,1,0
P04006,BOO-04006-4029,Meridian Classic Picture Book,Books,Children's Books,Meridian,12.93,19.99,SUP152,8,180,,True,2024-02-19,Seasonal,8313.05,451,A,1,0,1
P04007,BEA-04007-9255,Cedarwood Everyday Plus Eau de Parfum,Beauty,Fragrances,Cedarwood,5.79,15.99,SUP250,46,356,376.0,False,2024-11-23,Active,13326.36,896,A,1,0,0
P04008,HOM-04008-8434,NorthPoint Compact Throw Pillow Set,Home & Kitchen,Home Decor,NorthPoint,167.49,322.99,SUP020,8,42,,False,2026-03-14,Active,37921.91,127,A,0,0,1
P04009,TOY-04009-6695,Sunneva Classic Construction Blocks,Toys,Building Sets,Sunneva,16.34,32.99,SUP032,45,151,,True,2026-03-31,Seasonal,549.84,18,C,0,1,0
P04010,PER-04010-6808,Palisade Lite Digital Thermometer,Personal Care,Health Monitoring,Palisade,5.84,11.99,SUP022,51,477,459.0,True,2025-10-01,Seasonal,216.7,19,C,0,1,0
P04011,BEA-04011-9107,Ashford Elite Bath Bomb Set,Beauty,Bath & Body,Ashford,28.34,51.99,SUP143,55,175,307.0,True,2025-09-08,Seasonal,636.48,14,C,0,1,1
P04012,HOM-04012-7612,Quinley Series 2 Pillow 2-Pack,Home & Kitchen,Bedding & Linens,Quinley,14.91,33.99,SUP108,63,252,,False,2024-11-26,Active,11186.6,351,A,1,0,0
P04013,ELE-04013-5383,Lumino Deluxe Wireless Mouse,Electronics,Laptop Accessories,Lumino,8.21,15.99,SUP115,37,287,,False,2025-02-06,Active,12940.12,874,A,1,0,0
P04014,ELE-04014-4550,Solstice Everyday Plus Phone Case,Electronics,Mobile Accessories,Solstice,16.98,26.99,SUP102,14,179,,False,2026-03-13,Active,3173.48,129,B,0,0,0
P04015,TOY-04015-3072,Cedarwood Everyday Plus Coding Robot Kit,Toys,Educational Toys,Cedarwood,20.06,45.99,SUP115,44,157,,False,2024-07-15,Active,10067.09,239,A,0,0,1
P04016,PER-04016-7380,Palisade Advanced Grooming Kit,Personal Care,Shaving & Grooming,Palisade,4.53,6.99,SUP104,26,272,376.0,False,2025-01-05,Active,1602.98,244,C,0,0,0
P04017,PER-04017-8575,Halcyon Ultra Electric Toothbrush,Personal Care,Oral Care,Halcyon,6.08,12.99,SUP031,22,472,533.0,True,2026-03-11,Seasonal,497.33,42,C,0,0,0
P04018,TOY-04018-2949,Driftwood Everyday Plus Backyard Game Set,Toys,Outdoor Play,Driftwood,14.9,29.99,SUP159,13,236,,False,2025-09-28,Active,10112.66,370,A,1,0,0
P04019,HOM-04019-2621,Crestmark Everyday Closet Organizer,Home & Kitchen,Storage & Organization,Crestmark,43.75,73.99,SUP261,64,114,,False,2024-04-09,Active,22459.14,329,A,1,0,1
P04020,PER-04020-5451,Fernwood Advanced Probiotic Capsules,Personal Care,Vitamins & Supplements,Fernwood,5.7,11.99,SUP296,17,387,382.0,True,2025-12-19,Seasonal,293.29,26,C,0,1,0
P04021,GRO-04021-9661,Amberfield Premium Salad Dressing Set,Grocery,Condiments & Sauces,Amberfield,6.64,10.99,SUP026,35,456,538.0,False,2024-03-02,Active,2019.37,194,C,0,0,1
P04022,GRO-04022-5877,Fernwood Pro Pasta Sauce Jar,Grocery,Condiments & Sauces,Fernwood,2.26,3.99,SUP115,45,455,302.0,False,2024-09-18,Active,395.15,110,C,0,0,0
P04023,SPO-04023-9237,Copperfield Everyday Yoga Block Set,Sports,Yoga & Wellness,Copperfield,12.82,21.99,SUP057,46,295,,False,2026-04-18,Active,1768.82,87,C,0,0,0
P04024,ELE-04024-3898,Aurelia Lite GPS Running Watch,Electronics,Wearable Tech,Aurelia,55.35,83.99,SUP159,15,66,,False,2024-03-06,Active,11605.8,148,A,0,0,0
P04025,AUT-04025-4429,Timbercrest Essential Jump Starter,Automotive,Tools & Equipment,Timbercrest,41.91,76.99,SUP098,47,67,,False,2024-06-20,Active,8454.95,119,A,0,0,1
P04026,PER-04026-4943,Silverpine Deluxe Grooming Kit,Personal Care,Shaving & Grooming,Silverpine,4.04,6.99,SUP262,17,569,219.0,True,2026-03-02,Seasonal,2500.86,386,B,1,0,0
P04027,TOY-04027-8773,Trailhaven Essential Water Blaster,Toys,Outdoor Play,Trailhaven,2.7,6.99,SUP274,19,339,,False,2025-09-02,Active,165.78,25,C,0,1,0
P04028,TOY-04028-8877,NorthPoint Classic 1000-Piece Puzzle,Toys,Board Games & Puzzles,NorthPoint,4.61,11.99,SUP084,44,453,,True,2024-07-29,Seasonal,2477.05,222,B,0,0,0
P04029,BEA-04029-9185,Lumino Max Body Wash,Beauty,Bath & Body,Lumino,35.91,66.99,SUP097,51,124,86.0,False,2024-11-09,Active,467.87,8,C,0,1,1
P04030,ELE-04030-5324,Aurelia Essential Wireless Mouse,Electronics,Laptop Accessories,Aurelia,27.2,45.99,SUP159,14,136,,False,2026-04-29,Active,2802.25,66,B,0,0,0
P04031,TOY-04031-4395,Glacier Max Model Kit,Toys,Building Sets,Glacier,5.99,10.99,SUP174,25,481,,False,2025-07-06,Active,1062.14,103,C,0,0,0
P04032,BOO-04032-7944,Cedarwood Everyday Plus Language Learning Workbook,Books,Educational & Reference,Cedarwood,8.02,12.99,SUP215,12,245,,False,2024-10-14,Active,3909.45,324,B,1,0,1
P04033,PER-04033-9002,UrbanNest Premium Multivitamin Bottle,Personal Care,Vitamins & Supplements,UrbanNest,4.44,9.99,SUP022,57,260,284.0,False,2024-05-11,Active,950.72,103,C,0,0,0
P04034,ELE-04034-5741,Halcyon X200 Camera Backpack,Electronics,Cameras & Accessories,Halcyon,63.62,99.99,SUP012,34,72,,False,2025-01-13,Active,5555.38,61,B,0,0,0
P04035,GRO-04035-7026,Silverpine Deluxe Protein Bar Box,Grocery,Snacks,Silverpine,2.86,4.28,SUP192,72,710,114.0,False,2024-10-16,Active,2887.55,728,B,1,0,0
P04036,BEA-04036-1144,Solstice Elite Makeup Brush Set,Beauty,Makeup,Solstice,9.95,29.99,SUP140,24,352,504.0,False,2025-01-27,Active,972.87,34,C,0,1,0
P04037,SPO-04037-3842,Cedarwood Advanced Shin Guards,Sports,Team Sports Gear,Cedarwood,69.9,121.99,SUP191,43,72,,False,2024-02-14,Discontinued,348.7,3,C,0,1,1
P04038,TOY-04038-8176,Kestrel Essential Playset,Toys,Action Figures & Playsets,Kestrel,5.27,12.99,SUP077,24,378,,False,2025-03-02,Discontinued,0.0,0,C,0,1,0
P04039,PER-04039-5173,Novara Elite Shaving Cream,Personal Care,Shaving & Grooming,Novara,1.8,3.99,SUP034,55,707,315.0,False,2024-08-12,Active,387.51,103,C,0,0,0
P04040,GRO-04040-9747,Novara Premium Sparkling Water Case,Grocery,Beverages,Novara,2.57,3.99,SUP024,14,761,140.0,False,2026-05-28,Discontinued,6.87,2,C,0,1,0
P04041,CLO-04041-9264,Pinnacle Series 2 Running Shoes,Clothing,Footwear,Pinnacle,7.04,17.99,SUP231,20,342,,False,2024-09-09,Active,1687.0,103,C,0,0,0
P04042,ELE-04042-9043,Cedarwood Signature Security Camera,Electronics,Smart Home Devices,Cedarwood,53.65,109.99,SUP115,34,132,,False,2024-08-11,Active,11829.6,118,A,0,0,0
P04043,GRO-04043-6750,Lumino Premium Coffee Pods Box,Grocery,Beverages,Lumino,4.86,6.99,SUP022,49,264,353.0,False,2024-10-02,Discontinued,6.56,1,C,0,1,0
P04044,BEA-04044-8454,Comet Advanced Foundation,Beauty,Makeup,Comet,13.85,34.99,SUP058,9,212,117.0,False,2025-07-08,Active,132.03,4,C,0,1,1
P04045,BOO-04045-6831,Kestrel Premium Study Guide,Books,Educational & Reference,Kestrel,3.1,4.99,SUP258,44,596,,False,2025-10-28,Active,21.93,5,C,0,1,0
P04046,CLO-04046-4714,Ashford Compact School Uniform Set,Clothing,Kids' Apparel,Ashford,13.01,27.99,SUP143,51,134,,False,2024-09-25,Active,1445.04,56,C,0,0,0
P04047,BEA-04047-7538,ClearPath Compact Facial Moisturizer,Beauty,Skincare,ClearPath,13.59,27.99,SUP258,48,203,535.0,False,2025-09-24,Active,566.5,22,C,0,1,1
P04048,BOO-04048-5010,Amberfield Deluxe Activity Book,Books,Children's Books,Amberfield,4.72,8.99,SUP275,5,533,,True,2024-04-29,Seasonal,15260.44,1830,A,1,0,0
P04049,AUT-04049-7721,Fernwood X200 Mud Flap Set,Automotive,Exterior Accessories,Fernwood,46.82,66.99,SUP019,14,135,,False,2024-06-23,Active,39321.24,627,A,1,0,1
P04050,HOM-04050-5158,BlueStone Lite Table Lamp,Home & Kitchen,Home Decor,BlueStone,13.27,22.99,SUP274,21,151,,True,2024-09-20,Seasonal,17424.22,808,A,1,0,0
P04051,GRO-04051-4030,Lumino Signature Sports Drink Case,Grocery,Beverages,Lumino,1.5,2.99,SUP102,19,718,102.0,False,2025-09-29,Discontinued,3.04,1,C,0,1,0
P04052,SPO-04052-4803,Lumino Max Yoga Mat,Sports,Fitness Equipment,Lumino,12.28,23.99,SUP199,37,220,,False,2025-05-18,Active,1907.75,85,C,0,0,0
P04053,TOY-04053-8647,Norwell Advanced Family Board Game,Toys,Board Games & Puzzles,Norwell,6.46,9.99,SUP115,34,219,,False,2025-02-24,Discontinued,20.21,2,C,0,1,0
P04054,AUT-04054-4923,Trailhaven Advanced Car Cover,Automotive,Exterior Accessories,Trailhaven,9.86,18.99,SUP171,61,215,,False,2025-07-07,Active,23405.59,1331,A,1,0,0
P04055,HOM-04055-6289,Ridgeline Elite Cookware Set,Home & Kitchen,Cookware,Ridgeline,37.42,72.99,SUP190,44,90,,True,2024-06-27,Seasonal,16463.58,239,A,0,0,1
P04056,CLO-04056-8137,Silverpine Pro High-Waist Jeans,Clothing,Women's Apparel,Silverpine,26.09,54.99,SUP028,55,214,,False,2024-08-28,Active,1123.57,23,C,0,1,1
P04057,PER-04057-9766,Harborlight Essential Deodorant 2-Pack,Personal Care,Personal Hygiene,Harborlight,9.01,18.99,SUP115,38,272,107.0,False,2025-10-05,Active,1798.68,102,C,0,0,1
P04058,BEA-04058-8199,Fernwood Series 2 Sunscreen SPF50,Beauty,Skincare,Fernwood,3.02,7.99,SUP050,56,347,531.0,False,2026-06-19,Active,225.66,30,C,0,1,0
P04059,BEA-04059-5989,Crestmark Ultra Cologne,Beauty,Fragrances,Crestmark,12.05,23.99,SUP026,38,224,182.0,True,2024-01-01,Seasonal,988.15,44,C,0,0,0
P04060,PER-04060-3709,Everline Lite Cotton Swabs Bulk,Personal Care,Personal Hygiene,Everline,6.54,11.99,SUP170,26,209,471.0,False,2024-11-26,Active,1042.47,96,C,0,0,0
P04061,ELE-04061-2747,Pinnacle Pro Sleep Tracker Ring,Electronics,Wearable Tech,Pinnacle,11.18,21.99,SUP193,33,310,,False,2026-03-16,Active,7422.55,361,B,1,0,0
P04062,SPO-04062-6342,Quinley Deluxe Foam Roller,Sports,Fitness Equipment,Quinley,13.53,30.99,SUP064,9,242,,False,2026-01-28,Active,11521.57,404,A,1,0,0
P04063,AUT-04063-1621,Ashford Lite License Plate Frame,Automotive,Exterior Accessories,Ashford,31.07,49.99,SUP005,32,139,,False,2024-08-26,Active,4337.96,91,B,0,0,0
P04064,HOM-04064-8357,Ostrom Advanced Drawer Dividers,Home & Kitchen,Storage & Organization,Ostrom,14.9,24.99,SUP290,32,245,,False,2024-02-01,Active,2053.41,86,C,0,0,0
P04065,SPO-04065-7190,Sunneva Premium Yoga Mat,Sports,Fitness Equipment,Sunneva,12.22,20.99,SUP138,18,191,,False,2025-06-01,Active,0.0,0,C,0,1,0
P04066,CLO-04066-6365,Driftwood Elite Performance Tank,Clothing,Activewear,Driftwood,26.07,58.99,SUP180,15,139,,False,2025-09-26,Active,31217.76,570,A,1,0,1
P04067,AUT-04067-6067,Novara Max Wheel Cover Set,Automotive,Tire & Wheel Care,Novara,233.17,381.99,SUP019,15,29,,True,2024-08-20,Discontinued,1164.39,3,C,0,1,1
P04068,PER-04068-8500,Aurelia Max Cotton Swabs Bulk,Personal Care,Personal Hygiene,Aurelia,1.5,2.99,SUP171,51,564,385.0,False,2024-10-03,Active,424.47,151,C,0,0,0
P04069,AUT-04069-8811,Willowbrook Deluxe Wheel Cover Set,Automotive,Tire & Wheel Care,Willowbrook,22.07,31.99,SUP218,57,99,,False,2025-09-06,Active,59374.66,2008,A,1,0,0
P04070,ELE-04070-9178,ClearPath Lite Camera Backpack,Electronics,Cameras & Accessories,ClearPath,91.27,188.99,SUP012,26,50,,False,2025-05-04,Active,1025.94,6,C,0,1,1
P04071,TOY-04071-8654,Glacier Elite Counting Puzzle,Toys,Educational Toys,Glacier,20.91,37.99,SUP155,46,193,,False,2024-09-14,Active,2198.06,63,B,0,0,1
P04072,PER-04072-7596,Amberfield Max Hand Sanitizer 3-Pack,Personal Care,Personal Hygiene,Amberfield,8.81,17.99,SUP028,59,209,477.0,False,2026-02-01,Active,2342.31,139,B,0,0,1
P04073,BOO-04073-4407,Vanture Signature Reference Encyclopedia,Books,Educational & Reference,Vanture,16.97,23.99,SUP028,46,110,,False,2026-04-03,Active,7840.51,351,B,1,0,1
P04074,BOO-04074-8555,Aurelia Elite Popular Science Paperback,Books,Non-Fiction,Aurelia,12.07,18.99,SUP171,51,170,,False,2025-10-23,Active,1685.72,95,C,0,0,1
P04075,ELE-04075-9937,Aurelia X200 Phone Case,Electronics,Mobile Accessories,Aurelia,11.96,17.99,SUP171,58,193,,False,2026-05-12,Active,11282.72,673,A,1,0,0
P04076,AUT-04076-8134,Cedarwood Advanced Dash Cam,Automotive,Car Electronics,Cedarwood,46.12,90.99,SUP159,12,76,,False,2024-11-23,Discontinued,655.23,8,C,0,1,1
P04077,ELE-04077-8635,ClearPath Essential Laptop Stand,Electronics,Laptop Accessories,ClearPath,18.39,29.99,SUP152,10,138,,False,2024-04-11,Active,8148.72,290,A,1,0,0
P04078,GRO-04078-6752,Norwell Essential Pasta Variety Pack,Grocery,Pantry Staples,Norwell,2.79,4.99,SUP136,60,725,405.0,True,2025-10-30,Seasonal,812.85,180,C,0,0,0
P04079,PER-04079-1639,NorthPoint Signature Beard Trimmer,Personal Care,Shaving & Grooming,NorthPoint,5.3,9.99,SUP143,49,214,86.0,False,2025-05-25,Active,487.3,52,C,0,0,0
P04080,PER-04080-9038,Comet Compact Toothbrush 4-Pack,Personal Care,Oral Care,Comet,3.12,6.99,SUP084,41,512,253.0,False,2025-01-12,Active,1197.85,186,C,0,0,0
P04081,PER-04081-4039,NorthPoint Everyday Plus Whitening Kit,Personal Care,Oral Care,NorthPoint,2.96,4.99,SUP064,9,620,88.0,False,2024-08-25,Active,213.9,46,C,0,0,0
P04082,CLO-04082-6246,Willowbrook Signature Running Leggings,Clothing,Activewear,Willowbrook,48.02,80.99,SUP067,12,152,,False,2024-02-27,Active,2728.0,36,B,0,1,1
P04083,HOM-04083-6850,Lumino Max Comforter,Home & Kitchen,Bedding & Linens,Lumino,26.29,45.99,SUP274,18,132,,False,2024-06-05,Active,220.36,5,C,0,1,0
P04084,CLO-04084-8445,Vanture Classic Canvas Sneakers,Clothing,Footwear,Vanture,14.35,25.99,SUP068,33,174,,False,2025-08-30,Active,1125.04,46,C,0,0,0
P04085,ELE-04085-1398,Solstice Series 2 Fitness Tracker,Electronics,Wearable Tech,Solstice,44.99,90.99,SUP102,16,104,,False,2024-07-27,Active,30554.21,364,A,1,0,0
P04086,AUT-04086-1578,Sunneva Deluxe Socket Wrench Set,Automotive,Tools & Equipment,Sunneva,83.02,165.99,SUP150,47,88,,False,2026-05-04,Active,14513.68,94,A,0,0,1
P04087,CLO-04087-3600,Silverpine Ultra Canvas Sneakers,Clothing,Footwear,Silverpine,7.32,12.99,SUP215,13,288,,False,2025-03-07,Active,2364.81,195,B,0,0,0
P04088,BEA-04088-5280,Halcyon Deluxe Foundation,Beauty,Makeup,Halcyon,3.62,8.99,SUP226,35,381,119.0,True,2024-03-17,Seasonal,115.92,13,C,0,1,0
P04089,ELE-04089-5966,Novara Pro Fitness Tracker,Electronics,Wearable Tech,Novara,149.95,223.99,SUP210,26,78,,True,2025-08-19,Seasonal,13380.5,66,A,0,0,1
P04090,BEA-04090-2296,Cedarwood Max Lipstick Set,Beauty,Makeup,Cedarwood,6.55,13.99,SUP077,24,298,531.0,False,2025-09-19,Active,1060.55,79,C,0,0,0
P04091,AUT-04091-9621,Amberfield Premium Car Cover,Automotive,Exterior Accessories,Amberfield,191.21,277.99,SUP032,49,37,,True,2024-06-12,Seasonal,23677.91,93,A,0,0,1
P04092,SPO-04092-8287,Solstice Max Camp Chair,Sports,Outdoor Recreation,Solstice,21.4,48.99,SUP245,15,240,,False,2026-02-04,Active,24568.47,545,A,1,0,0
P04093,ELE-04093-8820,Meridian Premium Car Mount,Electronics,Mobile Accessories,Meridian,14.83,21.99,SUP261,50,217,,True,2025-11-03,Seasonal,1500.7,75,C,0,0,0
P04094,HOM-04094-4250,Brightline Advanced Closet Organizer,Home & Kitchen,Storage & Organization,Brightline,122.99,227.99,SUP274,21,84,,False,2025-06-28,Active,4178.36,19,B,0,1,1
P04095,BEA-04095-1317,Everline Pro Shampoo & Conditioner Set,Beauty,Haircare,Everline,16.41,40.99,SUP258,51,165,305.0,False,2024-04-20,Active,11035.73,291,A,1,0,1
P04096,ELE-04096-7434,Harborlight Essential Laptop Stand,Electronics,Laptop Accessories,Harborlight,41.8,70.99,SUP099,21,90,,False,2025-03-18,Active,2428.8,36,B,0,1,0
P04097,PER-04097-8130,UrbanNest X200 Blood Pressure Monitor,Personal Care,Health Monitoring,UrbanNest,3.62,6.99,SUP030,7,328,277.0,True,2026-06-04,Seasonal,910.81,141,C,0,0,0
P04098,SPO-04098-1093,Halcyon Signature Bike Lock,Sports,Cycling,Halcyon,13.07,20.99,SUP190,47,269,,False,2024-08-04,Discontinued,0.0,0,C,0,1,0
P04099,ELE-04099-2326,Amberfield Premium Over-Ear Headphones,Electronics,Headphones & Audio,Amberfield,42.12,63.99,SUP179,24,162,,False,2026-05-03,Active,5224.48,87,B,0,0,0
P04100,TOY-04100-4902,Ironclad Pro Counting Puzzle,Toys,Educational Toys,Ironclad,17.44,36.99,SUP058,10,259,,False,2024-06-25,Active,16575.83,482,A,1,0,0
P04101,BEA-04101-9295,Everline Elite Styling Cream,Beauty,Haircare,Everline,7.82,20.99,SUP171,50,344,165.0,False,2025-07-06,Active,2460.39,126,B,0,0,0
P04102,HOM-04102-1991,Palisade Series 2 Weighted Blanket,Home & Kitchen,Bedding & Linens,Palisade,38.92,69.99,SUP298,28,144,,True,2024-12-27,Seasonal,15855.16,241,A,0,0,1
P04103,CLO-04103-6985,Norwell Pro Ankle Boots,Clothing,Footwear,Norwell,9.51,26.99,SUP034,44,210,,False,2024-03-03,Active,8021.87,320,A,1,0,0
P04104,ELE-04104-9206,Vaultis Deluxe Soundbar,Electronics,Headphones & Audio,Vaultis,66.13,93.99,SUP102,19,81,,False,2025-08-07,Active,47983.58,551,A,1,0,0
P04105,CLO-04105-2299,Driftwood Everyday Slim Fit Shirt,Clothing,Men's Apparel,Driftwood,9.16,22.99,SUP109,37,168,,False,2025-03-07,Active,1445.82,67,C,0,0,0
P04106,AUT-04106-9775,NorthPoint X200 Socket Wrench Set,Automotive,Tools & Equipment,NorthPoint,25.06,49.99,SUP052,51,162,,False,2024-10-13,Active,13319.65,289,A,1,0,0
P04107,PER-04107-9858,Everline Elite Omega-3 Softgels,Personal Care,Vitamins & Supplements,Everline,3.13,6.99,SUP233,24,674,503.0,False,2024-07-31,Active,15914.22,2455,A,1,0,0
P04108,GRO-04108-5268,Glacier Compact Baking Mix,Grocery,Pantry Staples,Glacier,1.5,2.99,SUP201,13,827,200.0,True,2025-03-21,Seasonal,250.22,92,C,0,0,0
P04109,BOO-04109-1974,Halcyon Everyday Study Guide,Books,Educational & Reference,Halcyon,7.5,12.99,SUP052,60,282,,False,2024-04-06,Active,139.29,11,C,0,1,1
P04110,HOM-04110-8105,Ridgeline Max Storage Bin Set,Home & Kitchen,Storage & Organization,Ridgeline,26.61,59.99,SUP258,47,124,,False,2025-07-01,Active,1778.94,32,C,0,1,0
P04111,CLO-04111-2779,ClearPath Essential Crew Neck Tee 3-Pack,Clothing,Men's Apparel,ClearPath,7.35,16.99,SUP115,42,301,,True,2024-03-25,Seasonal,3941.2,242,B,0,0,0
P04112,GRO-04112-4086,Foundry Classic Breakfast Bar Box,Grocery,Breakfast Foods,Foundry,3.09,4.99,SUP159,12,423,120.0,False,2024-07-10,Active,91.26,19,C,0,1,0
P04113,CLO-04113-1676,Foundry Essential Wrap Dress,Clothing,Women's Apparel,Foundry,13.29,31.99,SUP194,3,298,,True,2025-04-09,Seasonal,934.35,31,C,0,1,0
P04114,HOM-04114-4029,Pinnacle Essential Storage Bin Set,Home & Kitchen,Storage & Organization,Pinnacle,9.78,21.99,SUP261,63,305,,False,2025-11-07,Active,1490.52,72,C,0,0,0
P04115,PER-04115-4361,Rockridge Pro Hand Sanitizer 3-Pack,Personal Care,Personal Hygiene,Rockridge,3.39,6.99,SUP052,59,368,247.0,False,2024-12-28,Active,740.47,114,C,0,0,0
P04116,AUT-04116-4703,Pinnacle Series 2 Jump Starter,Automotive,Tools & Equipment,Pinnacle,62.04,125.99,SUP170,29,88,,False,2025-07-27,Active,84577.08,725,A,1,0,1
P04117,GRO-04117-2567,Comet Advanced Pancake Mix,Grocery,Breakfast Foods,Comet,5.46,8.99,SUP191,40,207,245.0,False,2026-04-29,Active,1841.34,217,C,0,0,1
P04118,TOY-04118-2269,Glacier Ultra Family Board Game,Toys,Board Games & Puzzles,Glacier,7.11,15.99,SUP268,25,182,,False,2025-06-23,Active,108.22,7,C,0,1,0
P04119,ELE-04119-9926,Willowbrook Ultra USB-C Hub,Electronics,Laptop Accessories,Willowbrook,106.23,171.99,SUP225,47,66,,False,2025-11-15,Active,2095815.97,13147,A,1,0,1
P04120,TOY-04120-8620,Willowbrook Signature Playset,Toys,Action Figures & Playsets,Willowbrook,16.01,30.99,SUP274,21,186,,False,2025-03-12,Active,1662.35,57,C,0,0,0
P04121,GRO-04121-5813,Aurelia Signature Herbal Tea Sampler,Grocery,Beverages,Aurelia,5.52,8.99,SUP019,15,206,542.0,False,2024-08-25,Discontinued,0.0,0,C,0,1,1
P04122,HOM-04122-4254,Cedarwood Lite Air Fryer,Home & Kitchen,Small Appliances,Cedarwood,21.13,38.99,SUP115,34,150,,False,2024-11-28,Active,785.82,21,C,0,1,0
P04123,SPO-04123-7988,Ashford Everyday Plus Yoga Mat,Sports,Fitness Equipment,Ashford,27.5,41.99,SUP077,18,118,,False,2024-11-16,Discontinued,84.86,2,C,0,1,0
P04124,CLO-04124-7937,Vanture Lite Compression Shorts,Clothing,Activewear,Vanture,13.76,32.99,SUP148,31,174,,False,2025-05-15,Active,398.18,13,C,0,1,0
P04125,CLO-04125-3676,Everline Pro Kids Graphic Tee,Clothing,Kids' Apparel,Everline,4.14,7.99,SUP245,15,357,,False,2024-05-17,Active,2224.71,298,B,1,0,0
P04126,CLO-04126-4171,Vertex Everyday Plus Sandals,Clothing,Footwear,Vertex,22.56,36.99,SUP147,22,177,,False,2025-11-29,Active,0.0,0,C,0,1,1
P04127,ELE-04127-3364,Lumino Signature Car Mount,Electronics,Mobile Accessories,Lumino,25.44,53.99,SUP012,33,182,,False,2024-05-19,Active,18912.91,377,A,1,0,0
P04128,ELE-04128-1875,Driftwood Compact Car Mount,Electronics,Mobile Accessories,Driftwood,90.98,127.99,SUP190,50,69,,False,2025-10-05,Active,34015.45,287,A,1,0,1
P04129,BOO-04129-5434,Halcyon Compact Graphic Novel Vol. 1,Books,Comics & Graphic Novels,Halcyon,2.16,3.99,SUP007,23,838,,False,2025-03-06,Active,357.9,95,C,0,0,0
P04130,BOO-04130-8888,Copperfield X200 History Hardcover,Books,Non-Fiction,Copperfield,9.02,16.99,SUP022,64,289,,False,2025-11-03,Active,5163.15,324,B,1,0,1
P04131,ELE-04131-7995,Vanture Compact Smart Bulb Kit,Electronics,Smart Home Devices,Vanture,121.18,221.99,SUP211,27,75,,False,2024-06-08,Discontinued,0.0,0,C,0,1,1
P04132,BEA-04132-5554,Norwell Advanced Body Wash,Beauty,Bath & Body,Norwell,15.99,33.99,SUP248,31,189,99.0,True,2024-07-09,Seasonal,374.72,12,C,0,1,1
P04133,BOO-04133-6667,Comet Series 2 Reference Encyclopedia,Books,Educational & Reference,Comet,3.72,6.99,SUP081,9,606,,False,2024-08-18,Active,1555.24,238,C,0,0,0
P04134,SPO-04134-9119,BlueStone Advanced Team Jersey,Sports,Team Sports Gear,BlueStone,12.08,22.99,SUP159,14,238,,False,2025-12-12,Active,1681.36,79,C,0,0,0
P04135,AUT-04135-5318,ClearPath Compact Tire Pressure Gauge,Automotive,Tools & Equipment,ClearPath,9.88,14.99,SUP159,13,311,,False,2024-08-30,Active,802.51,55,C,0,0,0
P04136,BEA-04136-8140,Fernwood Signature Body Lotion,Beauty,Bath & Body,Fernwood,18.35,33.99,SUP016,35,186,531.0,False,2024-11-01,Active,1398.89,46,C,0,0,1
P04137,CLO-04137-2286,Harborlight Deluxe Ankle Boots,Clothing,Footwear,Harborlight,2.52,5.99,SUP159,11,717,,False,2024-05-07,Active,4826.38,871,B,1,0,0
P04138,CLO-04138-6768,Driftwood Pro Sandals,Clothing,Footwear,Driftwood,8.44,15.99,SUP007,18,344,,False,2024-07-31,Active,8964.73,603,A,1,0,0
P04139,GRO-04139-5468,NorthPoint Advanced Granola Bites,Grocery,Snacks,NorthPoint,2.46,3.99,SUP246,21,706,133.0,False,2026-02-19,Active,763.48,206,C,0,0,0
P04140,ELE-04140-1684,Norwell Everyday Wireless Mouse,Electronics,Laptop Accessories,Norwell,182.28,333.99,SUP215,13,32,,False,2024-04-20,Active,7208.75,25,B,0,1,1
P04141,ELE-04141-6766,Brightline Advanced GPS Running Watch,Electronics,Wearable Tech,Brightline,57.5,103.99,SUP073,23,104,,False,2026-04-12,Active,17101.63,178,A,0,0,0
P04142,AUT-04142-3273,Ridgeline Classic Socket Wrench Set,Automotive,Tools & Equipment,Ridgeline,20.54,43.99,SUP064,12,175,,False,2026-01-27,Active,1322.96,32,C,0,1,0
P04143,HOM-04143-1582,Foundry Lite Nonstick Frying Pan,Home & Kitchen,Cookware,Foundry,8.11,14.99,SUP042,20,259,,False,2026-05-14,Active,9653.48,692,A,1,0,0
P04144,BOO-04144-4138,Kestrel Ultra Fantasy Trilogy Box Set,Books,Fiction,Kestrel,8.99,15.99,SUP279,13,219,,False,2025-07-22,Active,4822.32,324,B,1,0,1
P04145,CLO-04145-6627,Timbercrest Essential Crew Neck Tee 3-Pack,Clothing,Men's Apparel,Timbercrest,23.62,62.99,SUP256,16,202,,False,2025-09-15,Active,52900.29,901,A,1,0,1
P04146,BEA-04146-2178,Sunneva Max Cologne,Beauty,Fragrances,Sunneva,2.16,4.99,SUP253,55,486,508.0,False,2026-02-06,Active,290.02,63,C,0,0,0
P04147,AUT-04147-9648,Driftwood Everyday Floor Mat Set,Automotive,Interior Accessories,Driftwood,13.44,18.99,SUP134,31,230,,True,2025-10-09,Seasonal,827.13,45,C,0,0,0
P04148,SPO-04148-2468,Vanture Pro Soccer Ball,Sports,Team Sports Gear,Vanture,35.59,81.99,SUP245,13,127,,False,2025-05-27,Active,13279.25,172,A,0,0,1
P04149,ELE-04149-2851,Ridgeline Premium Over-Ear Headphones,Electronics,Headphones & Audio,Ridgeline,42.17,75.99,SUP170,26,117,,False,2025-01-19,Active,4810.61,66,B,0,0,0
P04150,TOY-04150-1793,Willowbrook Everyday Counting Puzzle,Toys,Educational Toys,Willowbrook,12.98,23.99,SUP077,25,304,,False,2026-02-23,Active,6959.94,313,B,1,0,0
P04151,CLO-04151-3070,Vertex Everyday Plus Training Jacket,Clothing,Activewear,Vertex,15.73,28.99,SUP115,42,266,,False,2024-10-15,Active,13960.65,522,A,1,0,0
P04152,GRO-04152-2536,Silverpine Essential Cereal Box,Grocery,Breakfast Foods,Silverpine,4.92,6.99,SUP115,34,406,301.0,False,2025-05-22,Active,6671.0,1029,B,1,0,0
P04153,SPO-04153-5004,Foundry Compact Yoga Mat,Sports,Fitness Equipment,Foundry,66.06,121.99,SUP093,23,67,,True,2024-02-24,Seasonal,10460.29,93,A,0,0,1
P04154,SPO-04154-9508,Harborlight Essential Foam Roller,Sports,Fitness Equipment,Harborlight,19.41,41.99,SUP057,39,129,,False,2025-08-12,Active,11193.75,287,A,1,0,0
P04155,GRO-04155-7465,Silverpine Compact Trail Mix,Grocery,Snacks,Silverpine,3.31,4.99,SUP114,7,312,148.0,False,2024-04-30,Active,201.88,43,C,0,0,0
P04156,PER-04156-9727,Pinnacle Classic Hand Sanitizer 3-Pack,Personal Care,Personal Hygiene,Pinnacle,15.19,26.99,SUP171,49,196,113.0,False,2024-02-21,Active,2308.56,92,B,0,0,1
P04157,BOO-04157-5363,Copperfield X200 History Hardcover,Books,Non-Fiction,Copperfield,3.58,5.99,SUP043,19,330,,False,2024-09-27,Active,615.66,112,C,0,0,0
P04158,BOO-04158-1321,UrbanNest Everyday Study Guide,Books,Educational & Reference,UrbanNest,6.17,8.99,SUP028,47,317,,False,2025-09-02,Active,701.43,84,C,0,0,0
P04159,ELE-04159-2342,Meridian Compact Action Camera,Electronics,Cameras & Accessories,Meridian,23.88,32.99,SUP195,56,138,,False,2026-01-21,Active,42594.11,1376,A,1,0,0
P04160,GRO-04160-3721,ClearPath Everyday Plus Trail Mix,Grocery,Snacks,ClearPath,7.76,12.99,SUP157,17,176,532.0,False,2025-06-29,Discontinued,0.0,0,C,0,1,1
P04161,BEA-04161-7547,Lumino Compact Hair Mask,Beauty,Haircare,Lumino,1.61,4.99,SUP094,52,870,349.0,False,2025-08-19,Active,782.5,169,C,0,0,0
P04162,BOO-04162-2609,Silverpine Series 2 Self-Help Guide,Books,Non-Fiction,Silverpine,3.71,6.99,SUP274,22,611,,False,2024-08-08,Active,863.49,133,C,0,0,0
P04163,CLO-04163-5772,ClearPath Classic Ankle Boots,Clothing,Footwear,ClearPath,7.63,17.99,SUP131,25,272,,True,2024-04-07,Seasonal,4841.44,291,B,1,0,0
P04164,TOY-04164-9598,Vaultis Essential Strategy Game,Toys,Board Games & Puzzles,Vaultis,9.72,16.99,SUP084,46,218,,False,2024-04-12,Active,429.13,27,C,0,1,0
P04165,GRO-04165-7908,Palisade Signature Breakfast Bar Box,Grocery,Breakfast Foods,Palisade,3.42,5.99,SUP052,57,283,518.0,True,2024-03-09,Seasonal,168.32,30,C,0,1,0
P04166,SPO-04166-6067,Norwell Essential Hiking Backpack,Sports,Outdoor Recreation,Norwell,119.77,218.99,SUP082,11,38,,True,2024-11-12,Seasonal,2651.0,13,B,0,1,1
P04167,TOY-04167-3355,Norwell Compact Sidewalk Chalk Set,Toys,Outdoor Play,Norwell,24.99,44.99,SUP068,30,172,,False,2025-11-13,Active,90.75,2,C,0,1,1
P04168,TOY-04168-4052,Rockridge Classic Magnetic Tile Set,Toys,Building Sets,Rockridge,5.88,9.99,SUP259,25,354,,True,2024-02-24,Seasonal,5844.83,635,B,1,0,0
P04169,TOY-04169-9845,Vertex Ultra Magnetic Tile Set,Toys,Building Sets,Vertex,10.4,18.99,SUP270,18,311,,True,2024-11-12,Discontinued,0.0,0,C,0,1,0
P04170,AUT-04170-4913,Meridian Advanced Tire Inflator,Automotive,Tire & Wheel Care,Meridian,3.68,7.99,SUP115,38,459,,False,2025-07-01,Active,232.24,31,C,0,1,0
P04171,ELE-04171-2441,Timbercrest Everyday Plus Smartwatch Band,Electronics,Wearable Tech,Timbercrest,9.84,13.99,SUP064,12,190,,False,2024-02-24,Active,8696.28,662,A,1,0,0
P04172,SPO-04172-4408,Copperfield Compact Foam Roller,Sports,Fitness Equipment,Copperfield,47.39,102.99,SUP028,59,142,,False,2025-05-12,Active,4353.96,47,B,0,0,1
P04173,PER-04173-9684,Ironclad Everyday Plus Grooming Kit,Personal Care,Shaving & Grooming,Ironclad,6.84,13.99,SUP209,19,419,244.0,False,2024-12-28,Active,863.42,66,C,0,0,0
P04174,CLO-04174-4320,Glacier X200 Sandals,Clothing,Footwear,Glacier,43.67,89.99,SUP263,38,141,,False,2026-04-17,Active,3434.52,39,B,0,1,1
P04175,HOM-04175-1793,NorthPoint Everyday Plus Nonstick Frying Pan,Home & Kitchen,Cookware,NorthPoint,36.95,87.99,SUP115,44,173,,False,2025-03-28,Active,24760.75,301,A,1,0,1
P04176,PER-04176-7891,Harborlight Series 2 Blood Pressure Monitor,Personal Care,Health Monitoring,Harborlight,18.57,36.99,SUP261,65,240,434.0,False,2025-04-17,Discontinued,34.45,1,C,0,1,1
P04177,HOM-04177-3367,Brightline Lite Sheet Set,Home & Kitchen,Bedding & Linens,Brightline,36.22,68.99,SUP058,10,122,,False,2026-02-14,Active,8913.18,139,A,0,0,1
P04178,GRO-04178-6234,Trailhaven Premium Coffee Pods Box,Grocery,Beverages,Trailhaven,1.5,2.99,SUP171,54,937,81.0,False,2025-10-27,Active,76.01,27,C,0,1,0
P04179,HOM-04179-2266,Vaultis Classic Air Fryer,Home & Kitchen,Small Appliances,Vaultis,15.74,37.99,SUP021,15,238,,False,2025-05-14,Active,4991.87,141,B,0,0,0
P04180,CLO-04180-5113,Ironclad Everyday Wrap Dress,Clothing,Women's Apparel,Ironclad,7.17,17.99,SUP159,15,305,,False,2025-08-28,Active,5763.66,339,B,1,0,0
P04181,BEA-04181-8418,Glacier Compact Cologne,Beauty,Fragrances,Glacier,16.67,45.99,SUP174,29,178,118.0,False,2025-01-03,Active,21210.71,499,A,1,0,1
P04182,CLO-04182-1898,Everline Max Compression Shorts,Clothing,Activewear,Everline,2.22,6.99,SUP176,51,683,,True,2025-09-30,Seasonal,59.92,9,C,0,1,0
P04183,PER-04183-7264,Trailhaven Pro Pulse Oximeter,Personal Care,Health Monitoring,Trailhaven,6.27,11.99,SUP228,21,209,459.0,True,2024-10-08,Seasonal,793.91,72,C,0,0,0
P04184,CLO-04184-1349,Vaultis X200 School Uniform Set,Clothing,Kids' Apparel,Vaultis,14.01,28.99,SUP022,65,244,,False,2024-10-13,Active,20882.69,773,A,1,0,0
P04185,CLO-04185-5585,Solstice Elite Chino Pants,Clothing,Men's Apparel,Solstice,2.63,4.99,SUP070,25,496,,False,2026-01-25,Active,2535.15,543,B,1,0,0
P04186,AUT-04186-9169,NorthPoint Classic Jump Starter,Automotive,Tools & Equipment,NorthPoint,4.75,8.99,SUP196,29,346,,False,2025-01-13,Active,760.15,89,C,0,0,0
P04187,TOY-04187-9450,Amberfield Classic Kickball Set,Toys,Outdoor Play,Amberfield,4.3,10.99,SUP170,25,396,,False,2025-04-29,Active,1114.95,112,C,0,0,0
P04188,HOM-04188-3818,Norwell Everyday Plus Area Rug,Home & Kitchen,Home Decor,Norwell,68.77,148.99,SUP277,62,121,,False,2024-04-19,Active,10429.56,75,A,0,0,1
P04189,ELE-04189-2602,NorthPoint Deluxe Smart Bulb Kit,Electronics,Smart Home Devices,NorthPoint,28.5,50.99,SUP231,19,202,,False,2024-11-09,Active,2331.3,49,B,0,0,0
P04190,BOO-04190-3482,Silverpine Everyday Popular Science Paperback,Books,Non-Fiction,Silverpine,4.21,5.99,SUP137,48,579,,False,2025-08-16,Active,1446.98,257,C,1,0,0
P04191,AUT-04191-4264,Norwell Everyday Floor Mat Set,Automotive,Interior Accessories,Norwell,29.58,61.99,SUP159,13,158,,False,2025-04-28,Active,8303.42,144,A,0,0,0
P04192,CLO-04192-4230,Kestrel Series 2 Blouse,Clothing,Women's Apparel,Kestrel,5.35,12.99,SUP185,15,455,,False,2024-10-02,Active,264.37,22,C,0,1,0
P04193,HOM-04193-1086,Pinnacle Everyday Sheet Set,Home & Kitchen,Bedding & Linens,Pinnacle,61.46,102.99,SUP007,19,67,,False,2024-01-28,Active,2827.5,29,B,0,1,1
P04194,TOY-04194-5279,Crestmark Everyday Playset,Toys,Action Figures & Playsets,Crestmark,4.47,8.99,SUP102,19,407,,False,2025-05-15,Active,497.9,59,C,0,0,0
P04195,SPO-04195-4794,Ashford Compact Bike Lock,Sports,Cycling,Ashford,111.89,238.99,SUP027,44,57,,False,2024-11-14,Active,5864.72,27,B,0,1,1
P04196,CLO-04196-2223,BlueStone Lite Cardigan,Clothing,Women's Apparel,BlueStone,15.91,26.99,SUP056,8,142,,True,2026-04-20,Seasonal,3548.89,141,B,0,0,0
P04197,AUT-04197-1459,Novara Elite Steering Wheel Cover,Automotive,Interior Accessories,Novara,30.11,48.99,SUP248,32,164,,False,2024-02-09,Active,4124.86,90,B,0,0,0
P04198,TOY-04198-1879,UrbanNest Deluxe Construction Blocks,Toys,Building Sets,UrbanNest,3.36,8.99,SUP159,12,269,,False,2025-09-14,Active,520.21,62,C,0,0,0
P04199,SPO-04199-2929,Brightline Essential Massage Roller,Sports,Yoga & Wellness,Brightline,17.25,34.99,SUP258,39,248,,False,2024-12-15,Active,21059.35,643,A,1,0,0
P04200,SPO-04200-4648,Ashford Ultra Cycling Gloves,Sports,Cycling,Ashford,4.43,8.99,SUP269,29,568,,False,2024-09-01,Active,1338.61,163,C,0,0,0
P04201,SPO-04201-2761,Ostrom Compact Bike Lock,Sports,Cycling,Ostrom,9.97,18.99,SUP242,9,216,,False,2025-10-13,Active,16743.89,949,A,1,0,0
P04202,CLO-04202-9408,Crestmark Lite Canvas Sneakers,Clothing,Footwear,Crestmark,7.06,11.99,SUP218,46,212,,False,2025-04-14,Active,8649.56,772,A,1,0,0
P04203,CLO-04203-6089,UrbanNest Deluxe Chino Pants,Clothing,Men's Apparel,UrbanNest,15.42,36.99,SUP034,51,251,,False,2024-03-09,Active,812.31,24,C,0,1,0
P04204,SPO-04204-7857,Aurelia Lite Bike Helmet,Sports,Cycling,Aurelia,10.88,24.99,SUP068,25,307,,True,2025-07-03,Seasonal,1382.09,60,C,0,0,0
P04205,BOO-04205-3601,Ironclad X200 Biography,Books,Non-Fiction,Ironclad,6.55,11.99,SUP201,18,400,,False,2024-06-11,Active,655.16,61,C,0,0,0
P04206,CLO-04206-3860,Ridgeline Max Slim Fit Shirt,Clothing,Men's Apparel,Ridgeline,4.18,6.99,SUP077,18,485,,False,2026-02-14,Active,1683.94,255,C,1,0,0
P04207,ELE-04207-1738,Solstice Series 2 Security Camera,Electronics,Smart Home Devices,Solstice,40.49,87.99,SUP102,18,148,,True,2024-08-08,Seasonal,22561.71,274,A,1,0,0
P04208,SPO-04208-4607,Quinley Classic Yoga Block Set,Sports,Yoga & Wellness,Quinley,8.08,15.99,SUP274,22,376,,True,2025-12-24,Seasonal,2857.67,204,B,0,0,0
P04209,BOO-04209-7030,Palisade X200 Short Story Collection,Books,Fiction,Palisade,2.74,5.99,SUP201,18,313,,True,2024-10-27,Seasonal,282.13,51,C,0,0,0
P04210,GRO-04210-2709,Rockridge Series 2 Trail Mix,Grocery,Snacks,Rockridge,6.0,9.99,SUP022,60,481,90.0,True,2024-10-14,Seasonal,6496.72,701,B,1,0,1
P04211,GRO-04211-2501,Timbercrest Max Sparkling Water Case,Grocery,Beverages,Timbercrest,2.85,4.99,SUP210,25,625,433.0,False,2024-01-02,Active,339.83,78,C,0,0,0
P04212,HOM-04212-2341,Cedarwood Everyday Throw Pillow Set,Home & Kitchen,Home Decor,Cedarwood,20.49,33.99,SUP236,2,179,,False,2026-04-18,Active,8071.95,262,A,1,0,0
P04213,PER-04213-3051,Lumino Ultra Electric Toothbrush,Personal Care,Oral Care,Lumino,7.75,12.99,SUP274,21,268,438.0,True,2025-05-18,Seasonal,852.73,72,C,0,0,0
P04214,AUT-04214-1076,Timbercrest Max License Plate Frame,Automotive,Exterior Accessories,Timbercrest,7.87,12.99,SUP194,3,413,,False,2024-05-14,Active,1009.92,86,C,0,0,0
P04215,CLO-04215-5997,Kestrel Lite School Uniform Set,Clothing,Kids' Apparel,Kestrel,18.99,31.99,SUP022,58,117,,False,2024-02-01,Active,5917.77,198,B,0,0,1
P04216,BEA-04216-2885,Palisade Classic Hair Mask,Beauty,Haircare,Palisade,17.14,46.99,SUP219,22,234,371.0,False,2024-09-08,Active,29736.55,676,A,1,0,1
P04217,SPO-04217-9796,Ironclad Pro Resistance Bands Set,Sports,Fitness Equipment,Ironclad,2.81,4.99,SUP182,11,353,,False,2025-03-25,Active,1512.35,323,C,1,0,0
P04218,CLO-04218-8375,Silverpine Premium Kids Rain Jacket,Clothing,Kids' Apparel,Silverpine,2.81,5.99,SUP127,29,539,,False,2024-01-31,Active,312.6,58,C,0,0,0
P04219,PER-04219-8400,Norwell Series 2 Hand Sanitizer 3-Pack,Personal Care,Personal Hygiene,Norwell,3.23,6.99,SUP218,54,461,451.0,True,2024-11-25,Seasonal,5146.61,786,B,1,0,0
P04220,ELE-04220-5357,Amberfield Compact Action Camera,Electronics,Cameras & Accessories,Amberfield,33.16,56.99,SUP156,17,88,,False,2024-10-10,Active,8377.38,160,A,0,0,0
P04221,ELE-04221-8353,Halcyon Series 2 Phone Case,Electronics,Mobile Accessories,Halcyon,62.67,109.99,SUP274,19,67,,False,2026-03-07,Active,8431.33,84,A,0,0,0
P04222,CLO-04222-5710,Everline Elite Toddler Joggers,Clothing,Kids' Apparel,Everline,26.82,55.99,SUP274,21,131,,False,2025-01-12,Active,15182.44,292,A,1,0,1
P04223,HOM-04223-6884,Driftwood X200 Nonstick Frying Pan,Home & Kitchen,Cookware,Driftwood,28.57,44.99,SUP052,55,122,,False,2024-04-05,Active,6065.07,149,B,0,0,0
P04224,BOO-04224-9203,Everline Max Reference Encyclopedia,Books,Educational & Reference,Everline,14.41,21.99,SUP117,10,161,,False,2024-08-08,Active,40407.31,1972,A,1,0,1
P04225,TOY-04225-3674,Rockridge Series 2 Counting Puzzle,Toys,Educational Toys,Rockridge,4.53,8.99,SUP045,21,390,,False,2026-01-23,Active,709.83,84,C,0,0,0
P04226,HOM-04226-5957,Rockridge Classic Electric Kettle,Home & Kitchen,Small Appliances,Rockridge,11.35,25.99,SUP084,42,258,,True,2024-01-12,Seasonal,12207.03,512,A,1,0,0
P04227,BEA-04227-6295,Norwell Classic Lipstick Set,Beauty,Makeup,Norwell,8.84,26.99,SUP052,57,324,120.0,False,2024-05-01,Active,5267.94,208,B,0,0,0
P04228,SPO-04228-9426,Aurelia Series 2 Massage Roller,Sports,Yoga & Wellness,Aurelia,43.42,95.99,SUP152,8,97,,False,2024-01-10,Active,13655.82,158,A,0,0,1
P04229,AUT-04229-8180,Crestmark Signature Floor Mat Set,Automotive,Interior Accessories,Crestmark,81.59,161.99,SUP001,12,91,,False,2024-02-14,Active,1450.27,10,C,0,1,1
P04230,CLO-04230-2480,Quinley Deluxe Crew Neck Tee 3-Pack,Clothing,Men's Apparel,Quinley,6.98,18.99,SUP235,42,340,,True,2026-04-22,Seasonal,1477.49,89,C,0,0,0
P04231,HOM-04231-2613,Cedarwood Lite Nonstick Frying Pan,Home & Kitchen,Cookware,Cedarwood,14.62,24.99,SUP030,9,243,,False,2026-06-22,Active,5298.12,228,B,0,0,0
P04232,BOO-04232-1933,Amberfield Essential Fantasy Trilogy Box Set,Books,Fiction,Amberfield,3.12,5.99,SUP068,29,674,,False,2025-11-01,Active,85.28,16,C,0,1,0
P04233,BEA-04233-9599,Vanture Classic Facial Moisturizer,Beauty,Skincare,Vanture,9.72,26.99,SUP035,29,349,91.0,True,2024-03-24,Seasonal,1119.95,44,C,0,0,0
P04234,TOY-04234-6643,NorthPoint Compact Magnetic Tile Set,Toys,Building Sets,NorthPoint,10.66,21.99,SUP096,7,318,,False,2025-09-28,Active,2068.46,101,B,0,0,0
P04235,CLO-04235-8304,Vaultis Premium Kids Graphic Tee,Clothing,Kids' Apparel,Vaultis,31.45,58.99,SUP019,15,161,,False,2025-12-05,Active,21124.27,381,A,1,0,1
P04236,GRO-04236-6309,Crestmark Signature Pasta Variety Pack,Grocery,Pantry Staples,Crestmark,3.16,4.99,SUP258,50,391,486.0,False,2025-12-17,Active,652.3,142,C,0,0,0
P04237,TOY-04237-6166,Novara Everyday Plus Water Blaster,Toys,Outdoor Play,Novara,7.83,13.99,SUP115,42,204,,False,2025-11-12,Active,2102.2,160,B,0,0,0
P04238,CLO-04238-1801,Timbercrest Elite Sandals,Clothing,Footwear,Timbercrest,5.31,10.99,SUP274,17,422,,False,2025-09-25,Active,417.09,42,C,0,0,0
P04239,HOM-04239-5398,Timbercrest Classic Coffee Maker,Home & Kitchen,Small Appliances,Timbercrest,7.67,15.99,SUP012,29,318,,False,2025-02-07,Active,19423.5,1299,A,1,0,0
P04240,CLO-04240-7526,Norwell X200 Chino Pants,Clothing,Men's Apparel,Norwell,42.25,102.99,SUP034,50,122,,False,2024-02-26,Active,24426.99,253,A,1,0,1
P04241,PER-04241-7729,Comet Ultra Shaving Cream,Personal Care,Shaving & Grooming,Comet,4.95,9.99,SUP251,11,443,525.0,False,2026-01-21,Active,3770.2,409,B,1,0,0
P04242,SPO-04242-4182,Amberfield Everyday Basketball,Sports,Team Sports Gear,Amberfield,3.74,7.99,SUP133,12,487,,False,2026-04-24,Active,70.21,9,C,0,1,0
P04243,GRO-04243-9623,Silverpine Max Pasta Sauce Jar,Grocery,Condiments & Sauces,Silverpine,4.41,7.99,SUP018,49,308,522.0,True,2025-04-01,Seasonal,1029.82,143,C,0,0,0
P04244,SPO-04244-2597,Vaultis Pro Basketball,Sports,Team Sports Gear,Vaultis,40.03,76.99,SUP012,32,161,,False,2025-01-26,Active,1836.03,24,C,0,1,1
P04245,GRO-04245-3268,Amberfield Premium Hot Sauce Set,Grocery,Condiments & Sauces,Amberfield,1.68,2.99,SUP270,23,903,449.0,False,2026-04-16,Active,762.4,269,C,1,0,0
P04246,CLO-04246-7233,Vanture Everyday Plus Compression Shorts,Clothing,Activewear,Vanture,4.86,12.99,SUP064,11,258,,True,2025-02-17,Seasonal,2203.59,182,B,0,0,0
P04247,CLO-04247-1819,Driftwood Elite Slim Fit Shirt,Clothing,Men's Apparel,Driftwood,2.6,5.99,SUP115,38,580,,False,2024-12-04,Active,1777.54,323,C,1,0,0
P04248,HOM-04248-5670,Ashford Essential Weighted Blanket,Home & Kitchen,Bedding & Linens,Ashford,12.4,24.99,SUP270,24,307,,False,2026-03-19,Active,928.83,43,C,0,0,0
P04249,GRO-04249-6735,Halcyon Everyday Cereal Box,Grocery,Breakfast Foods,Halcyon,3.82,5.38,SUP189,2,496,196.0,False,2026-04-25,Active,68.94,14,C,0,1,0
P04250,PER-04250-3273,Trailhaven Lite Blood Pressure Monitor,Personal Care,Health Monitoring,Trailhaven,5.21,10.99,SUP222,37,373,326.0,True,2024-07-05,Seasonal,317.88,30,C,0,1,0
P04251,GRO-04251-4146,Everline Everyday Salad Dressing Set,Grocery,Condiments & Sauces,Everline,4.92,6.99,SUP137,50,511,397.0,True,2024-09-08,Seasonal,855.91,133,C,0,0,0
P04252,TOY-04252-4858,Ostrom Elite Construction Blocks,Toys,Building Sets,Ostrom,8.04,12.99,SUP197,16,355,,False,2024-10-12,Active,899.36,74,C,0,0,0
P04253,SPO-04253-3582,Vaultis Advanced Bike Lock,Sports,Cycling,Vaultis,116.48,234.99,SUP164,22,75,,False,2024-05-25,Active,17156.19,79,A,0,0,1
P04254,CLO-04254-8288,Aurelia Everyday Cardigan,Clothing,Women's Apparel,Aurelia,10.3,23.99,SUP034,56,237,,False,2026-02-18,Discontinued,0.0,0,C,0,1,0
P04255,HOM-04255-4919,Halcyon Deluxe Area Rug,Home & Kitchen,Home Decor,Halcyon,16.72,37.99,SUP159,12,238,,False,2026-06-07,Active,4535.36,128,B,0,0,0
P04256,HOM-04256-2626,ClearPath Advanced Weighted Blanket,Home & Kitchen,Bedding & Linens,ClearPath,4.81,10.99,SUP274,21,503,,False,2025-04-18,Active,9430.32,923,A,1,0,0
P04257,HOM-04257-6569,Ashford Series 2 Cookware Set,Home & Kitchen,Cookware,Ashford,28.83,42.99,SUP088,41,102,,False,2025-10-10,Active,4864.62,124,B,0,0,0
P04258,BOO-04258-6129,Brightline Everyday Plus Self-Help Guide,Books,Non-Fiction,Brightline,3.04,4.99,SUP147,24,575,,False,2025-01-18,Active,965.83,209,C,0,0,0
P04259,PER-04259-2717,BlueStone Series 2 Digital Thermometer,Personal Care,Health Monitoring,BlueStone,7.94,15.99,SUP115,44,339,170.0,False,2026-06-26,Active,2191.7,148,B,0,0,1
P04260,AUT-04260-1434,Crestmark Max Socket Wrench Set,Automotive,Tools & Equipment,Crestmark,7.4,13.99,SUP195,44,210,,False,2026-05-20,Active,793.96,62,C,0,0,0
P04261,ELE-04261-5210,Kestrel Essential Video Doorbell,Electronics,Smart Home Devices,Kestrel,9.89,21.99,SUP171,59,334,,False,2025-11-14,Active,25905.28,1268,A,1,0,0
P04262,GRO-04262-9531,Cedarwood Elite Baking Mix,Grocery,Pantry Staples,Cedarwood,4.48,7.99,SUP139,13,522,106.0,False,2026-03-21,Active,913.52,123,C,0,0,0
P04263,HOM-04263-5202,Trailhaven Elite Pillow 2-Pack,Home & Kitchen,Bedding & Linens,Trailhaven,41.17,71.99,SUP012,32,81,,False,2024-05-02,Active,4254.31,64,B,0,0,1
P04264,PER-04264-3935,NorthPoint Max Whitening Kit,Personal Care,Oral Care,NorthPoint,5.31,9.99,SUP065,9,434,311.0,True,2026-03-20,Seasonal,2012.69,216,C,0,0,0
P04265,HOM-04265-3024,Pinnacle Signature Area Rug,Home & Kitchen,Home Decor,Pinnacle,18.06,34.99,SUP080,6,143,,False,2025-01-24,Active,10680.1,330,A,1,0,0
P04266,HOM-04266-7856,Ostrom Essential Stand Mixer,Home & Kitchen,Small Appliances,Ostrom,2.1,4.99,SUP211,29,464,,True,2024-07-12,Discontinued,4.77,1,C,0,1,0
P04267,BOO-04267-1012,Copperfield Premium Biography,Books,Non-Fiction,Copperfield,6.56,9.99,SUP114,8,219,,False,2026-04-29,Active,1159.58,123,C,0,0,0
P04268,CLO-04268-5792,UrbanNest Signature Ankle Boots,Clothing,Footwear,UrbanNest,25.17,58.99,SUP102,19,178,,True,2026-02-08,Seasonal,71444.19,1316,A,1,0,1
P04269,HOM-04269-2850,Pinnacle Compact Pillow 2-Pack,Home & Kitchen,Bedding & Linens,Pinnacle,14.84,31.99,SUP121,14,277,,False,2024-05-03,Active,30040.34,1013,A,1,0,0
P04270,SPO-04270-1410,Ostrom Signature Basketball,Sports,Team Sports Gear,Ostrom,9.38,16.99,SUP116,14,281,,False,2025-08-21,Active,1134.88,72,C,0,0,0
P04271,ELE-04271-1233,Everline Everyday Plus Wireless Charger,Electronics,Mobile Accessories,Everline,31.07,62.99,SUP210,25,109,,False,2026-03-15,Active,17336.46,301,A,1,0,0
P04272,ELE-04272-5190,Rockridge X200 Security Camera,Electronics,Smart Home Devices,Rockridge,220.37,441.99,SUP190,47,34,,False,2025-09-22,Active,11056.12,27,A,0,1,1
P04273,ELE-04273-1315,BlueStone Essential Tripod Kit,Electronics,Cameras & Accessories,BlueStone,89.66,159.99,SUP218,54,55,,False,2025-03-15,Active,10234.58,68,A,0,0,1
P04274,BEA-04274-9892,Ironclad Premium Cologne,Beauty,Fragrances,Ironclad,13.81,40.99,SUP050,56,160,421.0,True,2024-02-13,Seasonal,1104.37,30,C,0,1,1
P04275,PER-04275-6165,Foundry Compact Omega-3 Softgels,Personal Care,Vitamins & Supplements,Foundry,6.76,9.99,SUP215,14,331,472.0,False,2025-03-28,Active,472.14,51,C,0,0,0
P04276,CLO-04276-5140,Ironclad Ultra Blouse,Clothing,Women's Apparel,Ironclad,18.05,34.99,SUP075,27,263,,False,2025-05-21,Active,1131.32,34,C,0,1,1
P04277,TOY-04277-9909,Fernwood Series 2 Sidewalk Chalk Set,Toys,Outdoor Play,Fernwood,7.85,17.99,SUP001,12,400,,False,2026-02-07,Active,15984.78,959,A,1,0,0
P04278,GRO-04278-8011,Brightline Advanced Olive Oil,Grocery,Pantry Staples,Brightline,2.64,4.03,SUP175,49,346,239.0,False,2024-07-18,Active,307.04,82,C,0,0,0
P04279,SPO-04279-3968,Harborlight Deluxe Camp Chair,Sports,Outdoor Recreation,Harborlight,25.27,44.99,SUP007,23,114,,False,2024-07-07,Active,19544.26,467,A,1,0,0
P04280,PER-04280-8336,Copperfield Essential Beard Trimmer,Personal Care,Shaving & Grooming,Copperfield,6.61,10.99,SUP022,55,371,101.0,False,2026-04-25,Active,375.9,38,C,0,1,0
P04281,GRO-04281-8505,Ashford Signature Pasta Sauce Jar,Grocery,Condiments & Sauces,Ashford,6.33,8.99,SUP012,30,382,228.0,False,2026-02-03,Active,357.53,44,C,0,0,1
P04282,PER-04282-1008,Crestmark Elite Hand Sanitizer 3-Pack,Personal Care,Personal Hygiene,Crestmark,4.56,7.99,SUP171,50,296,541.0,False,2025-05-27,Active,1296.87,176,C,0,0,0
P04283,BOO-04283-4563,Quinley Classic Comic Anthology,Books,Comics & Graphic Novels,Quinley,8.86,13.99,SUP050,60,380,,True,2025-02-10,Seasonal,122.85,9,C,0,1,1
P04284,TOY-04284-8766,Comet Elite Brick Building Set,Toys,Building Sets,Comet,41.19,77.99,SUP244,32,126,,False,2025-07-17,Active,10354.64,142,A,0,0,1
P04285,GRO-04285-6933,Everline Pro Coffee Pods Box,Grocery,Beverages,Everline,2.12,3.99,SUP097,54,614,357.0,False,2024-05-18,Active,478.77,129,C,0,0,0
P04286,BOO-04286-9293,Vertex Ultra Manga Box Set,Books,Comics & Graphic Novels,Vertex,4.28,7.99,SUP084,45,520,,False,2024-08-09,Active,181.45,24,C,0,1,0
P04287,CLO-04287-5292,Solstice Everyday Toddler Joggers,Clothing,Kids' Apparel,Solstice,23.86,39.99,SUP152,11,141,,False,2025-05-09,Active,660.6,18,C,0,1,1
P04288,PER-04288-2215,Norwell Elite Hand Sanitizer 3-Pack,Personal Care,Personal Hygiene,Norwell,4.29,8.99,SUP225,61,482,521.0,False,2025-01-19,Active,12765.12,1530,A,1,0,0
P04289,PER-04289-9837,Palisade Signature Electric Toothbrush,Personal Care,Oral Care,Palisade,3.66,7.99,SUP199,43,603,174.0,False,2024-06-11,Active,775.88,106,C,0,0,0
P04290,BEA-04290-4357,BlueStone Advanced Cleansing Foam,Beauty,Skincare,BlueStone,13.63,33.99,SUP050,54,298,506.0,False,2025-04-27,Active,1439.63,46,C,0,0,1
P04291,PER-04291-6713,Vanture Max Razor Set,Personal Care,Shaving & Grooming,Vanture,10.48,22.99,SUP218,55,151,436.0,False,2025-08-18,Active,4719.35,225,B,0,0,1
P04292,AUT-04292-5230,Sunneva Everyday Plus License Plate Frame,Automotive,Exterior Accessories,Sunneva,25.32,45.99,SUP150,49,97,,False,2026-01-10,Active,643.76,16,C,0,1,0
P04293,BOO-04293-6050,Foundry Deluxe Literary Fiction Hardcover,Books,Fiction,Foundry,3.06,5.99,SUP294,37,577,,False,2025-07-28,Active,2853.94,514,B,1,0,0
P04294,ELE-04294-9588,Ridgeline Max Wireless Mouse,Electronics,Laptop Accessories,Ridgeline,63.72,134.99,SUP153,50,53,,False,2025-07-11,Active,7852.04,65,A,0,0,0
P04295,HOM-04295-4141,Kestrel Essential Cast Iron Skillet,Home & Kitchen,Cookware,Kestrel,5.96,11.99,SUP073,25,387,,False,2025-05-22,Active,159.07,14,C,0,1,0
P04296,ELE-04296-9977,Brightline Series 2 Over-Ear Headphones,Electronics,Headphones & Audio,Brightline,52.02,95.99,SUP218,46,132,,False,2024-04-13,Active,2888.48,32,B,0,1,0
P04297,ELE-04297-8330,Palisade Lite Phone Case,Electronics,Mobile Accessories,Palisade,26.34,50.99,SUP008,19,97,,False,2024-12-16,Active,1409.0,29,C,0,1,0
P04298,PER-04298-1452,Norwell Series 2 Smart Scale,Personal Care,Health Monitoring,Norwell,4.57,8.99,SUP211,28,232,507.0,False,2025-02-15,Active,898.73,107,C,0,0,0
P04299,HOM-04299-9961,Foundry Max Throw Pillow Set,Home & Kitchen,Home Decor,Foundry,11.16,24.99,SUP159,13,242,,False,2025-04-22,Active,803.11,35,C,0,1,0
P04300,SPO-04300-6605,Ashford Max Resistance Bands Set,Sports,Fitness Equipment,Ashford,12.95,20.99,SUP035,35,314,,True,2024-09-26,Discontinued,75.72,4,C,0,1,0
P04301,BOO-04301-3467,Ironclad Classic Fantasy Trilogy Box Set,Books,Fiction,Ironclad,3.27,4.99,SUP008,20,486,,False,2025-11-09,Active,836.45,180,C,0,0,0
P04302,BOO-04302-6342,Trailhaven Everyday Plus Reference Encyclopedia,Books,Educational & Reference,Trailhaven,3.12,5.99,SUP012,28,682,,False,2025-05-06,Active,686.01,124,C,0,0,0
P04303,HOM-04303-2181,Crestmark Everyday Area Rug,Home & Kitchen,Home Decor,Crestmark,58.06,106.99,SUP022,67,114,,False,2024-10-05,Active,36773.05,374,A,1,0,1
P04304,CLO-04304-9013,Trailhaven Compact Wrap Dress,Clothing,Women's Apparel,Trailhaven,18.32,43.99,SUP145,29,152,,False,2025-03-04,Active,12902.87,314,A,1,0,1
P04305,BOO-04305-9742,Comet Ultra Self-Help Guide,Books,Non-Fiction,Comet,5.69,8.99,SUP201,15,271,,False,2025-10-09,Active,994.43,124,C,0,0,0
P04306,CLO-04306-9843,Brightline Everyday Plus Running Leggings,Clothing,Activewear,Brightline,5.39,9.99,SUP028,46,391,,False,2024-01-21,Active,1972.17,206,C,0,0,0
P04307,HOM-04307-7374,Rockridge Max Nonstick Frying Pan,Home & Kitchen,Cookware,Rockridge,2.59,3.99,SUP030,10,460,,False,2024-11-07,Active,130.74,36,C,0,1,0
P04308,SPO-04308-9036,Willowbrook Everyday Resistance Bands Set,Sports,Fitness Equipment,Willowbrook,36.71,79.99,SUP245,13,97,,True,2024-07-08,Seasonal,14289.3,201,A,0,0,1
P04309,ELE-04309-1529,Sunneva Essential Car Mount,Electronics,Mobile Accessories,Sunneva,7.55,15.99,SUP052,50,271,,True,2024-10-20,Seasonal,4401.59,300,B,1,0,0
P04310,BOO-04310-9707,Vaultis Deluxe Study Guide,Books,Educational & Reference,Vaultis,4.8,6.99,SUP248,33,393,,False,2025-08-24,Active,2482.77,384,B,1,0,0
P04311,BEA-04311-2830,Rockridge Lite Fragrance Gift Set,Beauty,Fragrances,Rockridge,5.97,11.99,SUP022,60,462,447.0,False,2024-07-13,Active,870.26,77,C,0,0,0
P04312,GRO-04312-9668,Vertex Series 2 Pasta Sauce Jar,Grocery,Condiments & Sauces,Vertex,2.6,3.99,SUP252,19,745,420.0,False,2025-05-11,Active,309.18,84,C,0,0,0
P04313,TOY-04313-7827,Fernwood Series 2 Water Blaster,Toys,Outdoor Play,Fernwood,4.02,7.99,SUP211,23,505,,True,2024-12-09,Seasonal,457.09,64,C,0,0,0
P04314,HOM-04314-7171,Trailhaven Signature Drawer Dividers,Home & Kitchen,Storage & Organization,Trailhaven,9.46,21.99,SUP028,52,205,,True,2024-02-18,Seasonal,19962.82,978,A,1,0,0
P04315,PER-04315-9226,Comet Series 2 Protein Powder,Personal Care,Vitamins & Supplements,Comet,6.67,13.99,SUP084,48,308,189.0,True,2026-03-18,Seasonal,1715.71,132,C,0,0,0
P04316,AUT-04316-2240,Willowbrook X200 Car Charger,Automotive,Car Electronics,Willowbrook,13.82,25.99,SUP084,47,140,,False,2025-06-29,Discontinued,0.0,0,C,0,1,0
P04317,BEA-04317-1581,Rockridge X200 Body Mist,Beauty,Fragrances,Rockridge,14.43,35.99,SUP028,53,221,213.0,False,2024-09-28,Active,4793.95,144,B,0,0,1
P04318,GRO-04318-2278,Quinley Essential Hot Sauce Set,Grocery,Condiments & Sauces,Quinley,3.4,4.99,SUP102,17,518,245.0,False,2025-04-03,Active,266.36,57,C,0,0,0
P04319,HOM-04319-2045,Aurelia Essential Coffee Maker,Home & Kitchen,Small Appliances,Aurelia,35.29,67.99,SUP192,74,116,,True,2026-06-19,Seasonal,26023.93,410,A,1,0,1
P04320,PER-04320-1288,Silverpine Pro Hand Sanitizer 3-Pack,Personal Care,Personal Hygiene,Silverpine,4.98,9.99,SUP211,26,284,543.0,True,2024-05-16,Seasonal,2238.18,240,B,0,0,0
P04321,BOO-04321-2175,Everline Essential Illustrated Novel,Books,Comics & Graphic Novels,Everline,6.0,10.99,SUP047,33,479,,False,2026-02-15,Active,4058.12,399,B,1,0,0
P04322,ELE-04322-6088,UrbanNest Ultra Fitness Tracker,Electronics,Wearable Tech,UrbanNest,55.22,93.99,SUP210,24,60,,False,2024-01-02,Active,35623.27,405,A,1,0,0
P04323,CLO-04323-9374,Lumino Max Kids Graphic Tee,Clothing,Kids' Apparel,Lumino,17.72,33.99,SUP068,34,223,,False,2026-02-27,Active,8995.87,290,A,1,0,1
P04324,ELE-04324-1120,NorthPoint X200 Smart Plug,Electronics,Smart Home Devices,NorthPoint,4.04,8.99,SUP012,32,488,,False,2024-11-01,Active,7500.06,909,B,1,0,0
P04325,CLO-04325-9377,Timbercrest Lite Toddler Joggers,Clothing,Kids' Apparel,Timbercrest,10.69,23.99,SUP043,19,259,,False,2024-09-27,Active,5292.09,240,B,0,0,0
P04326,CLO-04326-2501,Vanture Elite Sandals,Clothing,Footwear,Vanture,5.86,10.99,SUP087,8,251,,False,2025-12-12,Active,581.28,57,C,0,0,0
P04327,ELE-04327-6615,Trailhaven Ultra Camera Backpack,Electronics,Cameras & Accessories,Trailhaven,27.3,59.99,SUP012,24,192,,True,2024-05-29,Seasonal,1131.79,20,C,0,1,0
P04328,TOY-04328-5014,Novara Everyday Plus Playset,Toys,Action Figures & Playsets,Novara,3.69,7.99,SUP022,67,484,,False,2024-05-01,Active,374.67,51,C,0,0,0
P04329,GRO-04329-4713,Vanture Signature Sports Drink Case,Grocery,Beverages,Vanture,4.32,7.99,SUP097,43,467,174.0,False,2025-03-01,Active,1829.96,247,C,0,0,0
P04330,CLO-04330-4206,UrbanNest Premium Kids Graphic Tee,Clothing,Kids' Apparel,UrbanNest,11.41,20.99,SUP274,20,280,,True,2026-05-11,Seasonal,145.64,7,C,0,1,0
P04331,BOO-04331-6036,Copperfield Everyday Plus Mystery Novel,Books,Fiction,Copperfield,5.84,10.99,SUP174,25,232,,False,2024-10-29,Active,962.83,94,C,0,0,0
P04332,PER-04332-3856,Rockridge Everyday Plus Digital Thermometer,Personal Care,Health Monitoring,Rockridge,10.36,18.99,SUP274,18,243,477.0,False,2025-05-09,Active,924.34,51,C,0,0,1
P04333,CLO-04333-6805,Norwell Essential Kids Graphic Tee,Clothing,Kids' Apparel,Norwell,9.56,19.99,SUP012,28,327,,False,2024-12-28,Active,8452.94,463,A,1,0,0
P04334,PER-04334-7179,Norwell Deluxe Omega-3 Softgels,Personal Care,Vitamins & Supplements,Norwell,1.66,3.99,SUP261,58,626,509.0,False,2025-11-22,Active,345.9,94,C,0,0,0
P04335,GRO-04335-8633,Silverpine Classic Pancake Mix,Grocery,Breakfast Foods,Silverpine,3.07,4.99,SUP028,43,586,267.0,False,2026-03-31,Active,234.58,51,C,0,0,0
P04336,AUT-04336-5945,Willowbrook X200 Floor Mat Set,Automotive,Interior Accessories,Willowbrook,22.11,41.99,SUP055,12,147,,False,2026-06-09,Active,21114.07,540,A,1,0,0
P04337,HOM-04337-7033,Amberfield Premium Cast Iron Skillet,Home & Kitchen,Cookware,Amberfield,10.37,22.99,SUP022,60,315,,False,2024-09-02,Active,1757.42,80,C,0,0,0
P04338,SPO-04338-1961,BlueStone Lite Yoga Mat,Sports,Fitness Equipment,BlueStone,6.58,13.99,SUP115,43,417,,False,2024-08-27,Active,821.51,64,C,0,0,0
P04339,ELE-04339-7130,Cedarwood Essential Fitness Tracker,Electronics,Wearable Tech,Cedarwood,36.48,67.99,SUP047,33,161,,False,2026-04-23,Active,1400.89,23,C,0,1,0
P04340,PER-04340-5639,Ridgeline Compact Digital Thermometer,Personal Care,Health Monitoring,Ridgeline,6.57,11.99,SUP214,16,364,74.0,False,2025-06-15,Active,1672.58,146,C,0,0,0
P04341,PER-04341-9751,NorthPoint Compact Protein Powder,Personal Care,Vitamins & Supplements,NorthPoint,2.58,4.99,SUP218,44,540,487.0,False,2024-10-26,Active,274.01,59,C,0,0,0
P04342,BEA-04342-7388,Kestrel Lite Vitamin C Serum,Beauty,Skincare,Kestrel,5.8,10.99,SUP075,25,449,152.0,False,2024-11-06,Active,593.13,57,C,0,0,0
P04343,CLO-04343-2491,Timbercrest Everyday Running Shoes,Clothing,Footwear,Timbercrest,28.85,76.99,SUP241,23,128,,False,2024-06-09,Active,29356.68,413,A,1,0,1
P04344,BOO-04344-7595,Driftwood Signature Manga Box Set,Books,Comics & Graphic Novels,Driftwood,7.18,12.99,SUP032,44,428,,False,2024-03-18,Active,1167.93,98,C,0,0,0
P04345,GRO-04345-7781,Palisade Compact Breakfast Bar Box,Grocery,Breakfast Foods,Palisade,7.21,9.99,SUP012,33,392,309.0,False,2024-11-12,Active,387.64,41,C,0,1,1
P04346,SPO-04346-6325,Foundry Deluxe Hiking Backpack,Sports,Outdoor Recreation,Foundry,16.25,34.99,SUP032,43,157,,False,2025-12-24,Active,744.55,24,C,0,1,0
P04347,SPO-04347-9499,Fernwood Pro Bike Lock,Sports,Cycling,Fernwood,47.13,79.99,SUP058,9,97,,False,2025-08-24,Active,5806.69,77,B,0,0,1
P04348,CLO-04348-5801,Lumino Classic Toddler Joggers,Clothing,Kids' Apparel,Lumino,6.78,16.99,SUP012,26,424,,True,2024-01-12,Seasonal,713.97,45,C,0,0,0
P04349,HOM-04349-2638,Willowbrook Essential Wall Art Set,Home & Kitchen,Home Decor,Willowbrook,9.75,17.99,SUP023,50,204,,False,2024-02-10,Active,1727.87,101,C,0,0,0
P04350,PER-04350-1243,Driftwood Series 2 Deodorant 2-Pack,Personal Care,Personal Hygiene,Driftwood,6.92,14.99,SUP077,24,201,160.0,False,2026-03-03,Discontinued,0.0,0,C,0,1,0
P04351,ELE-04351-4373,Halcyon Everyday Plus Over-Ear Headphones,Electronics,Headphones & Audio,Halcyon,24.47,37.99,SUP258,47,100,,False,2025-12-24,Active,5881.09,166,B,0,0,0
P04352,BOO-04352-3140,Silverpine Elite Fantasy Trilogy Box Set,Books,Fiction,Silverpine,4.12,7.99,SUP258,47,547,,False,2025-12-25,Active,115.36,16,C,0,1,0
P04353,ELE-04353-4343,Vanture Essential Tripod Kit,Electronics,Cameras & Accessories,Vanture,258.33,518.99,SUP296,19,38,,True,2026-02-24,Seasonal,47617.82,100,A,0,0,1
P04354,HOM-04354-5178,Fernwood Max Shelving Unit,Home & Kitchen,Storage & Organization,Fernwood,92.38,183.99,SUP022,48,57,,False,2025-08-05,Discontinued,234.35,2,C,0,1,1
P04355,ELE-04355-8722,Amberfield Essential Camera Backpack,Electronics,Cameras & Accessories,Amberfield,189.03,306.99,SUP003,8,41,,False,2024-11-03,Active,38971.13,134,A,0,0,1
P04356,BEA-04356-4138,Driftwood Everyday Eyeshadow Palette,Beauty,Makeup,Driftwood,8.76,15.99,SUP159,12,296,184.0,False,2025-06-23,Active,2932.21,198,B,0,0,0
P04357,BOO-04357-6355,Norwell Ultra Popular Science Paperback,Books,Non-Fiction,Norwell,3.55,5.07,SUP171,51,420,,False,2025-08-08,Active,514.19,110,C,0,0,0
P04358,CLO-04358-7419,Foundry Max Ankle Boots,Clothing,Footwear,Foundry,6.55,12.99,SUP055,15,224,,False,2026-02-10,Active,3985.59,330,B,1,0,0
P04359,SPO-04359-6655,Timbercrest Signature Camping Tent,Sports,Outdoor Recreation,Timbercrest,17.43,40.99,SUP238,6,187,,False,2025-04-29,Active,31902.82,830,A,1,0,0
P04360,SPO-04360-7522,Rockridge Classic Shin Guards,Sports,Team Sports Gear,Rockridge,4.55,7.99,SUP282,15,446,,False,2024-02-20,Active,6408.79,871,B,1,0,0
P04361,HOM-04361-6409,Comet Series 2 Sheet Set,Home & Kitchen,Bedding & Linens,Comet,24.6,42.99,SUP084,53,142,,False,2025-07-21,Active,353.93,9,C,0,1,0
P04362,ELE-04362-7785,Foundry Essential Camera Backpack,Electronics,Cameras & Accessories,Foundry,92.72,170.99,SUP275,5,83,,False,2025-11-02,Active,6343.45,39,B,0,1,1
P04363,BOO-04363-4952,Palisade Essential Picture Book,Books,Children's Books,Palisade,5.31,8.99,SUP022,49,424,,True,2026-05-12,Seasonal,232.89,28,C,0,1,0
P04364,SPO-04364-3973,Silverpine Pro Yoga Mat,Sports,Fitness Equipment,Silverpine,52.22,89.99,SUP138,20,116,,False,2024-06-13,Active,17682.32,210,A,0,0,1
P04365,CLO-04365-2637,Pinnacle Deluxe Performance Tank,Clothing,Activewear,Pinnacle,5.91,11.99,SUP044,33,237,,False,2026-02-23,Active,540.25,48,C,0,0,0
P04366,HOM-04366-1107,Halcyon Premium Comforter,Home & Kitchen,Bedding & Linens,Halcyon,38.38,69.99,SUP164,27,115,,True,2024-01-19,Seasonal,2508.99,37,B,0,1,1
P04367,TOY-04367-1408,Ostrom Deluxe Alphabet Learning Set,Toys,Educational Toys,Ostrom,5.07,11.99,SUP019,15,501,,False,2025-10-28,Active,379.03,34,C,0,1,0
P04368,ELE-04368-1422,Meridian Advanced Camera Backpack,Electronics,Cameras & Accessories,Meridian,15.91,22.99,SUP150,52,140,,False,2024-10-11,Active,4965.29,232,B,0,0,0
P04369,BOO-04369-3516,UrbanNest Ultra Comic Anthology,Books,Comics & Graphic Novels,UrbanNest,4.83,7.99,SUP034,55,504,,True,2024-04-17,Seasonal,1551.6,206,C,0,0,0
P04370,ELE-04370-4683,UrbanNest Classic Phone Case,Electronics,Mobile Accessories,UrbanNest,206.29,420.99,SUP115,39,46,,False,2024-10-25,Active,4800.58,12,B,0,1,1
P04371,SPO-04371-9819,Brightline X200 Shin Guards,Sports,Team Sports Gear,Brightline,6.04,13.99,SUP195,48,367,,False,2025-05-18,Active,926.11,69,C,0,0,0
P04372,BEA-04372-5247,Driftwood Essential Styling Cream,Beauty,Haircare,Driftwood,8.5,17.99,SUP084,42,235,162.0,False,2024-06-24,Active,117.74,7,C,0,1,0
P04373,SPO-04373-8343,Crestmark Signature Yoga Towel,Sports,Yoga & Wellness,Crestmark,19.43,38.99,SUP159,12,212,,False,2025-05-17,Discontinued,0.0,0,C,0,1,0
P04374,ELE-04374-6128,Glacier Max Video Doorbell,Electronics,Smart Home Devices,Glacier,63.88,138.99,SUP290,33,67,,False,2025-10-10,Active,16184.64,125,A,0,0,0
P04375,CLO-04375-2878,Solstice Signature Canvas Sneakers,Clothing,Footwear,Solstice,41.37,115.99,SUP261,54,143,,False,2026-03-09,Active,8230.62,76,A,0,0,1
P04376,HOM-04376-5207,Willowbrook Essential Drawer Dividers,Home & Kitchen,Storage & Organization,Willowbrook,27.0,41.99,SUP297,51,103,,False,2025-05-24,Active,4577.88,117,B,0,0,0
P04377,SPO-04377-3547,Driftwood Everyday Hiking Backpack,Sports,Outdoor Recreation,Driftwood,29.82,66.99,SUP035,32,101,,True,2025-07-02,Seasonal,40459.23,645,A,1,0,0
P04378,ELE-04378-6954,Vaultis Everyday Smartwatch Band,Electronics,Wearable Tech,Vaultis,15.68,22.99,SUP148,24,115,,False,2026-04-19,Discontinued,65.1,3,C,0,1,0
P04379,ELE-04379-5713,Cedarwood Deluxe Smartwatch Band,Electronics,Wearable Tech,Cedarwood,37.69,74.99,SUP231,17,161,,True,2024-02-01,Seasonal,62.64,1,C,0,1,0
P04380,SPO-04380-1944,Trailhaven Ultra Team Jersey,Sports,Team Sports Gear,Trailhaven,20.12,39.99,SUP274,16,225,,False,2025-11-25,Active,950.74,26,C,0,1,0
P04381,ELE-04381-6973,Foundry Lite Smart Bulb Kit,Electronics,Smart Home Devices,Foundry,86.72,180.99,SUP057,44,71,,False,2026-06-10,Discontinued,0.0,0,C,0,1,1
P04382,HOM-04382-5991,Pinnacle Signature Stock Pot,Home & Kitchen,Cookware,Pinnacle,20.68,44.99,SUP294,37,98,,False,2026-01-23,Active,1710.6,41,C,0,1,0
P04383,AUT-04383-1632,Ironclad Elite Tire Inflator,Automotive,Tire & Wheel Care,Ironclad,45.09,62.99,SUP117,10,153,,False,2026-04-21,Active,9035.0,154,A,0,0,1
P04384,TOY-04384-7336,Copperfield Everyday Plus STEM Building Kit,Toys,Educational Toys,Copperfield,9.42,18.99,SUP225,47,190,,False,2026-04-03,Active,3524.63,197,B,0,0,0
P04385,AUT-04385-1587,Ostrom Advanced Wheel Cover Set,Automotive,Tire & Wheel Care,Ostrom,39.71,57.99,SUP154,11,84,,True,2025-06-21,Seasonal,16679.78,310,A,1,0,1
P04386,GRO-04386-4705,UrbanNest Premium Oatmeal Packets,Grocery,Breakfast Foods,UrbanNest,4.32,6.99,SUP076,35,305,432.0,False,2026-01-05,Active,959.41,149,C,0,0,0
P04387,CLO-04387-6785,NorthPoint Elite Kids Graphic Tee,Clothing,Kids' Apparel,NorthPoint,6.16,14.99,SUP022,67,264,,False,2024-11-27,Active,1173.14,85,C,0,0,0
P04388,TOY-04388-6760,Vertex Series 2 Family Board Game,Toys,Board Games & Puzzles,Vertex,15.06,24.99,SUP032,56,279,,False,2024-04-17,Active,825.62,35,C,0,1,0
P04389,HOM-04389-6446,Copperfield Compact Area Rug,Home & Kitchen,Home Decor,Copperfield,49.96,83.99,SUP176,47,117,,True,2024-03-18,Seasonal,11544.13,147,A,0,0,1
P04390,SPO-04390-6970,Rockridge Everyday Plus Yoga Block Set,Sports,Yoga & Wellness,Rockridge,157.09,254.99,SUP159,14,48,,False,2024-06-18,Active,2540.84,10,B,0,1,1
P04391,ELE-04391-5940,Sunneva Everyday Fitness Tracker,Electronics,Wearable Tech,Sunneva,21.35,30.99,SUP116,14,206,,True,2025-10-22,Discontinued,0.0,0,C,0,1,0
P04392,PER-04392-4636,Norwell Max Water Flosser,Personal Care,Oral Care,Norwell,5.01,9.99,SUP171,50,461,359.0,False,2025-01-01,Active,1463.26,158,C,0,0,0
P04393,BOO-04393-3868,Foundry Elite Picture Book,Books,Children's Books,Foundry,5.55,9.99,SUP151,29,276,,True,2026-01-10,Seasonal,1134.88,121,C,0,0,0
P04394,CLO-04394-7754,Ostrom Ultra School Uniform Set,Clothing,Kids' Apparel,Ostrom,26.38,63.99,SUP028,48,108,,False,2024-10-29,Active,30864.45,510,A,1,0,1
P04395,CLO-04395-5395,Palisade Lite Slim Fit Shirt,Clothing,Men's Apparel,Palisade,4.6,7.99,SUP064,11,275,,False,2025-12-22,Active,2484.76,337,B,1,0,0
P04396,HOM-04396-7025,Halcyon Pro Electric Kettle,Home & Kitchen,Small Appliances,Halcyon,83.45,142.99,SUP116,15,70,,True,2026-03-18,Seasonal,13002.87,97,A,0,0,1
P04397,GRO-04397-6970,Foundry Lite Sports Drink Case,Grocery,Beverages,Foundry,3.83,6.99,SUP114,7,258,176.0,False,2024-10-25,Active,495.43,77,C,0,0,0
P04398,SPO-04398-6779,Vanture Essential Bike Helmet,Sports,Cycling,Vanture,33.91,59.99,SUP270,22,124,,False,2025-04-23,Active,1848.9,33,C,0,1,0
P04399,CLO-04399-3082,NorthPoint Elite Slim Fit Shirt,Clothing,Men's Apparel,NorthPoint,14.58,23.99,SUP274,22,154,,False,2025-05-04,Active,1196.67,54,C,0,0,0
P04400,CLO-04400-6426,Ostrom Advanced Denim Jacket,Clothing,Men's Apparel,Ostrom,12.14,22.99,SUP159,13,282,,False,2026-03-09,Active,8966.57,429,A,1,0,0
P04401,HOM-04401-1283,Pinnacle Advanced Sheet Set,Home & Kitchen,Bedding & Linens,Pinnacle,4.73,8.99,SUP067,14,329,,False,2024-12-07,Active,2280.56,275,B,1,0,0
P04402,SPO-04402-6854,Novara Compact Camp Chair,Sports,Outdoor Recreation,Novara,15.3,33.99,SUP240,29,228,,False,2024-12-19,Active,9409.77,300,A,1,0,0
P04403,BEA-04403-5432,UrbanNest Series 2 Makeup Brush Set,Beauty,Makeup,UrbanNest,4.05,8.99,SUP037,39,485,525.0,False,2025-12-08,Active,1401.07,173,C,0,0,0
P04404,HOM-04404-4941,Foundry Elite Closet Organizer,Home & Kitchen,Storage & Organization,Foundry,17.67,32.99,SUP146,38,234,,True,2026-04-06,Seasonal,1148.51,38,C,0,1,0
P04405,PER-04405-7326,Timbercrest Advanced Shaving Cream,Personal Care,Shaving & Grooming,Timbercrest,2.25,3.99,SUP296,21,568,377.0,False,2024-01-26,Active,2682.59,716,B,1,0,0
P04406,CLO-04406-7666,Comet Deluxe Training Jacket,Clothing,Activewear,Comet,25.15,65.99,SUP261,50,141,,False,2024-03-06,Active,18789.03,305,A,1,0,1
P04407,CLO-04407-2771,UrbanNest Signature High-Waist Jeans,Clothing,Women's Apparel,UrbanNest,22.56,60.99,SUP274,20,129,,False,2026-05-01,Active,4998.53,90,B,0,0,1
P04408,PER-04408-5674,BlueStone Ultra Whitening Kit,Personal Care,Oral Care,BlueStone,6.7,12.99,SUP022,60,185,446.0,False,2025-02-10,Active,2249.12,188,B,0,0,0
P04409,BEA-04409-4263,ClearPath Premium Sunscreen SPF50,Beauty,Skincare,ClearPath,4.39,11.99,SUP132,34,284,79.0,False,2025-05-24,Active,2885.0,255,B,1,0,0
P04410,PER-04410-5839,Willowbrook Elite Beard Trimmer,Personal Care,Shaving & Grooming,Willowbrook,6.26,13.99,SUP221,50,252,418.0,True,2026-04-01,Seasonal,832.09,62,C,0,0,0
P04411,SPO-04411-3882,Everline Premium Foam Roller,Sports,Fitness Equipment,Everline,30.33,55.99,SUP030,9,158,,False,2024-12-28,Active,2037.72,39,C,0,1,0
P04412,BOO-04412-5345,Comet Lite Short Story Collection,Books,Fiction,Comet,3.6,5.13,SUP220,69,560,,False,2025-02-14,Active,215.01,45,C,0,0,0
P04413,HOM-04413-8441,Vertex Elite Nonstick Frying Pan,Home & Kitchen,Cookware,Vertex,17.56,34.99,SUP087,9,181,,True,2026-02-11,Seasonal,1112.98,34,C,0,1,0
P04414,ELE-04414-3044,Pinnacle Deluxe Smart Bulb Kit,Electronics,Smart Home Devices,Pinnacle,41.53,64.99,SUP269,26,149,,False,2025-10-30,Active,26051.39,430,A,1,0,0
P04415,BEA-04415-9787,Sunneva X200 Fragrance Gift Set,Beauty,Fragrances,Sunneva,35.3,74.99,SUP115,38,114,384.0,False,2025-09-24,Active,12067.15,175,A,0,0,1
P04416,ELE-04416-9030,Silverpine Elite Soundbar,Electronics,Headphones & Audio,Silverpine,48.66,81.99,SUP058,8,121,,False,2024-11-25,Active,12482.15,162,A,0,0,0
P04417,ELE-04417-5539,Silverpine Premium Camera Backpack,Electronics,Cameras & Accessories,Silverpine,13.59,28.99,SUP274,19,226,,True,2025-10-02,Seasonal,12979.84,482,A,1,0,0
P04418,BOO-04418-8180,Driftwood Advanced Biography,Books,Non-Fiction,Driftwood,6.61,9.99,SUP205,46,225,,False,2026-01-26,Active,502.59,54,C,0,0,0
P04419,SPO-04419-4576,Timbercrest Everyday Meditation Cushion,Sports,Yoga & Wellness,Timbercrest,21.72,44.99,SUP132,33,161,,False,2026-04-12,Active,458.71,11,C,0,1,0
P04420,HOM-04420-9293,Driftwood Pro Cookware Set,Home & Kitchen,Cookware,Driftwood,12.89,26.99,SUP286,36,311,,False,2025-07-29,Active,1593.23,62,C,0,0,0
P04421,SPO-04421-6626,ClearPath Elite Cycling Gloves,Sports,Cycling,ClearPath,18.87,29.99,SUP171,47,126,,False,2026-03-06,Active,1976.96,72,C,0,0,0
P04422,PER-04422-6410,Timbercrest Compact Toothbrush 4-Pack,Personal Care,Oral Care,Timbercrest,4.76,7.99,SUP164,21,353,78.0,False,2026-01-10,Active,1970.89,265,C,1,0,0
P04423,TOY-04423-9800,Copperfield Max Model Kit,Toys,Building Sets,Copperfield,16.36,29.99,SUP099,21,167,,False,2025-10-29,Active,6491.07,232,B,0,0,0
P04424,TOY-04424-7530,Norwell Deluxe Counting Puzzle,Toys,Educational Toys,Norwell,21.24,45.99,SUP250,48,204,,False,2025-05-04,Active,11919.86,284,A,1,0,1
P04425,SPO-04425-7723,Willowbrook Advanced Resistance Bands Set,Sports,Fitness Equipment,Willowbrook,22.36,39.99,SUP164,24,99,,True,2025-01-31,Seasonal,125.29,3,C,0,1,0
P04426,HOM-04426-9661,Comet Everyday Plus Shelving Unit,Home & Kitchen,Storage & Organization,Comet,39.84,82.99,SUP171,59,115,,False,2025-08-04,Discontinued,0.0,0,C,0,1,1
P04427,BEA-04427-1635,Trailhaven Max Foundation,Beauty,Makeup,Trailhaven,3.96,6.99,SUP274,19,339,439.0,False,2026-03-18,Active,663.99,101,C,0,0,0
P04428,PER-04428-3226,Sunneva Deluxe Toothbrush 4-Pack,Personal Care,Oral Care,Sunneva,5.14,11.99,SUP068,26,304,148.0,False,2025-04-27,Active,1922.46,169,C,0,0,0
P04429,SPO-04429-4782,UrbanNest Pro Team Jersey,Sports,Team Sports Gear,UrbanNest,12.57,27.99,SUP235,48,207,,False,2025-09-30,Active,50012.12,1927,A,1,0,0
P04430,TOY-04430-1083,Kestrel Everyday Plus Collectible Figure 3-Pack,Toys,Action Figures & Playsets,Kestrel,9.15,23.99,SUP245,16,220,,True,2025-06-01,Seasonal,458.93,20,C,0,1,0
P04431,PER-04431-2768,ClearPath Classic Electric Toothbrush,Personal Care,Oral Care,ClearPath,6.03,13.99,SUP018,50,357,485.0,False,2025-08-14,Active,406.59,31,C,0,1,0
P04432,HOM-04432-6187,Vanture Pro Throw Pillow Set,Home & Kitchen,Home Decor,Vanture,22.32,40.99,SUP210,25,134,,False,2025-09-20,Active,1815.71,47,C,0,0,0
P04433,GRO-04433-2403,NorthPoint Essential BBQ Sauce,Grocery,Condiments & Sauces,NorthPoint,4.23,5.99,SUP248,39,557,278.0,False,2024-02-17,Active,258.53,45,C,0,0,0
P04434,BOO-04434-8722,Fernwood X200 Language Learning Workbook,Books,Educational & Reference,Fernwood,2.91,5.99,SUP159,13,481,,False,2024-04-20,Active,174.11,31,C,0,1,0
P04435,ELE-04435-7130,Lumino Max Wireless Charger,Electronics,Mobile Accessories,Lumino,28.7,50.99,SUP024,13,101,,False,2024-02-05,Active,6635.1,141,B,0,0,0
P04436,CLO-04436-4854,UrbanNest Pro Wrap Dress,Clothing,Women's Apparel,UrbanNest,10.61,18.99,SUP020,9,203,,True,2025-12-01,Seasonal,6218.15,354,B,1,0,0
P04437,TOY-04437-7663,Driftwood X200 Alphabet Learning Set,Toys,Educational Toys,Driftwood,7.26,12.99,SUP008,17,382,,False,2026-03-27,Active,1292.35,106,C,0,0,0
P04438,BOO-04438-3073,Trailhaven Elite Picture Book,Books,Children's Books,Trailhaven,4.06,6.99,SUP102,17,279,,False,2024-11-19,Active,227.7,35,C,0,1,0
P04439,GRO-04439-5372,Brightline Series 2 Olive Oil,Grocery,Pantry Staples,Brightline,5.49,7.99,SUP171,60,319,175.0,True,2024-03-10,Seasonal,581.86,78,C,0,0,1
P04440,SPO-04440-7760,Copperfield Classic Meditation Cushion,Sports,Yoga & Wellness,Copperfield,21.78,48.99,SUP159,13,230,,False,2024-01-12,Active,991.1,22,C,0,1,0
P04441,HOM-04441-5053,Comet Pro Air Fryer,Home & Kitchen,Small Appliances,Comet,84.81,159.99,SUP152,8,45,,False,2025-02-09,Active,32408.98,216,A,0,0,1
P04442,AUT-04442-6066,Ironclad Everyday Plus Seat Cover Set,Automotive,Interior Accessories,Ironclad,37.98,56.99,SUP115,42,172,,False,2025-08-10,Active,31626.63,599,A,1,0,1
P04443,ELE-04443-4265,Silverpine Everyday Plus Smartwatch Band,Electronics,Wearable Tech,Silverpine,14.54,21.99,SUP193,38,183,,False,2024-10-30,Discontinued,43.39,2,C,0,1,0
P04444,AUT-04444-9430,Cedarwood Everyday Plus Tool Kit,Automotive,Tools & Equipment,Cedarwood,33.86,50.99,SUP265,18,98,,False,2025-07-13,Active,6100.4,125,B,0,0,1
P04445,CLO-04445-9535,Driftwood Premium Compression Shorts,Clothing,Activewear,Driftwood,6.67,16.99,SUP248,37,408,,False,2024-05-19,Active,533.99,32,C,0,1,0
P04446,BEA-04446-4459,Norwell Lite Styling Cream,Beauty,Haircare,Norwell,9.57,27.99,SUP207,27,255,149.0,False,2025-10-23,Active,1660.73,62,C,0,0,0
P04447,CLO-04447-3522,Lumino Everyday High-Waist Jeans,Clothing,Women's Apparel,Lumino,33.74,88.99,SUP075,27,87,,False,2024-10-28,Active,4265.84,52,B,0,0,1
P04448,HOM-04448-3714,Quinley Pro Nonstick Frying Pan,Home & Kitchen,Cookware,Quinley,43.83,67.99,SUP274,18,129,,False,2026-06-29,Discontinued,0.0,0,C,0,1,1
P04449,BEA-04449-2929,ClearPath Deluxe Loofah & Soap Set,Beauty,Bath & Body,ClearPath,11.09,26.99,SUP258,46,299,279.0,False,2025-12-02,Active,9885.09,396,A,1,0,0
P04450,AUT-04450-5729,Silverpine Lite Car Charger,Automotive,Car Electronics,Silverpine,6.39,12.99,SUP275,4,313,,False,2025-02-24,Active,1373.81,114,C,0,0,0
P04451,TOY-04451-9501,Solstice Compact Vehicle Toy Set,Toys,Action Figures & Playsets,Solstice,36.85,68.99,SUP171,51,148,,False,2026-05-13,Active,2027.36,32,C,0,1,1
P04452,HOM-04452-9833,Foundry Lite Air Fryer,Home & Kitchen,Small Appliances,Foundry,54.15,104.99,SUP084,52,67,,False,2026-06-06,Active,5988.03,62,B,0,0,1
P04453,SPO-04453-6039,Everline Premium Massage Roller,Sports,Yoga & Wellness,Everline,11.83,20.99,SUP122,16,139,,False,2024-06-28,Discontinued,151.12,8,C,0,1,0
P04454,AUT-04454-6338,Norwell Ultra Tire Inflator,Automotive,Tire & Wheel Care,Norwell,55.76,91.99,SUP084,44,75,,False,2025-06-10,Active,4777.4,57,B,0,0,1
P04455,TOY-04455-2175,Pinnacle Elite 1000-Piece Puzzle,Toys,Board Games & Puzzles,Pinnacle,1.5,3.99,SUP093,18,1024,,False,2025-08-19,Active,42.03,11,C,0,1,0
P04456,BEA-04456-4539,Vertex Max Cologne,Beauty,Fragrances,Vertex,7.11,13.99,SUP115,42,222,237.0,False,2024-11-22,Active,253.7,18,C,0,1,0
P04457,ELE-04457-8184,Amberfield Elite Laptop Sleeve,Electronics,Laptop Accessories,Amberfield,79.98,125.99,SUP274,18,111,,False,2026-06-30,Active,695.62,6,C,0,1,1
P04458,PER-04458-5564,Cedarwood Elite Cotton Swabs Bulk,Personal Care,Personal Hygiene,Cedarwood,11.1,20.99,SUP148,25,199,296.0,False,2025-09-10,Active,1153.06,60,C,0,0,1
P04459,BEA-04459-6558,Foundry Lite Cologne,Beauty,Fragrances,Foundry,11.82,23.99,SUP115,33,231,136.0,False,2025-11-25,Active,118.14,5,C,0,1,0
P04460,BEA-04460-6699,Everline Elite Cleansing Foam,Beauty,Skincare,Everline,9.3,16.99,SUP174,23,312,197.0,False,2024-06-28,Active,1003.49,63,C,0,0,0
P04461,TOY-04461-8227,Driftwood Deluxe Kickball Set,Toys,Outdoor Play,Driftwood,10.49,26.99,SUP073,24,178,,False,2026-04-02,Active,1234.52,50,C,0,0,0
P04462,GRO-04462-5553,Meridian Ultra Protein Bar Box,Grocery,Snacks,Meridian,4.19,5.99,SUP007,19,306,246.0,False,2026-05-31,Active,604.13,108,C,0,0,0
P04463,AUT-04463-6414,Palisade Classic Tool Kit,Automotive,Tools & Equipment,Palisade,7.73,13.99,SUP211,21,232,,True,2026-04-04,Seasonal,4043.96,310,B,1,0,0
P04464,ELE-04464-1784,Everline Classic Screen Protector 2-Pack,Electronics,Mobile Accessories,Everline,16.16,28.99,SUP084,53,192,,False,2025-02-06,Active,37882.25,1420,A,1,0,0
P04465,TOY-04465-8771,Sunneva Everyday Kickball Set,Toys,Outdoor Play,Sunneva,14.07,22.99,SUP056,7,184,,False,2026-05-01,Active,4137.39,193,B,0,0,0
P04466,PER-04466-5715,Pinnacle Everyday Pulse Oximeter,Personal Care,Health Monitoring,Pinnacle,4.53,7.99,SUP159,12,255,357.0,False,2024-01-10,Active,122.7,16,C,0,1,0
P04467,PER-04467-7622,Vaultis Compact Pulse Oximeter,Personal Care,Health Monitoring,Vaultis,10.05,14.99,SUP031,24,204,449.0,False,2024-07-04,Active,2671.91,190,B,0,0,1
P04468,PER-04468-6326,BlueStone Series 2 Body Wipes,Personal Care,Personal Hygiene,BlueStone,5.35,7.99,SUP069,39,461,97.0,False,2025-08-20,Active,5491.5,741,B,1,0,0
P04469,AUT-04469-7139,Silverpine Elite Bluetooth Car Adapter,Automotive,Car Electronics,Silverpine,18.26,25.99,SUP152,10,186,,True,2025-12-05,Seasonal,938.09,39,C,0,1,0
P04470,GRO-04470-5008,Ostrom Elite Granola Bites,Grocery,Snacks,Ostrom,1.5,2.72,SUP290,32,1003,272.0,False,2024-04-19,Discontinued,14.2,6,C,0,1,0
P04471,PER-04471-8707,Ridgeline Everyday Omega-3 Softgels,Personal Care,Vitamins & Supplements,Ridgeline,11.91,20.99,SUP057,50,188,294.0,False,2024-09-24,Active,523.46,27,C,0,1,1
P04472,PER-04472-1342,Foundry Compact Blood Pressure Monitor,Personal Care,Health Monitoring,Foundry,4.75,9.99,SUP134,27,306,160.0,False,2024-03-22,Active,396.23,42,C,0,0,0
P04473,CLO-04473-3511,Harborlight Compact Chino Pants,Clothing,Men's Apparel,Harborlight,6.19,16.99,SUP158,24,311,,True,2024-04-04,Seasonal,2167.18,138,B,0,0,0
P04474,BEA-04474-2885,Kestrel Classic Lipstick Set,Beauty,Makeup,Kestrel,4.02,11.99,SUP205,52,270,137.0,False,2024-01-22,Active,10212.97,916,A,1,0,0
P04475,ELE-04475-1706,Ridgeline Pro Video Doorbell,Electronics,Smart Home Devices,Ridgeline,47.59,65.99,SUP155,36,91,,False,2026-06-23,Active,18520.12,306,A,1,0,0
P04476,BOO-04476-5138,Brightline Advanced Mystery Novel,Books,Fiction,Brightline,8.23,14.99,SUP211,27,250,,False,2026-03-16,Active,1645.06,119,C,0,0,1
P04477,SPO-04477-1391,Cedarwood Everyday Plus Resistance Bands Set,Sports,Fitness Equipment,Cedarwood,3.63,5.99,SUP258,45,492,,False,2025-07-09,Active,942.99,171,C,0,0,0
P04478,BEA-04478-4268,Quinley Compact Fragrance Gift Set,Beauty,Fragrances,Quinley,10.76,20.99,SUP073,22,170,366.0,False,2024-01-31,Active,2712.38,138,B,0,0,0
P04479,BEA-04479-2705,Vaultis Compact Body Wash,Beauty,Bath & Body,Vaultis,5.05,14.99,SUP251,11,496,191.0,False,2025-10-28,Active,2090.95,146,B,0,0,0
P04480,CLO-04480-5445,ClearPath Elite School Uniform Set,Clothing,Kids' Apparel,ClearPath,1.82,3.99,SUP064,11,862,,False,2025-05-04,Active,3662.9,991,B,1,0,0
P04481,ELE-04481-5155,Driftwood Compact Fitness Tracker,Electronics,Wearable Tech,Driftwood,10.47,19.99,SUP244,41,255,,False,2025-12-09,Active,2487.43,133,B,0,0,0
P04482,PER-04482-7023,Comet Max Blood Pressure Monitor,Personal Care,Health Monitoring,Comet,3.67,7.99,SUP174,23,413,366.0,False,2025-03-22,Active,1456.81,194,C,0,0,0
P04483,GRO-04483-1067,Sunneva Elite Breakfast Bar Box,Grocery,Breakfast Foods,Sunneva,6.68,8.99,SUP159,11,373,361.0,False,2024-01-08,Active,336.18,40,C,0,1,1
P04484,HOM-04484-2506,Willowbrook Classic Stock Pot,Home & Kitchen,Cookware,Willowbrook,6.96,15.99,SUP133,12,233,,False,2026-04-10,Active,2211.01,153,B,0,0,0
P04485,ELE-04485-7009,Quinley Ultra Laptop Sleeve,Electronics,Laptop Accessories,Quinley,13.2,18.99,SUP159,12,231,,False,2026-03-13,Active,1666.43,96,C,0,0,0
P04486,AUT-04486-2338,Amberfield Advanced Tool Kit,Automotive,Tools & Equipment,Amberfield,14.64,29.99,SUP055,12,169,,False,2026-04-10,Discontinued,54.49,2,C,0,1,0
P04487,AUT-04487-9571,Halcyon Classic Roof Rack,Automotive,Exterior Accessories,Halcyon,27.53,37.99,SUP149,51,199,,False,2025-08-26,Active,9591.17,270,A,1,0,0
P04488,ELE-04488-9227,Halcyon Pro Bluetooth Speaker,Electronics,Headphones & Audio,Halcyon,12.63,25.99,SUP171,58,221,,False,2026-04-19,Active,25558.07,1057,A,1,0,0
P04489,HOM-04489-4782,Ironclad Max Coffee Maker,Home & Kitchen,Small Appliances,Ironclad,9.54,17.99,SUP104,30,263,,False,2024-03-05,Active,1323.8,78,C,0,0,0
P04490,BEA-04490-7630,Lumino Max Cologne,Beauty,Fragrances,Lumino,24.99,49.99,SUP104,27,189,368.0,True,2024-12-30,Seasonal,4355.6,94,B,0,0,1
P04491,HOM-04491-5914,Pinnacle Ultra Nonstick Frying Pan,Home & Kitchen,Cookware,Pinnacle,10.19,23.99,SUP090,28,314,,False,2024-10-18,Active,7132.29,318,B,1,0,0
P04492,SPO-04492-5886,Pinnacle Max Basketball,Sports,Team Sports Gear,Pinnacle,47.9,68.99,SUP245,16,83,,False,2025-03-07,Active,3931.51,61,B,0,0,1
P04493,ELE-04493-9617,Harborlight Series 2 Over-Ear Headphones,Electronics,Headphones & Audio,Harborlight,28.2,55.99,SUP106,14,158,,False,2024-02-07,Active,5922.39,111,B,0,0,0
P04494,CLO-04494-9223,BlueStone Pro School Uniform Set,Clothing,Kids' Apparel,BlueStone,2.47,4.99,SUP164,23,724,,False,2026-01-23,Active,330.69,71,C,0,0,0
P04495,BEA-04495-2085,Cedarwood Pro Vitamin C Serum,Beauty,Skincare,Cedarwood,9.98,27.99,SUP290,28,237,505.0,False,2024-09-29,Active,978.74,38,C,0,1,0
P04496,CLO-04496-3861,Copperfield Advanced Chino Pants,Clothing,Men's Apparel,Copperfield,2.97,8.99,SUP009,28,332,,False,2024-04-19,Active,2220.68,266,B,1,0,0
P04497,BEA-04497-4574,Ashford Lite Fragrance Gift Set,Beauty,Fragrances,Ashford,4.53,7.99,SUP052,66,519,189.0,False,2024-06-29,Active,1962.75,265,C,1,0,0
P04498,HOM-04498-4231,Pinnacle X200 Cast Iron Skillet,Home & Kitchen,Cookware,Pinnacle,52.38,81.99,SUP274,22,138,,False,2024-04-14,Active,16018.1,211,A,0,0,1
P04499,HOM-04499-9882,Amberfield Elite Closet Organizer,Home & Kitchen,Storage & Organization,Amberfield,8.38,17.99,SUP210,20,198,,True,2025-09-17,Seasonal,2513.96,149,B,0,0,0
P04500,ELE-04500-8152,Pinnacle Everyday Plus Smart Bulb Kit,Electronics,Smart Home Devices,Pinnacle,43.05,89.99,SUP102,19,86,,False,2026-04-20,Active,2323.38,28,B,0,1,0
P04501,ELE-04501-2263,Vanture Essential Over-Ear Headphones,Electronics,Headphones & Audio,Vanture,50.82,75.99,SUP022,48,81,,False,2024-03-17,Active,32846.99,464,A,1,0,0
P04502,PER-04502-6497,Norwell Lite Deodorant 2-Pack,Personal Care,Personal Hygiene,Norwell,2.83,4.99,SUP152,9,658,179.0,False,2024-01-27,Active,113.03,25,C,0,1,0
P04503,GRO-04503-8928,Novara Classic Rice 5lb Bag,Grocery,Pantry Staples,Novara,3.92,5.5,SUP231,21,594,206.0,False,2026-03-13,Active,234.3,45,C,0,0,0
P04504,GRO-04504-3151,Silverpine Premium Trail Mix,Grocery,Snacks,Silverpine,5.35,7.99,SUP115,39,328,83.0,False,2024-12-15,Active,465.87,61,C,0,0,1
P04505,ELE-04505-4664,Glacier Classic Smart Bulb Kit,Electronics,Smart Home Devices,Glacier,7.43,13.99,SUP255,23,413,,False,2024-04-19,Discontinued,0.0,0,C,0,1,0
P04506,TOY-04506-6561,ClearPath Elite Counting Puzzle,Toys,Educational Toys,ClearPath,44.65,105.99,SUP075,22,66,,False,2024-06-26,Active,5519.17,56,B,0,0,1
P04507,PER-04507-5652,Copperfield Premium Blood Pressure Monitor,Personal Care,Health Monitoring,Copperfield,5.36,9.99,SUP148,31,328,312.0,False,2025-09-08,Active,1586.12,171,C,0,0,0
P04508,TOY-04508-7753,Ashford Series 2 Magnetic Tile Set,Toys,Building Sets,Ashford,2.64,6.99,SUP022,48,356,,False,2024-03-17,Active,447.64,70,C,0,0,0
P04509,BOO-04509-8418,Cedarwood Classic Early Reader Set,Books,Children's Books,Cedarwood,2.98,5.99,SUP156,21,704,,True,2025-01-02,Seasonal,3053.2,554,B,1,0,0
P04510,TOY-04510-3258,Rockridge Elite Construction Blocks,Toys,Building Sets,Rockridge,7.13,13.99,SUP258,37,228,,False,2026-06-07,Active,8058.85,616,A,1,0,0
P04511,BEA-04511-9863,Halcyon Ultra Cleansing Foam,Beauty,Skincare,Halcyon,9.39,21.99,SUP030,7,363,451.0,False,2025-01-27,Active,5937.01,291,B,1,0,0
P04512,AUT-04512-4429,Driftwood Classic Wheel Cover Set,Automotive,Tire & Wheel Care,Driftwood,12.98,18.99,SUP171,49,274,,True,2024-05-31,Seasonal,167.94,10,C,0,1,0
P04513,TOY-04513-1240,Aurelia Advanced Model Kit,Toys,Building Sets,Aurelia,3.37,7.99,SUP080,4,620,,False,2025-11-23,Active,7461.2,1008,B,1,0,0
P04514,ELE-04514-1835,Vertex Deluxe Sleep Tracker Ring,Electronics,Wearable Tech,Vertex,31.44,63.99,SUP096,6,137,,False,2025-01-28,Active,3935.49,65,B,0,0,0
P04515,CLO-04515-4130,Rockridge Classic Cardigan,Clothing,Women's Apparel,Rockridge,15.59,28.99,SUP006,39,202,,False,2024-12-28,Active,23071.96,852,A,1,0,0
P04516,GRO-04516-4583,Sunneva Pro Rice 5lb Bag,Grocery,Pantry Staples,Sunneva,2.94,4.99,SUP159,15,349,377.0,False,2024-08-21,Active,203.0,45,C,0,0,0
P04517,ELE-04517-3627,Vertex Series 2 Smart Plug,Electronics,Smart Home Devices,Vertex,18.62,33.99,SUP294,31,123,,False,2025-11-17,Active,3614.26,114,B,0,0,0
P04518,AUT-04518-4729,Solstice Everyday Plus Floor Mat Set,Automotive,Interior Accessories,Solstice,17.42,34.99,SUP028,53,214,,False,2025-03-23,Active,4119.83,129,B,0,0,0
P04519,ELE-04519-5142,Vaultis Max Laptop Sleeve,Electronics,Laptop Accessories,Vaultis,59.19,86.99,SUP055,14,77,,False,2025-03-17,Active,1215.94,15,C,0,1,0
P04520,SPO-04520-2968,Halcyon Series 2 Yoga Towel,Sports,Yoga & Wellness,Halcyon,11.24,17.99,SUP052,64,234,,True,2025-11-30,Seasonal,247.46,14,C,0,1,0
P04521,PER-04521-2400,Harborlight Pro Blood Pressure Monitor,Personal Care,Health Monitoring,Harborlight,3.4,6.99,SUP159,13,313,92.0,True,2024-11-26,Seasonal,33.47,5,C,0,1,0
P04522,CLO-04522-1377,Ashford Everyday Cardigan,Clothing,Women's Apparel,Ashford,52.5,96.99,SUP042,16,110,,False,2025-08-24,Active,273980.3,3042,A,1,0,1
P04523,BEA-04523-3866,Timbercrest Pro Styling Cream,Beauty,Haircare,Timbercrest,3.87,8.99,SUP277,47,275,415.0,False,2024-06-05,Active,305.69,38,C,0,1,0
P04524,BOO-04524-6592,Timbercrest Elite Activity Book,Books,Children's Books,Timbercrest,7.95,12.99,SUP199,36,209,,False,2025-06-05,Discontinued,0.0,0,C,0,1,1
P04525,TOY-04525-6561,Lumino Series 2 Magnetic Tile Set,Toys,Building Sets,Lumino,2.37,5.99,SUP171,54,393,,False,2025-01-25,Active,2200.49,395,B,1,0,0
P04526,HOM-04526-1136,Comet Elite Weighted Blanket,Home & Kitchen,Bedding & Linens,Comet,8.58,18.99,SUP004,12,192,,True,2025-04-10,Seasonal,324.33,18,C,0,1,0
P04527,GRO-04527-8223,Fernwood X200 Baking Mix,Grocery,Pantry Staples,Fernwood,1.5,2.99,SUP137,51,803,451.0,False,2024-11-29,Active,77.58,28,C,0,1,0
P04528,BOO-04528-8158,Ironclad Deluxe Fantasy Trilogy Box Set,Books,Fiction,Ironclad,2.63,4.99,SUP244,41,321,,False,2024-04-30,Active,4.82,1,C,0,1,0
P04529,PER-04529-9648,Rockridge Ultra Beard Trimmer,Personal Care,Shaving & Grooming,Rockridge,12.71,21.99,SUP151,29,257,535.0,True,2026-04-19,Seasonal,2829.39,138,B,0,0,1
P04530,GRO-04530-4567,Trailhaven Max Trail Mix,Grocery,Snacks,Trailhaven,1.5,2.99,SUP213,35,833,189.0,False,2025-01-02,Active,138.87,49,C,0,0,0
P04531,BEA-04531-3337,Copperfield Series 2 Body Wash,Beauty,Bath & Body,Copperfield,8.85,18.99,SUP193,37,203,203.0,True,2025-11-12,Seasonal,4139.85,233,B,0,0,0
P04532,PER-04532-5060,Brightline Max Whitening Kit,Personal Care,Oral Care,Brightline,3.25,5.99,SUP274,17,463,65.0,False,2026-04-05,Active,730.24,133,C,0,0,0
P04533,HOM-04533-9769,Willowbrook Premium Drawer Dividers,Home & Kitchen,Storage & Organization,Willowbrook,7.41,15.99,SUP102,19,218,,False,2025-02-08,Active,1931.91,129,C,0,0,0
P04534,ELE-04534-5543,Harborlight Pro Fitness Tracker,Electronics,Wearable Tech,Harborlight,28.76,41.99,SUP247,6,118,,False,2026-01-18,Active,2360.66,62,B,0,0,0
P04535,BOO-04535-3724,NorthPoint Elite Self-Help Guide,Books,Non-Fiction,NorthPoint,2.43,4.99,SUP064,12,689,,False,2025-02-04,Active,275.12,58,C,0,0,0
P04536,ELE-04536-3261,Fernwood Series 2 Video Doorbell,Electronics,Smart Home Devices,Fernwood,34.03,63.99,SUP159,14,131,,False,2024-02-29,Active,1852.24,30,C,0,1,0
P04537,HOM-04537-9341,Pinnacle Everyday Plus Coffee Maker,Home & Kitchen,Small Appliances,Pinnacle,164.42,339.99,SUP171,54,77,,False,2026-03-15,Active,7446.46,25,B,0,1,1
P04538,BOO-04538-3961,NorthPoint Deluxe Illustrated Novel,Books,Comics & Graphic Novels,NorthPoint,2.53,4.99,SUP117,11,748,,False,2026-02-05,Active,81.44,17,C,0,1,0
P04539,SPO-04539-7729,Timbercrest Classic Bike Lock,Sports,Cycling,Timbercrest,20.49,44.99,SUP022,66,130,,True,2025-05-31,Seasonal,28507.34,686,A,1,0,0
P04540,CLO-04540-5324,Timbercrest X200 Training Jacket,Clothing,Activewear,Timbercrest,2.16,3.99,SUP116,13,752,,True,2026-01-25,Seasonal,470.69,127,C,0,0,0
P04541,BEA-04541-4708,Foundry Signature Bath Bomb Set,Beauty,Bath & Body,Foundry,6.31,18.99,SUP044,36,284,213.0,False,2025-09-02,Active,122.61,7,C,0,1,0
P04542,CLO-04542-2488,BlueStone Everyday Plus Blouse,Clothing,Women's Apparel,BlueStone,5.55,12.99,SUP145,31,318,,False,2026-01-01,Active,2131.65,176,B,0,0,0
P04543,BOO-04543-9762,Meridian Premium Language Learning Workbook,Books,Educational & Reference,Meridian,5.22,7.99,SUP008,16,395,,True,2024-02-21,Discontinued,37.72,5,C,0,1,0
P04544,TOY-04544-3768,Ironclad X200 Alphabet Learning Set,Toys,Educational Toys,Ironclad,8.47,14.99,SUP143,45,281,,True,2026-01-13,Seasonal,1351.94,97,C,0,0,0
P04545,TOY-04545-1263,Willowbrook Deluxe Playset,Toys,Action Figures & Playsets,Willowbrook,19.42,35.99,SUP102,14,243,,False,2024-07-14,Active,2178.76,66,B,0,0,1
P04546,SPO-04546-7226,Willowbrook Signature Soccer Ball,Sports,Team Sports Gear,Willowbrook,9.52,17.99,SUP008,19,354,,False,2026-06-15,Active,15852.57,953,A,1,0,0
P04547,AUT-04547-8060,Novara Premium Tire Inflator,Automotive,Tire & Wheel Care,Novara,86.23,124.99,SUP171,46,75,,False,2026-05-31,Active,5632.74,49,B,0,0,1
P04548,AUT-04548-9422,Ridgeline Everyday Wheel Cleaner,Automotive,Tire & Wheel Care,Ridgeline,6.26,12.99,SUP079,21,423,,False,2024-02-20,Active,4385.17,363,B,1,0,0
P04549,HOM-04549-7061,Glacier Series 2 Stand Mixer,Home & Kitchen,Small Appliances,Glacier,16.22,23.99,SUP164,25,265,,True,2025-08-17,Seasonal,6591.82,297,B,1,0,0
P04550,PER-04550-2469,Sunneva Advanced Electric Toothbrush,Personal Care,Oral Care,Sunneva,3.62,7.99,SUP268,19,532,291.0,False,2024-12-16,Active,214.96,28,C,0,1,0
P04551,AUT-04551-1813,Fernwood Everyday Floor Mat Set,Automotive,Interior Accessories,Fernwood,20.04,32.99,SUP258,46,204,,True,2024-08-20,Seasonal,3055.95,101,B,0,0,0
P04552,GRO-04552-1660,Driftwood Series 2 Coffee Pods Box,Grocery,Beverages,Driftwood,2.18,3.99,SUP150,52,623,146.0,False,2026-06-02,Active,164.7,44,C,0,0,0
P04553,ELE-04553-3562,UrbanNest Signature Screen Protector 2-Pack,Electronics,Mobile Accessories,UrbanNest,18.72,33.99,SUP137,39,211,,False,2025-01-01,Active,667.61,21,C,0,1,0
P04554,BOO-04554-7254,Willowbrook Advanced Short Story Collection,Books,Fiction,Willowbrook,6.88,12.99,SUP159,13,219,,False,2025-05-19,Active,133.6,12,C,0,1,0
P04555,BEA-04555-5035,Vaultis Elite Body Wash,Beauty,Bath & Body,Vaultis,4.14,10.99,SUP109,43,310,210.0,False,2024-10-12,Active,3321.99,326,B,1,0,0
P04556,TOY-04556-3087,Copperfield Series 2 Brick Building Set,Toys,Building Sets,Copperfield,26.17,48.99,SUP075,21,133,,False,2025-09-14,Active,121920.95,2687,A,1,0,1
P04557,CLO-04557-3179,Trailhaven Pro Chino Pants,Clothing,Men's Apparel,Trailhaven,10.66,17.99,SUP030,9,340,,False,2024-08-18,Active,598.74,35,C,0,1,0
P04558,ELE-04558-6673,Willowbrook Advanced Tripod Kit,Electronics,Cameras & Accessories,Willowbrook,172.81,369.99,SUP274,23,44,,False,2024-11-26,Active,29228.37,85,A,0,0,1
P04559,HOM-04559-9401,Copperfield Elite Stand Mixer,Home & Kitchen,Small Appliances,Copperfield,27.77,59.99,SUP018,46,99,,False,2025-10-05,Active,8136.69,146,A,0,0,0
P04560,AUT-04560-3777,Lumino Everyday Mud Flap Set,Automotive,Exterior Accessories,Lumino,7.37,14.99,SUP088,43,292,,False,2024-07-12,Active,1251.4,89,C,0,0,0
P04561,ELE-04561-2390,Vaultis Elite Security Camera,Electronics,Smart Home Devices,Vaultis,11.53,23.99,SUP034,59,204,,True,2025-12-16,Seasonal,22688.05,1019,A,1,0,0
P04562,SPO-04562-2766,ClearPath Ultra Camping Tent,Sports,Outdoor Recreation,ClearPath,9.77,16.99,SUP018,41,367,,False,2026-06-11,Active,38719.56,2463,A,1,0,0
P04563,GRO-04563-6031,Halcyon Max Olive Oil,Grocery,Pantry Staples,Halcyon,4.88,6.99,SUP034,47,342,511.0,False,2025-10-04,Active,255.02,42,C,0,0,0
P04564,BEA-04564-8491,Meridian Max Styling Cream,Beauty,Haircare,Meridian,4.11,8.99,SUP127,29,439,464.0,False,2024-11-25,Active,11710.27,1399,A,1,0,0
P04565,CLO-04565-5926,NorthPoint Ultra Wrap Dress,Clothing,Women's Apparel,NorthPoint,31.79,71.99,SUP159,14,189,,False,2024-06-14,Active,1341.96,20,C,0,1,1
P04566,GRO-04566-9712,Willowbrook Ultra Cereal Box,Grocery,Breakfast Foods,Willowbrook,7.49,10.99,SUP270,23,400,525.0,False,2025-05-26,Discontinued,0.0,0,C,0,1,1
P04567,SPO-04567-5807,Ironclad Lite Bike Water Bottle Cage,Sports,Cycling,Ironclad,7.51,15.99,SUP194,3,402,,True,2025-02-03,Seasonal,1164.21,78,C,0,0,0
P04568,SPO-04568-3905,Silverpine Max Basketball,Sports,Team Sports Gear,Silverpine,40.69,86.99,SUP241,21,148,,False,2024-08-10,Active,19184.01,237,A,0,0,1
P04569,ELE-04569-2244,BlueStone Series 2 GPS Running Watch,Electronics,Wearable Tech,BlueStone,25.54,50.99,SUP159,14,134,,False,2024-11-30,Active,5388.15,112,B,0,0,0
P04570,BEA-04570-1561,UrbanNest Premium Body Mist,Beauty,Fragrances,UrbanNest,40.63,107.99,SUP047,33,146,444.0,True,2026-05-31,Seasonal,14840.75,145,A,0,0,1
P04571,TOY-04571-5418,Ashford Compact Collectible Figure 3-Pack,Toys,Action Figures & Playsets,Ashford,6.52,12.99,SUP258,41,350,,True,2024-06-02,Seasonal,1863.12,156,C,0,0,0
P04572,SPO-04572-5537,Trailhaven Signature Soccer Ball,Sports,Team Sports Gear,Trailhaven,49.96,86.99,SUP138,20,93,,False,2024-08-23,Active,31220.0,392,A,1,0,1
P04573,CLO-04573-9285,Harborlight Signature Kids Graphic Tee,Clothing,Kids' Apparel,Harborlight,5.52,15.99,SUP224,45,364,,True,2024-11-13,Seasonal,2656.67,179,B,0,0,0
P04574,TOY-04574-1283,Ashford Max Collectible Figure 3-Pack,Toys,Action Figures & Playsets,Ashford,17.0,39.99,SUP005,31,250,,False,2026-04-13,Active,21863.08,591,A,1,0,0
P04575,ELE-04575-2881,Rockridge Premium Wireless Mouse,Electronics,Laptop Accessories,Rockridge,40.32,88.99,SUP121,13,74,,False,2024-11-22,Active,2015.01,24,C,0,1,0
P04576,ELE-04576-2857,Copperfield Lite Action Camera,Electronics,Cameras & Accessories,Copperfield,29.19,56.99,SUP084,51,190,,True,2024-09-23,Seasonal,5647.27,108,B,0,0,0
P04577,SPO-04577-1668,Sunneva Lite Massage Roller,Sports,Yoga & Wellness,Sunneva,18.58,41.99,SUP075,26,214,,False,2024-09-28,Active,4124.03,106,B,0,0,0
P04578,SPO-04578-1909,Driftwood Compact Camp Chair,Sports,Outdoor Recreation,Driftwood,11.52,20.99,SUP192,74,201,,False,2026-05-13,Discontinued,148.96,8,C,0,1,0
P04579,TOY-04579-9540,Lumino Everyday Magnetic Tile Set,Toys,Building Sets,Lumino,8.51,18.99,SUP247,6,256,,False,2024-11-18,Active,315.31,18,C,0,1,0
P04580,HOM-04580-1238,Driftwood Ultra Table Lamp,Home & Kitchen,Home Decor,Driftwood,7.3,13.99,SUP258,50,286,,False,2024-12-01,Active,3146.03,240,B,0,0,0
P04581,CLO-04581-9300,Timbercrest Premium Running Leggings,Clothing,Activewear,Timbercrest,15.54,33.99,SUP241,24,189,,False,2024-11-28,Active,6251.5,202,B,0,0,0
P04582,SPO-04582-7439,Amberfield Pro Bike Lock,Sports,Cycling,Amberfield,4.31,7.99,SUP245,16,239,,False,2026-03-06,Active,1627.87,217,C,0,0,0
P04583,HOM-04583-6014,BlueStone Elite Nonstick Frying Pan,Home & Kitchen,Cookware,BlueStone,39.15,75.99,SUP251,12,88,,False,2025-10-09,Active,21548.58,303,A,1,0,1
P04584,CLO-04584-2278,Fernwood Max Crew Neck Tee 3-Pack,Clothing,Men's Apparel,Fernwood,8.27,22.99,SUP196,35,268,,False,2025-07-01,Active,511.55,24,C,0,1,0
P04585,BOO-04585-8980,Comet Classic Fantasy Trilogy Box Set,Books,Fiction,Comet,8.86,14.99,SUP218,43,177,,False,2024-07-13,Active,707.09,52,C,0,0,1
P04586,HOM-04586-8344,ClearPath Deluxe Stand Mixer,Home & Kitchen,Small Appliances,ClearPath,4.4,6.99,SUP052,67,277,,False,2024-04-13,Active,128.0,20,C,0,1,0
P04587,BEA-04587-9767,Kestrel Lite Cologne,Beauty,Fragrances,Kestrel,7.88,14.99,SUP284,37,398,420.0,False,2024-03-21,Active,2269.96,162,B,0,0,0
P04588,HOM-04588-3386,Aurelia Everyday Plus Shelving Unit,Home & Kitchen,Storage & Organization,Aurelia,8.3,13.99,SUP150,49,299,,False,2024-09-26,Active,3220.27,248,B,0,0,0
P04589,PER-04589-2561,Ridgeline Premium Cotton Swabs Bulk,Personal Care,Personal Hygiene,Ridgeline,7.76,13.99,SUP064,11,395,408.0,False,2025-12-22,Active,6975.48,540,B,1,0,0
P04590,HOM-04590-5413,Ashford Signature Electric Kettle,Home & Kitchen,Small Appliances,Ashford,10.12,23.99,SUP125,17,286,,False,2025-11-24,Discontinued,91.08,4,C,0,1,0
P04591,ELE-04591-2963,Ashford Everyday Phone Case,Electronics,Mobile Accessories,Ashford,18.4,26.99,SUP247,6,160,,False,2025-12-14,Active,5708.17,228,B,0,0,0
P04592,ELE-04592-2031,Rockridge Ultra Fitness Tracker,Electronics,Wearable Tech,Rockridge,7.17,10.99,SUP196,33,388,,False,2025-08-31,Active,13854.71,1354,A,1,0,0
P04593,ELE-04593-5807,BlueStone Everyday Plus Screen Protector 2-Pack,Electronics,Mobile Accessories,BlueStone,19.64,40.99,SUP030,8,188,,False,2025-04-15,Active,926.47,24,C,0,1,0
P04594,HOM-04594-1669,Fernwood Everyday Plus Pillow 2-Pack,Home & Kitchen,Bedding & Linens,Fernwood,21.65,37.99,SUP116,15,171,,False,2024-11-20,Active,313.55,9,C,0,1,0
P04595,BOO-04595-7336,Ashford Deluxe History Hardcover,Books,Non-Fiction,Ashford,8.55,15.99,SUP218,54,181,,False,2025-10-24,Active,179.87,12,C,0,1,1
P04596,ELE-04596-2463,Vanture Max Smartwatch Band,Electronics,Wearable Tech,Vanture,15.43,25.99,SUP196,35,150,,False,2024-06-27,Active,6716.07,284,B,1,0,0
P04597,GRO-04597-8302,ClearPath Pro Breakfast Bar Box,Grocery,Breakfast Foods,ClearPath,4.33,7.99,SUP042,16,245,434.0,True,2024-03-03,Seasonal,154.52,20,C,0,1,0
P04598,ELE-04598-7694,Comet Everyday Smart Bulb Kit,Electronics,Smart Home Devices,Comet,165.89,354.99,SUP215,12,35,,False,2026-01-25,Active,18000.92,57,A,0,0,1
P04599,BEA-04599-5430,Ostrom X200 Hair Mask,Beauty,Haircare,Ostrom,5.46,15.99,SUP192,58,476,406.0,False,2025-03-08,Active,1090.81,74,C,0,0,0
P04600,ELE-04600-7901,Ridgeline Series 2 Tripod Kit,Electronics,Cameras & Accessories,Ridgeline,280.96,407.99,SUP058,10,51,,False,2025-07-21,Active,233556.12,614,A,1,0,1
P04601,BOO-04601-1210,Glacier Deluxe Bedtime Stories Collection,Books,Children's Books,Glacier,7.3,12.99,SUP078,21,231,,True,2026-05-22,Seasonal,2585.32,219,B,0,0,0
P04602,SPO-04602-9903,Timbercrest Elite Yoga Mat,Sports,Fitness Equipment,Timbercrest,35.73,78.99,SUP115,36,99,,False,2025-09-13,Active,3196.89,45,B,0,0,1
P04603,SPO-04603-1647,UrbanNest Elite Bike Water Bottle Cage,Sports,Cycling,UrbanNest,10.23,15.99,SUP192,67,250,,False,2025-11-28,Active,1591.09,108,C,0,0,0
P04604,HOM-04604-7837,Vanture Pro Stand Mixer,Home & Kitchen,Small Appliances,Vanture,9.64,17.99,SUP277,50,223,,False,2025-03-12,Active,5451.79,321,B,1,0,0
P04605,AUT-04605-8532,Rockridge Pro Tool Kit,Automotive,Tools & Equipment,Rockridge,36.85,51.99,SUP296,24,130,,True,2024-10-17,Discontinued,52.8,1,C,0,1,1
P04606,SPO-04606-6268,Copperfield Deluxe Soccer Ball,Sports,Team Sports Gear,Copperfield,7.03,16.99,SUP195,47,235,,False,2024-11-15,Active,10458.76,661,A,1,0,0
P04607,ELE-04607-6066,Willowbrook Signature Smart Plug,Electronics,Smart Home Devices,Willowbrook,34.96,53.99,SUP115,45,118,,False,2026-04-01,Active,4848.13,97,B,0,0,0
P04608,BEA-04608-3785,Pinnacle Lite Loofah & Soap Set,Beauty,Bath & Body,Pinnacle,4.84,10.99,SUP019,16,516,82.0,False,2024-12-14,Active,3963.59,392,B,1,0,0
P04609,TOY-04609-1482,Ostrom Ultra Backyard Game Set,Toys,Outdoor Play,Ostrom,15.57,37.99,SUP170,32,193,,False,2026-05-01,Active,2527.23,70,B,0,0,0
P04610,GRO-04610-6684,Ironclad Compact Trail Mix,Grocery,Snacks,Ironclad,2.06,3.99,SUP143,51,805,258.0,False,2024-01-29,Active,138.79,37,C,0,1,0
P04611,BEA-04611-7254,Ashford Premium Loofah & Soap Set,Beauty,Bath & Body,Ashford,10.28,19.99,SUP190,52,258,479.0,False,2024-09-23,Active,838.53,44,C,0,0,0
P04612,BOO-04612-4842,Ironclad Max Bedtime Stories Collection,Books,Children's Books,Ironclad,3.41,4.99,SUP288,37,433,,False,2026-05-10,Active,5630.42,1233,B,1,0,0
P04613,ELE-04613-6672,Norwell Classic Screen Protector 2-Pack,Electronics,Mobile Accessories,Norwell,10.34,20.99,SUP034,50,253,,True,2025-06-12,Seasonal,1918.25,99,C,0,0,0
P04614,PER-04614-4053,Comet Lite Omega-3 Softgels,Personal Care,Vitamins & Supplements,Comet,11.15,16.99,SUP102,14,290,67.0,False,2024-11-30,Active,82148.55,5188,A,1,0,1
P04615,HOM-04615-4830,NorthPoint Deluxe Closet Organizer,Home & Kitchen,Storage & Organization,NorthPoint,61.51,97.99,SUP162,61,134,,True,2024-06-09,Seasonal,6131.21,68,B,0,0,1
P04616,ELE-04616-3852,Fernwood Signature Screen Protector 2-Pack,Electronics,Mobile Accessories,Fernwood,71.11,147.99,SUP093,20,52,,False,2025-03-16,Active,2539.43,18,B,0,1,0
P04617,ELE-04617-8729,Driftwood Deluxe Laptop Sleeve,Electronics,Laptop Accessories,Driftwood,15.14,31.99,SUP035,32,206,,False,2026-05-23,Active,547.55,19,C,0,1,0
P04618,BEA-04618-7500,Solstice Classic Cleansing Foam,Beauty,Skincare,Solstice,4.73,9.99,SUP171,47,442,306.0,False,2024-11-21,Active,6078.25,661,B,1,0,0
P04619,AUT-04619-3636,Rockridge Compact Trunk Organizer,Automotive,Interior Accessories,Rockridge,10.44,16.99,SUP012,28,229,,False,2025-03-15,Active,2146.6,136,B,0,0,0
P04620,TOY-04620-6160,Halcyon Premium Magnetic Tile Set,Toys,Building Sets,Halcyon,25.12,51.99,SUP102,15,163,,True,2024-11-19,Seasonal,10496.69,216,A,0,0,1
P04621,PER-04621-7810,Kestrel Ultra Pulse Oximeter,Personal Care,Health Monitoring,Kestrel,8.49,16.99,SUP290,31,172,511.0,False,2026-02-24,Active,31857.27,2010,A,1,0,1
P04622,CLO-04622-1813,NorthPoint Everyday Plus Ankle Boots,Clothing,Footwear,NorthPoint,70.48,188.99,SUP140,26,71,,False,2025-09-17,Active,14347.64,82,A,0,0,1
P04623,BEA-04623-3971,Lumino Series 2 Cologne,Beauty,Fragrances,Lumino,3.43,6.99,SUP022,52,412,503.0,False,2025-07-16,Active,1491.93,229,C,0,0,0
P04624,BEA-04624-5471,Vertex Advanced Foundation,Beauty,Makeup,Vertex,7.22,20.99,SUP250,55,281,128.0,False,2025-09-03,Active,10738.07,553,A,1,0,0
P04625,ELE-04625-6014,Ironclad Series 2 USB-C Hub,Electronics,Laptop Accessories,Ironclad,22.33,32.99,SUP036,24,190,,True,2025-01-10,Seasonal,12539.1,414,A,1,0,0
P04626,PER-04626-3005,Pinnacle Ultra Toothbrush 4-Pack,Personal Care,Oral Care,Pinnacle,10.33,14.99,SUP059,53,337,209.0,False,2026-01-08,Active,182.28,13,C,0,1,1
P04627,CLO-04627-9962,Vanture Deluxe Blouse,Clothing,Women's Apparel,Vanture,11.12,28.99,SUP288,41,150,,True,2025-07-13,Seasonal,15578.61,578,A,1,0,0
P04628,BEA-04628-2776,Willowbrook Pro Fragrance Gift Set,Beauty,Fragrances,Willowbrook,7.19,14.99,SUP225,57,293,359.0,False,2024-03-06,Active,1255.57,93,C,0,0,0
P04629,CLO-04629-6515,Amberfield Pro Wrap Dress,Clothing,Women's Apparel,Amberfield,13.02,29.99,SUP082,11,202,,False,2024-12-06,Active,18771.83,679,A,1,0,0
P04630,TOY-04630-3177,Ashford Deluxe Vehicle Toy Set,Toys,Action Figures & Playsets,Ashford,8.54,16.99,SUP176,55,389,,True,2026-03-08,Seasonal,3070.12,191,B,0,0,0
P04631,HOM-04631-6063,Ironclad Everyday Plus Sheet Set,Home & Kitchen,Bedding & Linens,Ironclad,27.18,55.99,SUP145,31,173,,True,2024-08-20,Seasonal,20710.27,399,A,1,0,0
P04632,SPO-04632-8104,Copperfield Premium Meditation Cushion,Sports,Yoga & Wellness,Copperfield,18.63,36.99,SUP270,23,252,,False,2026-05-22,Active,3219.35,91,B,0,0,0
P04633,SPO-04633-6138,Aurelia Premium Hiking Backpack,Sports,Outdoor Recreation,Aurelia,13.68,30.99,SUP159,15,216,,False,2026-01-13,Active,515.86,18,C,0,1,0
P04634,AUT-04634-4542,Norwell Compact Tire Shine Kit,Automotive,Tire & Wheel Care,Norwell,20.79,35.99,SUP185,14,189,,False,2026-06-21,Active,7972.98,239,A,0,0,0
P04635,ELE-04635-7260,Cedarwood Essential Screen Protector 2-Pack,Electronics,Mobile Accessories,Cedarwood,20.78,34.99,SUP028,51,223,,False,2025-12-28,Active,13928.62,426,A,1,0,0
P04636,HOM-04636-6684,Harborlight Series 2 Closet Organizer,Home & Kitchen,Storage & Organization,Harborlight,10.47,22.99,SUP058,8,150,,True,2024-04-27,Seasonal,1515.06,70,C,0,0,0
P04637,CLO-04637-8218,Ostrom Pro Slim Fit Shirt,Clothing,Men's Apparel,Ostrom,10.62,28.99,SUP008,18,337,,False,2024-06-23,Active,1584.99,59,C,0,0,0
P04638,AUT-04638-6193,Ostrom Lite Backup Camera,Automotive,Car Electronics,Ostrom,6.1,11.99,SUP166,33,328,,False,2025-03-19,Active,55.97,5,C,0,1,0
P04639,PER-04639-8152,Palisade X200 Deodorant 2-Pack,Personal Care,Personal Hygiene,Palisade,5.22,11.99,SUP159,15,510,364.0,False,2024-11-22,Active,739.85,70,C,0,0,0
P04640,BOO-04640-6224,Ridgeline X200 Reference Encyclopedia,Books,Educational & Reference,Ridgeline,3.39,6.99,SUP078,18,268,,False,2026-05-06,Active,129.04,21,C,0,1,0
P04641,HOM-04641-7874,Pinnacle Advanced Throw Pillow Set,Home & Kitchen,Home Decor,Pinnacle,40.37,93.99,SUP055,11,77,,False,2026-02-12,Active,13203.05,152,A,0,0,1
P04642,HOM-04642-1894,Foundry Everyday Plus Closet Organizer,Home & Kitchen,Storage & Organization,Foundry,13.27,26.99,SUP123,47,139,,False,2025-11-23,Active,3905.95,157,B,0,0,0
P04643,BOO-04643-4044,Fernwood Deluxe Mystery Novel,Books,Fiction,Fernwood,7.06,9.99,SUP022,63,192,,True,2026-05-08,Seasonal,816.0,91,C,0,0,0
P04644,HOM-04644-2105,Willowbrook Deluxe Coffee Maker,Home & Kitchen,Small Appliances,Willowbrook,11.33,18.99,SUP258,39,164,,False,2024-02-24,Active,12337.91,697,A,1,0,0
P04645,CLO-04645-3175,Willowbrook Advanced Wrap Dress,Clothing,Women's Apparel,Willowbrook,7.31,16.99,SUP248,38,260,,False,2025-10-02,Active,3143.12,201,B,0,0,0
P04646,AUT-04646-3633,Kestrel Pro Steering Wheel Cover,Automotive,Interior Accessories,Kestrel,64.22,126.99,SUP171,48,63,,False,2026-03-04,Active,11476.52,95,A,0,0,1
P04647,BEA-04647-4621,Glacier Essential Foundation,Beauty,Makeup,Glacier,5.52,9.99,SUP270,19,246,252.0,False,2026-06-08,Active,1783.92,192,C,0,0,0
P04648,BEA-04648-4344,Palisade Everyday Plus Hair Mask,Beauty,Haircare,Palisade,3.96,10.99,SUP171,59,407,501.0,False,2026-02-03,Active,457.37,44,C,0,0,0
P04649,ELE-04649-5676,Sunneva Signature Security Camera,Electronics,Smart Home Devices,Sunneva,23.33,44.99,SUP146,48,178,,False,2026-01-07,Active,19297.18,470,A,1,0,0
P04650,GRO-04650-6662,Lumino Advanced Cereal Box,Grocery,Breakfast Foods,Lumino,2.38,3.99,SUP171,56,343,336.0,False,2025-12-12,Discontinued,25.22,7,C,0,1,0
P04651,SPO-04651-8309,Ostrom Essential Yoga Towel,Sports,Yoga & Wellness,Ostrom,5.0,7.99,SUP022,66,398,,False,2024-04-27,Active,1990.95,269,C,1,0,0
P04652,BEA-04652-7048,Silverpine Advanced Vitamin C Serum,Beauty,Skincare,Silverpine,5.62,10.99,SUP052,65,375,523.0,True,2025-01-10,Seasonal,7013.0,686,B,1,0,0
P04653,HOM-04653-5714,Fernwood Classic Wall Art Set,Home & Kitchen,Home Decor,Fernwood,37.21,54.99,SUP159,15,105,,False,2026-03-09,Discontinued,0.0,0,C,0,1,1
P04654,ELE-04654-1414,Quinley Everyday Camera Backpack,Electronics,Cameras & Accessories,Quinley,26.6,56.99,SUP026,29,109,,False,2025-07-30,Active,1444.43,26,C,0,1,0
P04655,ELE-04655-4306,Ashford Elite Car Mount,Electronics,Mobile Accessories,Ashford,11.22,17.99,SUP244,33,267,,False,2024-08-25,Active,672.55,41,C,0,1,0
P04656,SPO-04656-5604,Lumino Series 2 Basketball,Sports,Team Sports Gear,Lumino,5.62,9.99,SUP034,58,435,,False,2025-10-14,Active,17600.28,1902,A,1,0,0
P04657,BOO-04657-5834,Comet Max Fantasy Trilogy Box Set,Books,Fiction,Comet,9.39,17.99,SUP115,41,215,,False,2024-01-24,Active,320.21,19,C,0,1,1
P04658,CLO-04658-8965,Harborlight Essential Kids Rain Jacket,Clothing,Kids' Apparel,Harborlight,20.34,35.99,SUP143,48,174,,False,2024-12-27,Active,837.29,23,C,0,1,1
P04659,CLO-04659-1661,Driftwood Everyday Plus Running Leggings,Clothing,Activewear,Driftwood,4.18,11.99,SUP030,8,271,,True,2025-11-18,Seasonal,2883.9,259,B,1,0,0
P04660,HOM-04660-9286,Glacier Everyday Stock Pot,Home & Kitchen,Cookware,Glacier,2.55,4.99,SUP057,50,672,,False,2025-12-16,Active,14.44,3,C,0,1,0
P04661,CLO-04661-5842,Norwell Elite Compression Shorts,Clothing,Activewear,Norwell,2.22,4.99,SUP143,49,666,,False,2025-04-09,Active,159.72,36,C,0,1,0
P04662,ELE-04662-4597,Novara Ultra Wireless Earbuds,Electronics,Headphones & Audio,Novara,19.46,36.99,SUP022,51,166,,False,2024-09-06,Active,28778.53,840,A,1,0,0
P04663,PER-04663-5657,Everline Advanced Protein Powder,Personal Care,Vitamins & Supplements,Everline,5.26,11.99,SUP042,15,396,69.0,False,2025-03-28,Active,192.4,17,C,0,1,0
P04664,ELE-04664-7840,Everline Signature Fitness Tracker,Electronics,Wearable Tech,Everline,91.65,134.99,SUP008,18,105,,False,2024-06-16,Active,4677.94,37,B,0,1,1
P04665,BEA-04665-6312,Trailhaven Compact Eyeshadow Palette,Beauty,Makeup,Trailhaven,5.32,9.99,SUP150,51,381,527.0,False,2026-05-03,Active,1626.01,175,C,0,0,0
P04666,ELE-04666-5088,Comet Essential Security Camera,Electronics,Smart Home Devices,Comet,35.51,70.99,SUP247,6,119,,False,2026-02-22,Active,8431.48,130,A,0,0,0
P04667,TOY-04667-8779,Timbercrest Max Water Blaster,Toys,Outdoor Play,Timbercrest,23.61,37.99,SUP245,16,153,,False,2025-10-20,Discontinued,0.0,0,C,0,1,1
P04668,HOM-04668-2822,Brightline Series 2 Stock Pot,Home & Kitchen,Cookware,Brightline,32.72,66.99,SUP097,50,97,,False,2024-11-05,Active,10349.42,168,A,0,0,1
P04669,PER-04669-6116,Meridian Lite Pulse Oximeter,Personal Care,Health Monitoring,Meridian,18.3,26.99,SUP195,58,248,229.0,True,2024-05-10,Seasonal,11442.6,447,A,1,0,1
P04670,ELE-04670-6788,Novara Premium Wireless Charger,Electronics,Mobile Accessories,Novara,40.97,59.99,SUP294,42,123,,False,2024-02-21,Active,2554.66,46,B,0,0,0
P04671,AUT-04671-6062,BlueStone Advanced Car Cover,Automotive,Exterior Accessories,BlueStone,21.45,32.99,SUP115,38,153,,False,2024-12-15,Active,1785.06,56,C,0,0,0
P04672,SPO-04672-5410,Amberfield Compact Camping Tent,Sports,Outdoor Recreation,Amberfield,24.19,52.99,SUP274,20,216,,False,2026-01-29,Active,4030.9,82,B,0,0,0
P04673,HOM-04673-7119,Glacier Everyday Plus Comforter,Home & Kitchen,Bedding & Linens,Glacier,10.27,24.99,SUP228,20,263,,False,2024-12-03,Active,6188.31,264,B,1,0,0
P04674,HOM-04674-7289,Everline Advanced Air Fryer,Home & Kitchen,Small Appliances,Everline,10.26,15.99,SUP035,26,175,,False,2025-12-29,Active,1633.73,112,C,0,0,0
P04675,GRO-04675-9734,Vertex Elite Hot Sauce Set,Grocery,Condiments & Sauces,Vertex,7.76,11.99,SUP119,38,342,131.0,False,2024-06-10,Active,828.77,73,C,0,0,1
P04676,AUT-04676-8742,Trailhaven Everyday License Plate Frame,Automotive,Exterior Accessories,Trailhaven,22.74,41.99,SUP274,21,228,,False,2026-01-01,Discontinued,0.0,0,C,0,1,0
P04677,AUT-04677-7531,Solstice Everyday Dash Cam,Automotive,Car Electronics,Solstice,42.36,62.99,SUP034,57,148,,False,2024-03-11,Active,1654.75,28,C,0,1,1
P04678,HOM-04678-1189,Novara Advanced Stock Pot,Home & Kitchen,Cookware,Novara,87.05,155.99,SUP018,45,70,,False,2024-11-06,Active,12040.13,82,A,0,0,1
P04679,GRO-04679-2758,Palisade Pro Granola Bites,Grocery,Snacks,Palisade,1.78,3.99,SUP068,29,834,204.0,False,2024-05-16,Active,155.21,41,C,0,1,0
P04680,HOM-04680-9731,Silverpine X200 Electric Kettle,Home & Kitchen,Small Appliances,Silverpine,11.88,24.99,SUP004,13,229,,False,2025-07-04,Active,1074.12,46,C,0,0,0
P04681,ELE-04681-4902,Solstice Advanced Laptop Stand,Electronics,Laptop Accessories,Solstice,4.91,10.99,SUP028,47,347,,False,2024-06-20,Active,1882.78,182,C,0,0,0
P04682,BOO-04682-1217,Everline Classic Atlas,Books,Educational & Reference,Everline,3.11,5.99,SUP115,46,509,,False,2024-01-13,Active,14614.61,2643,A,1,0,0
P04683,GRO-04683-2213,Ostrom Lite Pasta Sauce Jar,Grocery,Condiments & Sauces,Ostrom,11.66,15.99,SUP219,18,150,406.0,False,2024-10-20,Discontinued,16.21,1,C,0,1,1
P04684,HOM-04684-1363,Cedarwood Elite Electric Kettle,Home & Kitchen,Small Appliances,Cedarwood,39.05,77.99,SUP052,53,96,,False,2024-01-03,Active,37111.97,512,A,1,0,1
P04685,AUT-04685-1297,Ironclad Elite Wheel Cover Set,Automotive,Tire & Wheel Care,Ironclad,6.51,12.99,SUP258,37,345,,False,2024-12-12,Active,9826.09,823,A,1,0,0
P04686,TOY-04686-9199,Pinnacle Classic Card Game,Toys,Board Games & Puzzles,Pinnacle,3.78,8.99,SUP294,32,293,,False,2024-08-24,Active,3243.07,396,B,1,0,0
P04687,TOY-04687-8372,NorthPoint Signature STEM Building Kit,Toys,Educational Toys,NorthPoint,16.86,26.99,SUP133,10,177,,False,2026-05-01,Active,681.82,28,C,0,1,0
P04688,ELE-04688-1730,Willowbrook Advanced Fitness Tracker,Electronics,Wearable Tech,Willowbrook,85.88,122.99,SUP295,19,100,,True,2025-04-24,Seasonal,12621.57,113,A,0,0,1
P04689,PER-04689-4200,NorthPoint Everyday Plus Water Flosser,Personal Care,Oral Care,NorthPoint,15.09,27.99,SUP164,22,272,424.0,False,2025-02-05,Active,785.55,31,C,0,1,1
P04690,CLO-04690-9439,Brightline Lite School Uniform Set,Clothing,Kids' Apparel,Brightline,8.91,23.99,SUP018,55,198,,False,2025-07-01,Active,32338.83,1456,A,1,0,0
P04691,CLO-04691-3398,Trailhaven Series 2 Slim Fit Shirt,Clothing,Men's Apparel,Trailhaven,18.39,36.99,SUP023,49,252,,False,2024-05-04,Active,6197.45,181,B,0,0,1
P04692,ELE-04692-8169,Everline Everyday Plus Wireless Charger,Electronics,Mobile Accessories,Everline,19.75,38.99,SUP152,9,171,,False,2024-05-01,Active,3464.64,96,B,0,0,0
P04693,AUT-04693-5363,Everline X200 Floor Mat Set,Automotive,Interior Accessories,Everline,11.55,23.99,SUP274,21,166,,False,2024-05-20,Active,27535.36,1246,A,1,0,0
P04694,CLO-04694-6176,Fernwood Everyday Cardigan,Clothing,Women's Apparel,Fernwood,6.45,12.99,SUP022,50,395,,False,2026-03-02,Active,816.16,69,C,0,0,0
P04695,AUT-04695-2844,Trailhaven Series 2 Backup Camera,Automotive,Car Electronics,Trailhaven,23.41,32.99,SUP159,14,103,,False,2025-11-10,Active,6283.77,205,B,0,0,0
P04696,SPO-04696-3600,Trailhaven Everyday Foam Roller,Sports,Fitness Equipment,Trailhaven,10.41,22.99,SUP245,12,299,,False,2026-05-25,Active,6408.01,299,B,1,0,0
P04697,TOY-04697-1425,Brightline Elite STEM Building Kit,Toys,Educational Toys,Brightline,22.8,41.99,SUP294,41,190,,False,2026-01-11,Active,4910.68,125,B,0,0,1
P04698,SPO-04698-1905,Meridian Max Yoga Mat,Sports,Fitness Equipment,Meridian,28.04,61.99,SUP274,19,162,,True,2024-04-18,Seasonal,3588.9,63,B,0,0,0
P04699,PER-04699-7019,Crestmark Deluxe Whitening Kit,Personal Care,Oral Care,Crestmark,8.4,17.99,SUP022,49,360,512.0,False,2024-05-30,Active,2870.66,170,B,0,0,1
P04700,HOM-04700-9822,Crestmark Essential Comforter,Home & Kitchen,Bedding & Linens,Crestmark,22.72,46.99,SUP019,16,208,,False,2026-01-21,Active,1505.05,34,C,0,1,0
P04701,HOM-04701-2974,Ridgeline X200 Stock Pot,Home & Kitchen,Cookware,Ridgeline,24.69,46.99,SUP050,50,147,,False,2025-05-13,Active,15577.89,362,A,1,0,0
P04702,SPO-04702-8005,Brightline Max Camp Chair,Sports,Outdoor Recreation,Brightline,20.58,34.99,SUP071,33,174,,False,2025-07-14,Active,1390.93,42,C,0,0,0
P04703,CLO-04703-1238,Quinley Deluxe Compression Shorts,Clothing,Activewear,Quinley,11.47,28.99,SUP259,22,220,,True,2024-08-01,Seasonal,13724.38,508,A,1,0,0
P04704,BOO-04704-4868,Harborlight Everyday Plus Comic Anthology,Books,Comics & Graphic Novels,Harborlight,8.87,16.99,SUP176,46,299,,False,2025-04-03,Active,4313.94,274,B,1,0,1
P04705,SPO-04705-7641,Halcyon Series 2 Basketball,Sports,Team Sports Gear,Halcyon,44.27,86.99,SUP274,18,115,,False,2026-04-02,Active,13573.65,168,A,0,0,1
P04706,CLO-04706-4089,Lumino Classic Training Jacket,Clothing,Activewear,Lumino,3.99,9.99,SUP115,39,349,,False,2025-03-22,Active,1045.73,113,C,0,0,0
P04707,TOY-04707-9525,Ridgeline Essential Backyard Game Set,Toys,Outdoor Play,Ridgeline,20.99,46.99,SUP115,44,159,,False,2025-09-19,Active,14076.98,322,A,1,0,1
P04708,GRO-04708-1635,Vanture Everyday Plus Granola Bites,Grocery,Snacks,Vanture,10.3,13.99,SUP071,29,265,174.0,False,2025-11-14,Active,1922.75,149,C,0,0,1
P04709,AUT-04709-2047,Glacier Advanced Mud Flap Set,Automotive,Exterior Accessories,Glacier,4.11,5.99,SUP116,14,524,,False,2026-04-23,Active,11.35,2,C,0,1,0
P04710,ELE-04710-5432,ClearPath Pro Laptop Stand,Electronics,Laptop Accessories,ClearPath,100.64,202.99,SUP235,37,49,,False,2024-07-09,Discontinued,1403.33,7,C,0,1,1
P04711,BOO-04711-5187,Driftwood Lite Short Story Collection,Books,Fiction,Driftwood,2.09,3.39,SUP199,46,636,,True,2026-04-10,Seasonal,363.84,117,C,0,0,0
P04712,AUT-04712-1343,Quinley X200 Tire Shine Kit,Automotive,Tire & Wheel Care,Quinley,4.53,8.99,SUP234,8,543,,True,2025-07-09,Seasonal,1449.7,173,C,0,0,0
P04713,GRO-04713-2877,Harborlight Ultra Oatmeal Packets,Grocery,Breakfast Foods,Harborlight,11.87,19.99,SUP248,36,214,195.0,False,2026-01-29,Active,3103.12,168,B,0,0,1
P04714,GRO-04714-7302,Quinley Elite Herbal Tea Sampler,Grocery,Beverages,Quinley,4.52,6.19,SUP004,10,249,260.0,False,2024-08-26,Active,4947.41,855,B,1,0,0
P04715,GRO-04715-1384,Glacier Classic Breakfast Bar Box,Grocery,Breakfast Foods,Glacier,3.04,4.99,SUP056,6,639,102.0,False,2024-04-17,Active,1037.49,222,C,0,0,0
P04716,CLO-04716-5225,Norwell Max Kids Graphic Tee,Clothing,Kids' Apparel,Norwell,22.13,45.99,SUP180,16,124,,False,2024-03-18,Discontinued,0.0,0,C,0,1,1
P04717,BEA-04717-4532,NorthPoint Max Loofah & Soap Set,Beauty,Bath & Body,NorthPoint,4.83,12.99,SUP121,16,446,544.0,False,2024-12-15,Active,1272.95,105,C,0,0,0
P04718,ELE-04718-1359,Ironclad Elite Screen Protector 2-Pack,Electronics,Mobile Accessories,Ironclad,42.05,65.99,SUP026,33,112,,True,2025-05-19,Seasonal,33712.38,549,A,1,0,0
P04719,AUT-04719-8217,Amberfield Ultra Backup Camera,Automotive,Car Electronics,Amberfield,9.59,19.99,SUP019,14,360,,False,2024-09-19,Active,3014.84,163,B,0,0,0
P04720,HOM-04720-2168,Solstice Everyday Plus Cookware Set,Home & Kitchen,Cookware,Solstice,14.87,24.99,SUP274,20,253,,True,2024-09-01,Seasonal,2502.6,108,B,0,0,0
P04721,CLO-04721-3785,Glacier Everyday Kids Graphic Tee,Clothing,Kids' Apparel,Glacier,16.26,42.99,SUP258,42,246,,True,2026-01-14,Seasonal,1171.11,28,C,0,1,0
P04722,BOO-04722-3538,Halcyon Pro Popular Science Paperback,Books,Non-Fiction,Halcyon,5.9,9.99,SUP081,7,371,,False,2025-11-08,Active,3214.78,347,B,1,0,0
P04723,ELE-04723-1860,Solstice Series 2 Camera Backpack,Electronics,Cameras & Accessories,Solstice,22.07,34.99,SUP174,29,114,,True,2025-08-01,Seasonal,2780.62,86,B,0,0,0
P04724,ELE-04724-7044,Quinley Pro USB-C Hub,Electronics,Laptop Accessories,Quinley,8.08,15.99,SUP028,45,206,,False,2025-08-16,Active,5291.29,355,B,1,0,0
P04725,PER-04725-6424,Trailhaven Everyday Plus Digital Thermometer,Personal Care,Health Monitoring,Trailhaven,10.63,18.99,SUP028,53,150,455.0,False,2026-02-10,Active,2236.82,129,B,0,0,1
P04726,SPO-04726-3134,Willowbrook Pro Yoga Towel,Sports,Yoga & Wellness,Willowbrook,8.96,15.99,SUP084,50,301,,False,2024-07-23,Active,1963.36,134,C,0,0,0
P04727,ELE-04727-8564,ClearPath Series 2 Fitness Tracker,Electronics,Wearable Tech,ClearPath,259.14,488.99,SUP073,19,50,,False,2026-05-07,Active,57258.74,126,A,0,0,1
P04728,TOY-04728-1791,Willowbrook Premium Brick Building Set,Toys,Building Sets,Willowbrook,3.87,9.99,SUP293,26,322,,False,2026-02-24,Active,2073.33,223,B,0,0,0
P04729,CLO-04729-4106,Ridgeline Max Kids Graphic Tee,Clothing,Kids' Apparel,Ridgeline,10.12,21.99,SUP008,16,332,,False,2024-11-09,Active,10943.88,545,A,1,0,0
P04730,ELE-04730-1584,Harborlight Lite Over-Ear Headphones,Electronics,Headphones & Audio,Harborlight,75.41,147.99,SUP159,15,74,,False,2024-11-12,Active,27983.73,201,A,0,0,1
P04731,SPO-04731-5036,Fernwood Premium Meditation Cushion,Sports,Yoga & Wellness,Fernwood,22.15,37.99,SUP258,41,125,,False,2024-06-17,Active,13796.28,389,A,1,0,0
P04732,CLO-04732-2462,Comet Premium Ankle Boots,Clothing,Footwear,Comet,11.32,17.99,SUP008,17,290,,False,2025-10-08,Active,363.53,22,C,0,1,0
P04733,HOM-04733-2521,ClearPath Ultra Comforter,Home & Kitchen,Bedding & Linens,ClearPath,14.27,26.99,SUP159,12,233,,False,2024-10-04,Active,1257.0,52,C,0,0,0
P04734,AUT-04734-9871,Foundry Max Roof Rack,Automotive,Exterior Accessories,Foundry,7.19,13.99,SUP103,22,227,,False,2024-08-31,Active,1286.99,98,C,0,0,0
P04735,GRO-04735-9920,Driftwood Series 2 BBQ Sauce,Grocery,Condiments & Sauces,Driftwood,4.46,6.12,SUP052,53,512,262.0,True,2025-09-05,Seasonal,1616.16,286,C,1,0,0
P04736,GRO-04736-1549,Brightline Premium BBQ Sauce,Grocery,Condiments & Sauces,Brightline,6.05,8.99,SUP055,13,223,254.0,False,2024-06-28,Active,1340.47,162,C,0,0,1
P04737,GRO-04737-9693,Vaultis Advanced Hot Sauce Set,Grocery,Condiments & Sauces,Vaultis,2.57,3.99,SUP245,16,396,133.0,False,2024-04-13,Active,171.12,47,C,0,0,0
P04738,TOY-04738-4052,Sunneva Pro Playset,Toys,Action Figures & Playsets,Sunneva,8.46,13.99,SUP134,23,344,,False,2026-02-23,Active,5017.27,393,B,1,0,0
P04739,SPO-04739-8211,Silverpine Signature Bike Lock,Sports,Cycling,Silverpine,31.27,58.99,SUP012,26,141,,False,2024-02-06,Discontinued,0.0,0,C,0,1,0
P04740,PER-04740-1917,Ridgeline Deluxe Multivitamin Bottle,Personal Care,Vitamins & Supplements,Ridgeline,9.16,16.99,SUP115,35,253,392.0,True,2026-04-17,Seasonal,3297.17,206,B,0,0,1
P04741,HOM-04741-1652,Vanture Compact Cookware Set,Home & Kitchen,Cookware,Vanture,61.71,109.99,SUP245,15,66,,True,2025-09-15,Seasonal,8368.37,81,A,0,0,1
P04742,TOY-04742-5781,Everline Elite Alphabet Learning Set,Toys,Educational Toys,Everline,12.7,27.99,SUP195,52,145,,False,2024-11-17,Active,2387.85,92,B,0,0,0
P04743,CLO-04743-3705,Aurelia Signature School Uniform Set,Clothing,Kids' Apparel,Aurelia,3.51,8.99,SUP281,40,429,,False,2025-05-29,Active,478.42,56,C,0,0,0
P04744,GRO-04744-4132,Vertex Advanced Hot Sauce Set,Grocery,Condiments & Sauces,Vertex,2.0,3.29,SUP225,59,876,464.0,False,2024-10-14,Active,394.51,128,C,0,0,0
P04745,ELE-04745-2770,Driftwood Premium Lens Filter Set,Electronics,Cameras & Accessories,Driftwood,79.58,146.99,SUP034,54,90,,False,2025-01-08,Active,15972.55,118,A,0,0,1
P04746,TOY-04746-4124,Fernwood Advanced Alphabet Learning Set,Toys,Educational Toys,Fernwood,14.22,23.99,SUP019,14,178,,False,2025-10-02,Discontinued,44.77,2,C,0,1,0
P04747,HOM-04747-2053,Novara Max Table Lamp,Home & Kitchen,Home Decor,Novara,38.26,80.99,SUP132,39,174,,False,2026-04-09,Active,12721.25,170,A,0,0,1
P04748,BOO-04748-4207,Vertex Everyday Language Learning Workbook,Books,Educational & Reference,Vertex,4.73,6.99,SUP121,12,550,,False,2024-07-26,Active,3651.71,560,B,1,0,0
P04749,CLO-04749-4787,Norwell Elite Kids Graphic Tee,Clothing,Kids' Apparel,Norwell,3.63,5.99,SUP159,14,384,,False,2025-05-01,Active,2778.72,501,B,1,0,0
P04750,ELE-04750-2438,Trailhaven Elite Wireless Earbuds,Electronics,Headphones & Audio,Trailhaven,188.09,281.99,SUP191,50,39,,False,2026-02-27,Active,24227.31,93,A,0,0,1
P04751,PER-04751-4756,Halcyon Essential Toothbrush 4-Pack,Personal Care,Oral Care,Halcyon,2.65,5.99,SUP063,3,391,494.0,False,2024-01-13,Active,465.23,83,C,0,0,0
P04752,TOY-04752-7399,Ostrom Deluxe Magnetic Tile Set,Toys,Building Sets,Ostrom,10.94,25.99,SUP294,35,261,,False,2024-01-08,Active,2430.84,104,B,0,0,0
P04753,CLO-04753-9630,Ostrom Ultra High-Waist Jeans,Clothing,Women's Apparel,Ostrom,9.1,19.99,SUP148,24,226,,False,2025-07-14,Active,980.45,51,C,0,0,0
P04754,SPO-04754-2525,Norwell Max Shin Guards,Sports,Team Sports Gear,Norwell,10.67,21.99,SUP207,33,306,,True,2024-05-09,Seasonal,2806.85,139,B,0,0,0
P04755,CLO-04755-7542,Kestrel Max Kids Rain Jacket,Clothing,Kids' Apparel,Kestrel,14.66,25.99,SUP115,39,181,,False,2026-06-24,Active,8006.59,331,A,1,0,0
P04756,TOY-04756-6611,Willowbrook Pro STEM Building Kit,Toys,Educational Toys,Willowbrook,31.29,72.99,SUP194,3,149,,False,2024-04-20,Active,2618.81,39,B,0,1,1
P04757,HOM-04757-1709,Comet Series 2 Pillow 2-Pack,Home & Kitchen,Bedding & Linens,Comet,12.19,19.99,SUP294,37,180,,False,2025-11-04,Active,367.54,20,C,0,1,0
P04758,BEA-04758-2596,Lumino Classic Body Wash,Beauty,Bath & Body,Lumino,8.97,14.99,SUP030,9,267,465.0,False,2024-10-16,Active,4174.61,296,B,1,0,0
P04759,GRO-04759-1463,Solstice Advanced Herbal Tea Sampler,Grocery,Beverages,Solstice,3.14,4.99,SUP116,14,548,177.0,False,2026-04-22,Active,955.62,211,C,0,0,0
P04760,BEA-04760-3403,Everline Series 2 Hair Dryer,Beauty,Haircare,Everline,35.11,97.99,SUP199,44,182,346.0,False,2026-02-28,Active,7518.97,81,B,0,0,1
P04761,BEA-04761-9547,Norwell X200 Body Wash,Beauty,Bath & Body,Norwell,18.77,44.99,SUP258,51,150,315.0,True,2025-12-29,Seasonal,45.57,1,C,0,1,1
P04762,HOM-04762-4348,Vaultis Max Throw Pillow Set,Home & Kitchen,Home Decor,Vaultis,7.87,14.99,SUP174,24,355,,True,2025-08-06,Seasonal,702.62,51,C,0,0,0
P04763,PER-04763-8231,Palisade Everyday Cotton Swabs Bulk,Personal Care,Personal Hygiene,Palisade,5.35,8.99,SUP055,12,393,172.0,True,2024-07-16,Seasonal,569.56,69,C,0,0,0
P04764,ELE-04764-6264,Lumino Max Laptop Stand,Electronics,Laptop Accessories,Lumino,44.78,95.99,SUP176,51,136,,False,2024-04-08,Active,2306.41,26,B,0,1,0
P04765,ELE-04765-1354,Norwell Pro Screen Protector 2-Pack,Electronics,Mobile Accessories,Norwell,123.61,184.99,SUP171,47,70,,True,2024-08-27,Seasonal,12731.75,78,A,0,0,1
P04766,BEA-04766-2382,Pinnacle Deluxe Styling Cream,Beauty,Haircare,Pinnacle,28.77,55.99,SUP012,30,95,84.0,False,2024-03-12,Active,1128.31,22,C,0,1,1
P04767,BOO-04767-8720,Kestrel Classic Fantasy Trilogy Box Set,Books,Fiction,Kestrel,4.52,6.99,SUP171,62,306,,False,2025-12-16,Active,12209.63,1890,A,1,0,0
P04768,HOM-04768-5779,Meridian Elite Cast Iron Skillet,Home & Kitchen,Cookware,Meridian,11.39,26.99,SUP159,13,281,,False,2024-09-20,Active,20780.39,828,A,1,0,0
P04769,CLO-04769-5418,Sunneva Advanced Training Jacket,Clothing,Activewear,Sunneva,15.23,27.99,SUP074,23,245,,False,2025-02-05,Active,4531.32,175,B,0,0,0
P04770,SPO-04770-4708,Vaultis Ultra Bike Water Bottle Cage,Sports,Cycling,Vaultis,47.38,88.99,SUP056,8,121,,True,2025-07-19,Seasonal,4630.62,57,B,0,0,1
P04771,ELE-04771-7698,Ostrom Signature Soundbar,Electronics,Headphones & Audio,Ostrom,23.79,43.99,SUP220,61,117,,False,2025-10-01,Active,56297.06,1379,A,1,0,0
P04772,PER-04772-2823,Palisade Elite Deodorant 2-Pack,Personal Care,Personal Hygiene,Palisade,13.44,24.99,SUP019,13,144,539.0,False,2025-06-25,Active,12303.42,534,A,1,0,1
P04773,GRO-04773-6249,Ostrom Elite Pasta Variety Pack,Grocery,Pantry Staples,Ostrom,2.4,3.99,SUP073,22,673,281.0,True,2025-11-02,Seasonal,206.13,54,C,0,0,0
P04774,BOO-04774-5895,ClearPath Everyday Manga Box Set,Books,Comics & Graphic Novels,ClearPath,5.02,7.99,SUP200,55,417,,False,2024-04-14,Active,981.26,132,C,0,0,0
P04775,ELE-04775-7143,Copperfield Compact Laptop Stand,Electronics,Laptop Accessories,Copperfield,71.08,151.99,SUP050,50,91,,False,2024-09-12,Active,8826.89,62,A,0,0,0
P04776,SPO-04776-9939,Copperfield Compact Camp Chair,Sports,Outdoor Recreation,Copperfield,4.41,7.99,SUP026,28,235,,False,2025-11-24,Active,887.77,122,C,0,0,0
P04777,AUT-04777-3935,Vanture Signature Wheel Cleaner,Automotive,Tire & Wheel Care,Vanture,14.74,24.99,SUP294,36,227,,False,2025-10-16,Active,2040.69,88,C,0,0,0
P04778,ELE-04778-9379,Brightline Advanced Lens Filter Set,Electronics,Cameras & Accessories,Brightline,20.76,44.99,SUP159,13,212,,False,2025-07-30,Active,4193.18,100,B,0,0,0
P04779,ELE-04779-5676,Copperfield Deluxe Screen Protector 2-Pack,Electronics,Mobile Accessories,Copperfield,23.26,34.99,SUP068,32,156,,False,2026-05-07,Active,5296.81,162,B,0,0,0
P04780,GRO-04780-3000,Amberfield Signature Cereal Box,Grocery,Breakfast Foods,Amberfield,7.26,10.99,SUP030,8,187,119.0,False,2026-06-15,Active,889.52,87,C,0,0,1
P04781,ELE-04781-2775,NorthPoint Premium Video Doorbell,Electronics,Smart Home Devices,NorthPoint,39.94,62.99,SUP005,40,98,,False,2024-03-17,Active,40117.34,683,A,1,0,0
P04782,PER-04782-8279,Foundry Series 2 Electric Toothbrush,Personal Care,Oral Care,Foundry,8.43,12.99,SUP215,14,202,62.0,False,2025-05-18,Active,690.01,57,C,0,0,1
P04783,BOO-04783-4569,Solstice Compact Biography,Books,Non-Fiction,Solstice,3.37,5.99,SUP097,44,512,,False,2026-04-01,Active,2216.96,396,B,1,0,0
P04784,BOO-04784-6522,Vanture Premium Picture Book,Books,Children's Books,Vanture,6.05,9.99,SUP043,16,228,,False,2024-10-25,Active,214.53,23,C,0,1,0
P04785,PER-04785-1842,Vertex Pro Grooming Kit,Personal Care,Shaving & Grooming,Vertex,5.27,8.99,SUP271,38,220,455.0,False,2024-02-23,Active,1334.25,160,C,0,0,0
P04786,AUT-04786-8217,Copperfield Pro Tire Shine Kit,Automotive,Tire & Wheel Care,Copperfield,32.14,61.99,SUP199,34,171,,False,2024-04-18,Active,20361.46,354,A,1,0,0
P04787,TOY-04787-6952,Novara Pro Magnetic Tile Set,Toys,Building Sets,Novara,3.54,8.99,SUP245,14,616,,False,2025-10-20,Active,2067.29,246,B,0,0,0
P04788,GRO-04788-2748,Rockridge Everyday Trail Mix,Grocery,Snacks,Rockridge,2.61,4.99,SUP181,10,692,142.0,False,2026-04-18,Active,220.35,48,C,0,0,0
P04789,GRO-04789-1536,Everline Advanced Pasta Variety Pack,Grocery,Pantry Staples,Everline,3.87,5.44,SUP274,19,461,210.0,True,2025-10-06,Seasonal,604.3,120,C,0,0,0
P04790,GRO-04790-5781,Pinnacle Pro Olive Oil,Grocery,Pantry Staples,Pinnacle,6.3,9.99,SUP088,42,289,200.0,False,2024-02-04,Active,7996.47,861,A,1,0,1
P04791,GRO-04791-3666,Palisade Everyday BBQ Sauce,Grocery,Condiments & Sauces,Palisade,7.42,10.99,SUP030,9,193,154.0,False,2025-01-11,Discontinued,30.86,3,C,0,1,1
P04792,BEA-04792-6236,ClearPath Everyday Plus Lipstick Set,Beauty,Makeup,ClearPath,4.97,11.99,SUP005,38,340,264.0,False,2024-11-14,Active,3342.5,301,B,1,0,0
P04793,HOM-04793-1912,Ostrom Everyday Plus Pillow 2-Pack,Home & Kitchen,Bedding & Linens,Ostrom,39.85,76.99,SUP011,32,87,,False,2026-04-11,Active,19040.64,263,A,1,0,1
P04794,GRO-04794-7541,Silverpine Essential Protein Bar Box,Grocery,Snacks,Silverpine,4.12,5.99,SUP258,44,526,230.0,False,2025-04-29,Active,400.97,71,C,0,0,0
P04795,BEA-04795-6990,Solstice Elite Hair Mask,Beauty,Haircare,Solstice,23.86,46.99,SUP171,54,204,445.0,True,2024-08-02,Seasonal,31382.3,714,A,1,0,1
P04796,GRO-04796-9642,Brightline Classic Protein Bar Box,Grocery,Snacks,Brightline,4.53,6.99,SUP012,26,384,395.0,False,2025-06-03,Active,10175.76,1563,A,1,0,0
P04797,HOM-04797-5215,Glacier Pro Stock Pot,Home & Kitchen,Cookware,Glacier,46.66,76.99,SUP022,63,91,,False,2025-11-13,Active,23886.57,336,A,1,0,1
P04798,BEA-04798-5138,Foundry Advanced Foundation,Beauty,Makeup,Foundry,8.66,20.99,SUP199,41,324,452.0,False,2025-06-15,Active,8817.68,453,A,1,0,0
P04799,CLO-04799-4280,Vaultis Essential Sandals,Clothing,Footwear,Vaultis,7.6,21.99,SUP106,13,329,,False,2025-01-15,Active,267.74,13,C,0,1,0
P04800,SPO-04800-6545,Trailhaven Classic Hiking Backpack,Sports,Outdoor Recreation,Trailhaven,8.95,19.99,SUP225,46,290,,False,2025-10-16,Active,590.67,31,C,0,1,0
P04801,SPO-04801-5268,Sunneva Everyday Plus Soccer Ball,Sports,Team Sports Gear,Sunneva,4.27,9.99,SUP274,17,557,,True,2024-10-04,Seasonal,1209.3,128,C,0,0,0
P04802,HOM-04802-8243,Comet Elite Stand Mixer,Home & Kitchen,Small Appliances,Comet,28.33,66.99,SUP218,54,117,,False,2024-04-27,Active,2326.13,37,B,0,1,0
P04803,ELE-04803-2451,Cedarwood Essential Soundbar,Electronics,Headphones & Audio,Cedarwood,11.7,21.99,SUP037,40,200,,False,2026-02-25,Active,7096.64,348,B,1,0,0
P04804,GRO-04804-2229,Everline Advanced Trail Mix,Grocery,Snacks,Everline,2.1,3.99,SUP179,19,372,455.0,False,2025-10-18,Active,4.11,1,C,0,1,0
P04805,HOM-04805-9019,Brightline Series 2 Nonstick Frying Pan,Home & Kitchen,Cookware,Brightline,4.99,8.99,SUP171,61,284,,False,2025-10-28,Active,3745.13,444,B,1,0,0
P04806,BEA-04806-9770,Vanture X200 Foundation,Beauty,Makeup,Vanture,14.74,35.99,SUP258,49,201,293.0,True,2026-03-22,Seasonal,2391.49,70,B,0,0,1
P04807,PER-04807-4118,Quinley Essential Electric Toothbrush,Personal Care,Oral Care,Quinley,13.53,28.99,SUP046,17,276,326.0,False,2025-10-12,Active,665.47,26,C,0,1,1
P04808,HOM-04808-6854,ClearPath Max Throw Pillow Set,Home & Kitchen,Home Decor,ClearPath,33.22,71.99,SUP210,26,97,,False,2024-01-28,Active,60306.84,905,A,1,0,1
P04809,GRO-04809-7037,Aurelia Pro Rice 5lb Bag,Grocery,Pantry Staples,Aurelia,6.44,9.99,SUP171,55,332,92.0,False,2026-02-08,Active,643.27,69,C,0,0,1
P04810,SPO-04810-5789,Aurelia Lite Yoga Towel,Sports,Yoga & Wellness,Aurelia,9.72,16.99,SUP139,11,217,,False,2024-02-02,Discontinued,35.02,2,C,0,1,0
P04811,CLO-04811-9510,ClearPath Elite Compression Shorts,Clothing,Activewear,ClearPath,17.44,28.99,SUP075,21,234,,False,2025-09-23,Active,4381.39,167,B,0,0,1
P04812,ELE-04812-9164,Ostrom Premium Wireless Earbuds,Electronics,Headphones & Audio,Ostrom,49.23,80.99,SUP008,22,119,,True,2026-06-23,Seasonal,14574.31,194,A,0,0,0
P04813,HOM-04813-2121,Aurelia Max Weighted Blanket,Home & Kitchen,Bedding & Linens,Aurelia,51.57,77.99,SUP242,8,64,,False,2025-01-02,Active,4124.08,56,B,0,0,1
P04814,PER-04814-5165,Brightline Max Blood Pressure Monitor,Personal Care,Health Monitoring,Brightline,6.83,13.99,SUP022,64,224,435.0,False,2024-10-11,Active,28614.68,2202,A,1,0,0
P04815,ELE-04815-7092,Brightline Max Camera Backpack,Electronics,Cameras & Accessories,Brightline,27.64,54.99,SUP102,16,179,,True,2026-04-26,Seasonal,5679.03,112,B,0,0,0
P04816,BOO-04816-8589,Amberfield Max Self-Help Guide,Books,Non-Fiction,Amberfield,5.09,9.99,SUP148,22,427,,False,2025-02-19,Active,3780.14,407,B,1,0,0
P04817,TOY-04817-1070,Willowbrook X200 Coding Robot Kit,Toys,Educational Toys,Willowbrook,8.23,12.99,SUP084,40,191,,False,2026-04-20,Active,2039.67,169,C,0,0,0
P04818,GRO-04818-4894,Lumino Pro Olive Oil,Grocery,Pantry Staples,Lumino,7.35,9.99,SUP188,23,251,417.0,False,2024-10-09,Active,4364.63,468,B,1,0,1
P04819,SPO-04819-9535,Lumino X200 Foam Roller,Sports,Fitness Equipment,Lumino,15.94,34.99,SUP084,50,159,,False,2024-06-17,Active,1726.11,52,C,0,0,0
P04820,HOM-04820-5233,UrbanNest X200 Comforter,Home & Kitchen,Bedding & Linens,UrbanNest,20.88,47.99,SUP153,40,166,,False,2025-05-22,Active,804.39,17,C,0,1,0
P04821,GRO-04821-4047,UrbanNest X200 Rice 5lb Bag,Grocery,Pantry Staples,UrbanNest,1.5,2.99,SUP022,64,430,144.0,False,2024-12-05,Active,1013.51,364,C,1,0,0
P04822,GRO-04822-1679,Trailhaven Advanced Sports Drink Case,Grocery,Beverages,Trailhaven,9.68,12.99,SUP116,14,267,304.0,False,2025-10-10,Active,1580.3,131,C,0,0,1
P04823,PER-04823-3614,Harborlight Lite Electric Toothbrush,Personal Care,Oral Care,Harborlight,8.61,16.99,SUP164,23,198,85.0,True,2024-09-29,Seasonal,4060.57,256,B,1,0,1
P04824,HOM-04824-6425,Ashford Advanced Nonstick Frying Pan,Home & Kitchen,Cookware,Ashford,88.57,139.99,SUP258,44,92,,False,2025-11-24,Active,3475.88,27,B,0,1,1
P04825,ELE-04825-3762,Crestmark Everyday Plus Action Camera,Electronics,Cameras & Accessories,Crestmark,6.12,10.99,SUP037,42,348,,True,2024-11-19,Seasonal,3961.05,387,B,1,0,0
P04826,PER-04826-2780,Willowbrook Compact Protein Powder,Personal Care,Vitamins & Supplements,Willowbrook,6.85,10.99,SUP084,39,392,155.0,False,2024-11-20,Active,64.18,6,C,0,1,0
P04827,HOM-04827-9908,BlueStone Advanced Electric Kettle,Home & Kitchen,Small Appliances,BlueStone,6.32,11.99,SUP064,11,365,,True,2025-10-09,Seasonal,986.01,87,C,0,0,0
P04828,AUT-04828-1372,Pinnacle Max Backup Camera,Automotive,Car Electronics,Pinnacle,39.44,62.99,SUP030,8,162,,True,2024-08-25,Seasonal,861.71,16,C,0,1,1
P04829,SPO-04829-3666,BlueStone Pro Resistance Bands Set,Sports,Fitness Equipment,BlueStone,36.85,80.99,SUP106,14,173,,False,2024-09-17,Active,11355.46,150,A,0,0,1
P04830,CLO-04830-6096,Sunneva Compact Training Jacket,Clothing,Activewear,Sunneva,28.95,71.99,SUP274,23,157,,True,2025-05-13,Seasonal,2338.14,36,B,0,1,1
P04831,TOY-04831-9202,ClearPath Deluxe 1000-Piece Puzzle,Toys,Board Games & Puzzles,ClearPath,2.59,5.99,SUP102,18,595,,False,2024-10-29,Active,76.73,14,C,0,1,0
P04832,SPO-04832-7608,Rockridge Advanced Yoga Mat,Sports,Fitness Equipment,Rockridge,15.93,26.99,SUP068,29,173,,False,2024-12-16,Active,1590.3,63,C,0,0,0
P04833,ELE-04833-9087,Copperfield Premium Fitness Tracker,Electronics,Wearable Tech,Copperfield,24.24,38.99,SUP284,42,215,,False,2024-11-04,Active,10272.5,281,A,1,0,0
P04834,PER-04834-4980,Comet Classic Whitening Kit,Personal Care,Oral Care,Comet,7.57,15.99,SUP207,30,378,177.0,False,2025-07-21,Active,1478.68,101,C,0,0,0
P04835,PER-04835-8694,Novara Everyday Plus Cotton Swabs Bulk,Personal Care,Personal Hygiene,Novara,7.91,12.99,SUP102,17,228,125.0,False,2024-11-01,Active,387.57,33,C,0,1,1
P04836,AUT-04836-3854,Silverpine Compact Tool Kit,Automotive,Tools & Equipment,Silverpine,102.36,214.99,SUP215,14,57,,False,2025-07-11,Active,32414.26,162,A,0,0,1
P04837,BOO-04837-2426,ClearPath Advanced Study Guide,Books,Educational & Reference,ClearPath,7.55,11.99,SUP174,24,360,,False,2024-08-01,Active,7652.6,696,B,1,0,1
P04838,CLO-04838-9054,NorthPoint Everyday Training Jacket,Clothing,Activewear,NorthPoint,9.33,21.99,SUP258,50,231,,True,2026-03-26,Seasonal,6202.59,305,B,1,0,0
P04839,CLO-04839-6937,Brightline Elite Crew Neck Tee 3-Pack,Clothing,Men's Apparel,Brightline,12.58,22.99,SUP024,13,287,,True,2026-05-17,Discontinued,0.0,0,C,0,1,0
P04840,ELE-04840-1597,ClearPath Everyday Plus Lens Filter Set,Electronics,Cameras & Accessories,ClearPath,26.83,45.99,SUP159,15,201,,False,2024-01-04,Active,7365.43,173,B,0,0,0
P04841,CLO-04841-4418,Driftwood Premium High-Waist Jeans,Clothing,Women's Apparel,Driftwood,8.53,23.99,SUP201,16,187,,False,2024-04-05,Active,2671.3,118,B,0,0,0
P04842,BOO-04842-2690,Everline Advanced Mystery Novel,Books,Fiction,Everline,10.13,15.99,SUP297,44,258,,False,2024-04-02,Active,64.24,4,C,0,1,1
P04843,SPO-04843-5254,Crestmark Premium Sleeping Bag,Sports,Outdoor Recreation,Crestmark,10.96,22.99,SUP171,58,324,,False,2024-06-15,Active,241.75,11,C,0,1,0
P04844,GRO-04844-7024,Halcyon Elite Sports Drink Case,Grocery,Beverages,Halcyon,2.5,4.99,SUP028,45,572,457.0,False,2025-12-18,Active,1201.14,258,C,1,0,0
P04845,CLO-04845-2387,Willowbrook Deluxe High-Waist Jeans,Clothing,Women's Apparel,Willowbrook,9.07,15.99,SUP290,30,188,,False,2024-08-13,Active,1860.45,125,C,0,0,0
P04846,BOO-04846-9219,Glacier Max Fantasy Trilogy Box Set,Books,Fiction,Glacier,5.24,9.99,SUP130,12,455,,False,2025-06-16,Active,985.66,108,C,0,0,0
P04847,BEA-04847-9794,Solstice X200 Eau de Parfum,Beauty,Fragrances,Solstice,10.18,27.99,SUP145,37,189,505.0,False,2024-08-17,Active,621.41,25,C,0,1,0
P04848,PER-04848-6965,Timbercrest Signature Body Wipes,Personal Care,Personal Hygiene,Timbercrest,11.94,21.99,SUP061,20,231,170.0,True,2024-02-27,Seasonal,8575.08,417,A,1,0,1
P04849,SPO-04849-3390,Solstice Everyday Plus Adjustable Dumbbell Set,Sports,Fitness Equipment,Solstice,4.87,10.99,SUP245,15,531,,False,2024-03-17,Discontinued,21.02,2,C,0,1,0
P04850,ELE-04850-3016,Amberfield Elite Security Camera,Electronics,Smart Home Devices,Amberfield,78.85,152.99,SUP158,22,109,,False,2026-05-09,Discontinued,154.81,1,C,0,1,1
P04851,ELE-04851-8725,Ironclad Pro Phone Case,Electronics,Mobile Accessories,Ironclad,47.31,95.99,SUP290,33,119,,False,2025-05-24,Active,2199.6,25,B,0,1,0
P04852,SPO-04852-4915,Lumino Deluxe Yoga Mat,Sports,Fitness Equipment,Lumino,6.47,13.99,SUP154,11,229,,False,2025-08-16,Active,333.88,25,C,0,1,0
P04853,BEA-04853-1542,Ostrom Everyday Eyeshadow Palette,Beauty,Makeup,Ostrom,5.81,13.99,SUP037,31,311,86.0,False,2024-06-20,Active,365.93,29,C,0,1,0
P04854,AUT-04854-4653,Quinley Lite Wheel Cleaner,Automotive,Tire & Wheel Care,Quinley,19.68,39.99,SUP222,47,136,,False,2025-03-19,Active,14295.27,390,A,1,0,0
P04855,HOM-04855-8130,ClearPath Compact Nonstick Frying Pan,Home & Kitchen,Cookware,ClearPath,31.43,74.99,SUP028,46,157,,False,2025-08-22,Discontinued,228.71,3,C,0,1,0
P04856,ELE-04856-6749,Timbercrest Pro Over-Ear Headphones,Electronics,Headphones & Audio,Timbercrest,134.66,224.99,SUP073,19,75,,False,2025-12-11,Active,32676.45,158,A,0,0,1
P04857,BEA-04857-8170,Comet Ultra Makeup Brush Set,Beauty,Makeup,Comet,12.23,33.99,SUP274,17,253,458.0,True,2025-08-22,Seasonal,5478.06,174,B,0,0,1
P04858,SPO-04858-7001,Fernwood Classic Resistance Bands Set,Sports,Fitness Equipment,Fernwood,23.66,33.99,SUP290,39,174,,False,2025-06-27,Active,2327.76,76,B,0,0,0
P04859,PER-04859-3348,Halcyon Compact Toothbrush 4-Pack,Personal Care,Oral Care,Halcyon,12.91,20.99,SUP226,40,186,267.0,False,2025-07-23,Active,197.78,11,C,0,1,1
P04860,AUT-04860-6080,Copperfield Advanced Tire Pressure Gauge,Automotive,Tools & Equipment,Copperfield,23.08,46.99,SUP050,61,155,,False,2024-12-06,Active,2562.68,59,B,0,0,0
P04861,CLO-04861-6106,Palisade X200 Performance Tank,Clothing,Activewear,Palisade,11.33,24.99,SUP215,10,337,,False,2025-09-29,Active,69.08,3,C,0,1,0
P04862,TOY-04862-9846,Ostrom Max Model Kit,Toys,Building Sets,Ostrom,16.4,28.99,SUP171,54,263,,True,2024-09-27,Seasonal,1783.07,65,C,0,0,0
P04863,ELE-04863-3678,Aurelia Lite Camera Backpack,Electronics,Cameras & Accessories,Aurelia,58.45,84.99,SUP121,16,114,,False,2025-10-18,Active,10350.62,133,A,0,0,0
P04864,CLO-04864-3932,Everline Everyday Plus Training Jacket,Clothing,Activewear,Everline,35.78,90.99,SUP121,12,167,,False,2025-02-17,Active,16844.47,201,A,0,0,1
P04865,PER-04865-2895,Kestrel Everyday Beard Trimmer,Personal Care,Shaving & Grooming,Kestrel,4.18,7.99,SUP123,53,486,180.0,False,2025-06-10,Active,694.02,94,C,0,0,0
P04866,BEA-04866-4445,Rockridge Essential Eau de Parfum,Beauty,Fragrances,Rockridge,10.38,17.99,SUP082,11,280,313.0,False,2025-03-09,Active,651.05,39,C,0,1,0
P04867,PER-04867-6563,NorthPoint Signature Deodorant 2-Pack,Personal Care,Personal Hygiene,NorthPoint,6.78,12.99,SUP159,15,386,367.0,False,2025-06-02,Active,460.44,38,C,0,1,0
P04868,HOM-04868-4895,Vaultis Series 2 Coffee Maker,Home & Kitchen,Small Appliances,Vaultis,8.04,15.99,SUP012,30,225,,True,2025-10-11,Seasonal,1632.6,110,C,0,0,0
P04869,ELE-04869-7527,Everline Pro Wireless Mouse,Electronics,Laptop Accessories,Everline,22.23,36.99,SUP258,50,230,,False,2024-09-13,Active,8974.55,262,A,1,0,0
P04870,CLO-04870-1548,Sunneva Deluxe Chino Pants,Clothing,Men's Apparel,Sunneva,19.82,49.99,SUP270,21,165,,False,2025-03-07,Active,5456.21,116,B,0,0,1
P04871,PER-04871-7412,Ironclad Deluxe Water Flosser,Personal Care,Oral Care,Ironclad,11.74,19.99,SUP109,39,142,505.0,False,2025-01-02,Active,1182.52,65,C,0,0,1
P04872,GRO-04872-9119,Everline Pro Rice 5lb Bag,Grocery,Pantry Staples,Everline,5.09,6.99,SUP276,41,271,521.0,False,2024-01-17,Active,1352.09,207,C,0,0,0
P04873,TOY-04873-8545,Ridgeline Max Backyard Game Set,Toys,Outdoor Play,Ridgeline,15.54,31.99,SUP226,39,228,,False,2026-02-16,Active,3845.99,132,B,0,0,0
P04874,HOM-04874-5128,Brightline Pro Air Fryer,Home & Kitchen,Small Appliances,Brightline,42.39,70.99,SUP258,43,132,,True,2025-09-16,Seasonal,457.24,7,C,0,1,1
P04875,TOY-04875-7436,Harborlight Everyday Plus Kickball Set,Toys,Outdoor Play,Harborlight,145.31,376.99,SUP270,20,61,,False,2024-02-11,Discontinued,719.97,2,C,0,1,1
P04876,CLO-04876-7982,Timbercrest Lite Crew Neck Tee 3-Pack,Clothing,Men's Apparel,Timbercrest,18.52,35.99,SUP086,44,182,,False,2024-03-04,Active,7869.28,235,A,0,0,1
P04877,HOM-04877-4441,ClearPath Signature Sheet Set,Home & Kitchen,Bedding & Linens,ClearPath,29.67,41.99,SUP245,17,157,,False,2026-04-24,Active,756.55,19,C,0,1,0
P04878,SPO-04878-4396,Palisade Premium Hiking Backpack,Sports,Outdoor Recreation,Palisade,38.45,74.99,SUP028,59,145,,False,2026-02-10,Active,2800.6,40,B,0,1,1
P04879,SPO-04879-9811,Glacier Elite Cycling Gloves,Sports,Cycling,Glacier,12.73,26.99,SUP291,27,166,,True,2025-10-27,Seasonal,1376.33,55,C,0,0,0
P04880,CLO-04880-8404,Driftwood Essential Kids Rain Jacket,Clothing,Kids' Apparel,Driftwood,7.1,18.99,SUP171,47,230,,True,2025-10-07,Seasonal,355.95,20,C,0,1,0
P04881,HOM-04881-9601,BlueStone Ultra Pillow 2-Pack,Home & Kitchen,Bedding & Linens,BlueStone,76.79,108.99,SUP196,29,50,,False,2026-02-06,Active,181.53,2,C,0,1,1
P04882,HOM-04882-8809,Silverpine Pro Drawer Dividers,Home & Kitchen,Storage & Organization,Silverpine,27.11,45.99,SUP077,19,161,,False,2025-06-29,Active,538.61,13,C,0,1,0
P04883,PER-04883-5066,Ashford Everyday Plus Pulse Oximeter,Personal Care,Health Monitoring,Ashford,5.06,9.99,SUP010,53,331,481.0,False,2024-01-06,Discontinued,17.34,2,C,0,1,0
P04884,SPO-04884-4593,Aurelia Lite Foam Roller,Sports,Fitness Equipment,Aurelia,50.87,99.99,SUP032,43,143,,False,2025-02-18,Active,13982.1,150,A,0,0,1
P04885,TOY-04885-9739,UrbanNest Everyday Coding Robot Kit,Toys,Educational Toys,UrbanNest,22.67,36.99,SUP028,47,140,,False,2024-10-28,Active,5400.04,159,B,0,0,1
P04886,SPO-04886-5469,Quinley Everyday Plus Camp Chair,Sports,Outdoor Recreation,Quinley,8.11,11.99,SUP117,12,302,,False,2024-06-05,Active,671.95,62,C,0,0,0
P04887,AUT-04887-9847,Amberfield Elite Socket Wrench Set,Automotive,Tools & Equipment,Amberfield,19.64,39.99,SUP075,24,153,,True,2026-02-22,Seasonal,345.41,9,C,0,1,0
P04888,HOM-04888-6603,Meridian Classic Air Fryer,Home & Kitchen,Small Appliances,Meridian,13.15,25.99,SUP275,4,193,,False,2025-08-20,Active,12443.96,514,A,1,0,0
P04889,CLO-04889-7691,Sunneva Everyday Plus Running Shoes,Clothing,Footwear,Sunneva,5.09,13.99,SUP253,61,327,,True,2026-04-02,Seasonal,3683.77,286,B,1,0,0
P04890,SPO-04890-7400,Everline Series 2 Yoga Towel,Sports,Yoga & Wellness,Everline,13.04,19.99,SUP159,14,242,,True,2024-04-09,Seasonal,1028.71,56,C,0,0,0
P04891,ELE-04891-8267,Kestrel Advanced Smart Bulb Kit,Electronics,Smart Home Devices,Kestrel,34.73,65.99,SUP258,50,114,,False,2026-06-08,Active,27638.87,451,A,1,0,0
P04892,HOM-04892-2312,Aurelia Max Nonstick Frying Pan,Home & Kitchen,Cookware,Aurelia,12.27,23.99,SUP164,22,159,,False,2025-07-05,Active,2538.93,113,B,0,0,0
P04893,BOO-04893-2027,Silverpine Signature Early Reader Set,Books,Children's Books,Silverpine,3.43,5.99,SUP274,17,328,,False,2025-06-02,Active,911.1,164,C,0,0,0
P04894,AUT-04894-3651,Pinnacle Premium Socket Wrench Set,Automotive,Tools & Equipment,Pinnacle,26.8,54.99,SUP215,12,152,,True,2024-06-16,Discontinued,0.0,0,C,0,1,0
P04895,SPO-04895-3432,Norwell Max Adjustable Dumbbell Set,Sports,Fitness Equipment,Norwell,14.01,29.99,SUP211,25,200,,False,2025-07-23,Discontinued,131.87,5,C,0,1,0
P04896,ELE-04896-5445,Kestrel Pro Laptop Sleeve,Electronics,Laptop Accessories,Kestrel,26.76,53.99,SUP068,30,196,,False,2025-06-28,Active,302.97,6,C,0,1,0
P04897,PER-04897-2101,Silverpine X200 Grooming Kit,Personal Care,Shaving & Grooming,Silverpine,2.5,4.99,SUP237,35,333,337.0,False,2025-10-01,Active,10056.62,2178,A,1,0,0
P04898,HOM-04898-5829,Fernwood X200 Stock Pot,Home & Kitchen,Cookware,Fernwood,14.88,34.99,SUP225,54,164,,True,2024-05-17,Seasonal,397.95,12,C,0,1,0
P04899,HOM-04899-2378,ClearPath Deluxe Drawer Dividers,Home & Kitchen,Storage & Organization,ClearPath,12.08,26.99,SUP021,17,268,,False,2025-08-03,Active,2790.1,111,B,0,0,0
P04900,PER-04900-7573,ClearPath Premium Toothbrush 4-Pack,Personal Care,Oral Care,ClearPath,3.17,6.99,SUP018,55,556,180.0,False,2024-03-27,Active,1358.19,209,C,0,0,0
P04901,TOY-04901-7994,Novara Deluxe Vehicle Toy Set,Toys,Action Figures & Playsets,Novara,13.0,27.99,SUP263,38,141,,False,2024-03-05,Active,2251.28,88,B,0,0,0
P04902,PER-04902-9733,Amberfield Compact Pulse Oximeter,Personal Care,Health Monitoring,Amberfield,3.31,6.99,SUP293,28,367,169.0,False,2025-03-05,Active,454.53,70,C,0,0,0
P04903,TOY-04903-2842,Copperfield Essential Brick Building Set,Toys,Building Sets,Copperfield,12.23,20.99,SUP171,55,175,,False,2024-04-18,Active,1102.72,56,C,0,0,0
P04904,SPO-04904-1740,Solstice Everyday Plus Yoga Towel,Sports,Yoga & Wellness,Solstice,66.69,122.99,SUP034,42,125,,False,2025-10-09,Active,15351.14,136,A,0,0,1
P04905,GRO-04905-4401,BlueStone Series 2 Granola Bites,Grocery,Snacks,BlueStone,3.83,5.99,SUP115,34,589,170.0,False,2025-03-16,Active,140.46,25,C,0,1,0
P04906,GRO-04906-7555,Ostrom Everyday Plus Breakfast Bar Box,Grocery,Breakfast Foods,Ostrom,3.55,5.99,SUP008,20,638,66.0,False,2024-08-05,Active,393.21,69,C,0,0,0
P04907,PER-04907-4927,Brightline Signature Blood Pressure Monitor,Personal Care,Health Monitoring,Brightline,4.16,8.99,SUP247,7,288,354.0,True,2024-09-05,Seasonal,70.16,8,C,0,1,0
P04908,AUT-04908-2867,NorthPoint Series 2 Roof Rack,Automotive,Exterior Accessories,NorthPoint,28.75,40.99,SUP022,58,167,,False,2025-03-29,Active,36.43,1,C,0,1,0
P04909,GRO-04909-1615,Ridgeline Everyday Popcorn Variety Pack,Grocery,Snacks,Ridgeline,3.28,4.99,SUP084,45,481,219.0,False,2025-06-29,Active,117.49,26,C,0,1,0
P04910,BEA-04910-2459,Driftwood Everyday Plus Lipstick Set,Beauty,Makeup,Driftwood,2.14,6.99,SUP159,12,725,368.0,False,2025-12-29,Active,2721.71,420,B,1,0,0
P04911,GRO-04911-8750,Ostrom Signature Oatmeal Packets,Grocery,Breakfast Foods,Ostrom,2.13,3.99,SUP199,42,450,83.0,False,2025-06-06,Active,325.88,90,C,0,0,0
P04912,GRO-04912-8381,Vertex Classic Rice 5lb Bag,Grocery,Pantry Staples,Vertex,4.89,6.99,SUP274,22,226,336.0,False,2025-05-16,Active,1503.1,228,C,0,0,0
P04913,AUT-04913-8610,Foundry Classic Backup Camera,Automotive,Car Electronics,Foundry,46.06,93.99,SUP115,39,74,,False,2025-07-07,Active,10355.01,118,A,0,0,1
P04914,ELE-04914-5612,Crestmark Signature Tripod Kit,Electronics,Cameras & Accessories,Crestmark,56.78,119.99,SUP043,20,99,,False,2025-06-28,Active,8868.78,79,A,0,0,0
P04915,BEA-04915-1172,UrbanNest Compact Eyeshadow Palette,Beauty,Makeup,UrbanNest,6.77,12.99,SUP022,48,447,296.0,True,2024-11-14,Seasonal,301.05,26,C,0,1,0
P04916,PER-04916-7077,Ashford Advanced Razor Set,Personal Care,Shaving & Grooming,Ashford,3.5,5.99,SUP185,15,274,279.0,True,2024-07-19,Seasonal,619.96,110,C,0,0,0
P04917,CLO-04917-6329,NorthPoint Compact Chino Pants,Clothing,Men's Apparel,NorthPoint,13.36,28.99,SUP028,56,234,,True,2025-04-24,Seasonal,2188.75,82,B,0,0,0
P04918,BEA-04918-6706,ClearPath Everyday Plus Facial Moisturizer,Beauty,Skincare,ClearPath,13.61,37.99,SUP184,24,160,66.0,True,2024-04-23,Seasonal,50702.99,1445,A,1,0,1
P04919,GRO-04919-6386,Driftwood Advanced Salad Dressing Set,Grocery,Condiments & Sauces,Driftwood,3.14,4.99,SUP127,34,306,242.0,False,2024-08-08,Active,231.71,52,C,0,0,0
P04920,ELE-04920-3221,Harborlight Advanced Fitness Tracker,Electronics,Wearable Tech,Harborlight,38.62,83.99,SUP115,41,134,,False,2024-05-15,Active,18253.51,233,A,0,0,0
P04921,HOM-04921-6625,Aurelia Compact Closet Organizer,Home & Kitchen,Storage & Organization,Aurelia,53.39,124.99,SUP064,10,91,,False,2025-03-23,Active,4694.19,41,B,0,1,1
P04922,ELE-04922-9567,NorthPoint Pro Security Camera,Electronics,Smart Home Devices,NorthPoint,20.79,37.99,SUP270,20,206,,False,2026-06-06,Active,1217.03,35,C,0,1,0
P04923,ELE-04923-3327,Vertex Pro GPS Running Watch,Electronics,Wearable Tech,Vertex,36.88,77.99,SUP209,23,111,,False,2026-03-09,Active,22584.63,312,A,1,0,0
P04924,HOM-04924-3259,Brightline Compact Electric Kettle,Home & Kitchen,Small Appliances,Brightline,50.43,96.99,SUP156,22,69,,True,2024-03-19,Seasonal,85857.41,948,A,1,0,1
P04925,GRO-04925-2522,Glacier Pro Pancake Mix,Grocery,Breakfast Foods,Glacier,1.79,3.05,SUP115,34,789,118.0,False,2026-01-18,Active,535.61,188,C,0,0,0
P04926,ELE-04926-6729,Driftwood Signature USB-C Hub,Electronics,Laptop Accessories,Driftwood,55.43,87.99,SUP098,61,113,,True,2024-05-18,Seasonal,2772.88,33,B,0,1,0
P04927,PER-04927-1779,Cedarwood Compact Protein Powder,Personal Care,Vitamins & Supplements,Cedarwood,10.15,14.99,SUP115,46,341,317.0,False,2026-04-10,Active,2707.47,195,B,0,0,1
P04928,ELE-04928-6406,NorthPoint Ultra Screen Protector 2-Pack,Electronics,Mobile Accessories,NorthPoint,14.79,27.99,SUP258,39,241,,False,2024-07-06,Active,6393.42,244,B,0,0,0
P04929,BEA-04929-7490,Fernwood Advanced Body Lotion,Beauty,Bath & Body,Fernwood,8.97,20.99,SUP115,34,158,152.0,True,2024-04-24,Seasonal,38439.09,1968,A,1,0,0
P04930,AUT-04930-3681,NorthPoint Signature Tool Kit,Automotive,Tools & Equipment,NorthPoint,45.9,70.99,SUP004,11,142,,True,2025-12-19,Seasonal,14139.67,218,A,0,0,1
P04931,ELE-04931-5430,Everline Compact Smart Plug,Electronics,Smart Home Devices,Everline,48.68,88.99,SUP274,23,112,,False,2026-01-29,Discontinued,0.0,0,C,0,1,0
P04932,CLO-04932-3209,Pinnacle Pro Running Shoes,Clothing,Footwear,Pinnacle,25.35,59.99,SUP170,27,89,,False,2024-12-28,Active,17932.08,320,A,1,0,1
P04933,AUT-04933-6514,Timbercrest Premium Jump Starter,Automotive,Tools & Equipment,Timbercrest,32.05,51.99,SUP033,49,169,,False,2025-05-13,Active,10974.06,227,A,0,0,0
P04934,CLO-04934-2635,Ridgeline Everyday Denim Jacket,Clothing,Men's Apparel,Ridgeline,36.33,71.99,SUP028,58,155,,False,2025-12-22,Active,16280.16,240,A,0,0,1
P04935,HOM-04935-6018,Ashford Lite Drawer Dividers,Home & Kitchen,Storage & Organization,Ashford,5.49,10.99,SUP102,14,507,,True,2026-02-16,Seasonal,3376.3,331,B,1,0,0
P04936,SPO-04936-6115,Aurelia Lite Team Jersey,Sports,Team Sports Gear,Aurelia,20.36,46.99,SUP171,61,170,,False,2025-01-17,Active,19117.84,441,A,1,0,0
P04937,SPO-04937-6920,Pinnacle Premium Bike Lock,Sports,Cycling,Pinnacle,3.94,6.99,SUP274,22,528,,False,2025-12-16,Active,2272.93,350,B,1,0,0
P04938,BEA-04938-9120,Sunneva Compact Sunscreen SPF50,Beauty,Skincare,Sunneva,10.26,17.99,SUP015,34,298,62.0,False,2025-12-25,Active,1043.64,62,C,0,0,0
P04939,ELE-04939-7348,Kestrel Lite Wireless Earbuds,Electronics,Headphones & Audio,Kestrel,8.84,17.99,SUP095,51,272,,False,2025-12-24,Active,3159.46,186,B,0,0,0
P04940,ELE-04940-3469,Vertex Max Phone Case,Electronics,Mobile Accessories,Vertex,98.99,198.99,SUP064,12,52,,False,2026-03-27,Active,15471.87,83,A,0,0,1
P04941,AUT-04941-2904,Kestrel X200 Tire Shine Kit,Automotive,Tire & Wheel Care,Kestrel,78.19,127.99,SUP115,41,78,,False,2026-02-01,Active,11046.9,90,A,0,0,1
P04942,GRO-04942-4892,Foundry Elite Pasta Variety Pack,Grocery,Pantry Staples,Foundry,2.08,3.99,SUP236,2,427,286.0,False,2025-02-11,Active,594.46,158,C,0,0,0
P04943,HOM-04943-7191,Kestrel Classic Throw Pillow Set,Home & Kitchen,Home Decor,Kestrel,18.74,36.99,SUP030,8,151,,False,2024-10-14,Active,2268.03,66,B,0,0,0
P04944,CLO-04944-4540,Crestmark Max High-Waist Jeans,Clothing,Women's Apparel,Crestmark,1.58,3.99,SUP274,22,930,,True,2026-06-18,Seasonal,796.38,216,C,0,0,0
P04945,PER-04945-3483,Timbercrest Classic Electric Toothbrush,Personal Care,Oral Care,Timbercrest,4.64,7.99,SUP064,12,307,61.0,False,2025-02-11,Active,805.23,109,C,0,0,0
P04946,ELE-04946-7285,Ashford Compact Tripod Kit,Electronics,Cameras & Accessories,Ashford,58.82,93.99,SUP215,14,123,,True,2026-04-30,Seasonal,351.04,4,C,0,1,0
P04947,ELE-04947-1249,Halcyon Series 2 Smart Plug,Electronics,Smart Home Devices,Halcyon,158.6,333.99,SUP174,29,33,,False,2026-06-28,Active,72000.38,233,A,0,0,1
P04948,BEA-04948-8532,Amberfield Ultra Loofah & Soap Set,Beauty,Bath & Body,Amberfield,4.37,9.99,SUP159,15,399,403.0,False,2024-01-15,Active,1728.02,186,C,0,0,0
P04949,SPO-04949-8369,Trailhaven Signature Hiking Backpack,Sports,Outdoor Recreation,Trailhaven,40.81,87.99,SUP255,19,142,,False,2024-05-08,Discontinued,370.53,5,C,0,1,1
P04950,CLO-04950-1807,Cedarwood X200 Performance Tank,Clothing,Activewear,Cedarwood,62.48,131.99,SUP171,49,122,,False,2025-05-29,Active,10492.63,85,A,0,0,1
P04951,AUT-04951-7763,Foundry Elite Tire Inflator,Automotive,Tire & Wheel Care,Foundry,20.58,31.99,SUP230,40,102,,False,2024-03-21,Active,981.58,33,C,0,1,0
P04952,ELE-04952-5945,Ostrom Max Sleep Tracker Ring,Electronics,Wearable Tech,Ostrom,13.4,28.99,SUP168,7,273,,False,2025-08-22,Active,1696.6,62,C,0,0,0
P04953,GRO-04953-7772,Everline Max Cereal Box,Grocery,Breakfast Foods,Everline,1.8,3.06,SUP210,28,876,392.0,False,2024-01-11,Active,612.08,215,C,0,0,0
P04954,GRO-04954-7883,Vertex Signature Trail Mix,Grocery,Snacks,Vertex,2.75,4.15,SUP012,26,365,218.0,True,2026-02-07,Seasonal,2858.37,746,B,1,0,0
P04955,GRO-04955-4381,Novara Deluxe Protein Bar Box,Grocery,Snacks,Novara,4.79,6.99,SUP176,47,236,461.0,False,2025-01-25,Active,1041.0,159,C,0,0,0
P04956,CLO-04956-8343,Ironclad Essential Running Leggings,Clothing,Activewear,Ironclad,13.64,23.99,SUP269,31,161,,False,2025-09-06,Discontinued,47.9,2,C,0,1,0
P04957,TOY-04957-7961,Brightline Advanced Coding Robot Kit,Toys,Educational Toys,Brightline,7.74,15.99,SUP179,23,228,,True,2025-02-28,Seasonal,1145.42,79,C,0,0,0
P04958,GRO-04958-7287,Aurelia Series 2 Baking Mix,Grocery,Pantry Staples,Aurelia,2.48,4.99,SUP245,13,404,457.0,False,2025-09-19,Active,1483.28,320,C,1,0,0
P04959,TOY-04959-3608,Everline Advanced Backyard Game Set,Toys,Outdoor Play,Everline,11.07,22.99,SUP294,43,260,,True,2025-09-12,Seasonal,3012.91,144,B,0,0,0
P04960,HOM-04960-3000,Silverpine Everyday Stock Pot,Home & Kitchen,Cookware,Silverpine,19.11,33.99,SUP030,8,141,,False,2024-09-21,Active,9556.29,303,A,1,0,0
P04961,CLO-04961-3681,Harborlight Signature Running Shoes,Clothing,Footwear,Harborlight,19.72,47.99,SUP195,44,209,,True,2025-12-30,Seasonal,5225.08,115,B,0,0,1
P04962,BEA-04962-3862,Lumino Series 2 Cologne,Beauty,Fragrances,Lumino,8.84,25.99,SUP270,20,277,396.0,False,2026-01-18,Active,5586.9,232,B,0,0,0
P04963,CLO-04963-4292,Palisade Lite Crew Neck Tee 3-Pack,Clothing,Men's Apparel,Palisade,2.7,4.99,SUP008,22,505,,False,2024-10-20,Active,11414.84,2470,A,1,0,0
P04964,ELE-04964-7907,Kestrel X200 Smart Plug,Electronics,Smart Home Devices,Kestrel,101.5,218.99,SUP034,44,94,,False,2024-02-27,Discontinued,0.0,0,C,0,1,1
P04965,PER-04965-7511,Everline Signature Digital Thermometer,Personal Care,Health Monitoring,Everline,11.67,17.99,SUP058,8,254,261.0,True,2025-02-12,Seasonal,38524.76,2324,A,1,0,1
P04966,PER-04966-4050,Quinley X200 Water Flosser,Personal Care,Oral Care,Quinley,2.78,5.99,SUP263,42,412,443.0,False,2025-08-22,Active,2103.89,380,B,1,0,0
P04967,AUT-04967-3234,Ironclad Essential Steering Wheel Cover,Automotive,Interior Accessories,Ironclad,11.58,19.99,SUP292,30,153,,False,2025-12-10,Active,71844.32,3854,A,1,0,0
P04968,AUT-04968-7571,Willowbrook Classic Wheel Cover Set,Automotive,Tire & Wheel Care,Willowbrook,13.42,23.99,SUP274,19,224,,False,2024-07-03,Active,1052.88,47,C,0,0,0
P04969,HOM-04969-1668,Solstice Advanced Coffee Maker,Home & Kitchen,Small Appliances,Solstice,9.73,15.99,SUP138,15,314,,False,2025-03-13,Active,3022.62,202,B,0,0,0
P04970,CLO-04970-6096,Kestrel Everyday Plus Crew Neck Tee 3-Pack,Clothing,Men's Apparel,Kestrel,8.35,12.99,SUP189,2,324,,True,2025-11-29,Seasonal,1618.93,134,C,0,0,0
P04971,GRO-04971-3332,Ridgeline X200 BBQ Sauce,Grocery,Condiments & Sauces,Ridgeline,6.27,9.99,SUP022,61,416,490.0,False,2025-04-24,Active,2656.5,291,B,1,0,1
P04972,AUT-04972-6332,Ashford Classic Dash Cam,Automotive,Car Electronics,Ashford,18.26,26.99,SUP293,24,227,,False,2025-12-21,Active,5611.83,224,B,0,0,0
P04973,HOM-04973-5132,Copperfield Everyday Plus Electric Kettle,Home & Kitchen,Small Appliances,Copperfield,25.81,57.99,SUP275,4,154,,False,2025-09-06,Active,9216.84,172,A,0,0,0
P04974,HOM-04974-1633,Comet Premium Sheet Set,Home & Kitchen,Bedding & Linens,Comet,58.48,121.99,SUP171,61,77,,False,2024-06-08,Active,17811.35,158,A,0,0,1
P04975,SPO-04975-3869,Ridgeline Everyday Plus Camp Chair,Sports,Outdoor Recreation,Ridgeline,87.27,124.99,SUP028,56,99,,False,2024-07-11,Active,5841.85,52,B,0,0,1
P04976,ELE-04976-5526,Halcyon Max Camera Backpack,Electronics,Cameras & Accessories,Halcyon,84.96,147.99,SUP275,5,75,,False,2025-12-24,Active,7917.19,58,A,0,0,1
P04977,SPO-04977-7476,Driftwood Pro Sleeping Bag,Sports,Outdoor Recreation,Driftwood,14.7,31.99,SUP270,20,143,,True,2025-10-03,Seasonal,5951.45,199,B,0,0,0
P04978,GRO-04978-9291,BlueStone Premium Hot Sauce Set,Grocery,Condiments & Sauces,BlueStone,3.44,5.99,SUP294,37,614,228.0,False,2026-02-02,Active,333.63,65,C,0,0,0
P04979,SPO-04979-1696,NorthPoint Classic Resistance Bands Set,Sports,Fitness Equipment,NorthPoint,8.48,18.99,SUP151,24,209,,False,2024-09-25,Active,1800.93,102,C,0,0,0
P04980,AUT-04980-7293,Norwell Advanced Tire Inflator,Automotive,Tire & Wheel Care,Norwell,7.57,12.99,SUP090,25,213,,False,2024-02-18,Discontinued,23.81,2,C,0,1,0
P04981,BOO-04981-6902,Pinnacle Signature Graphic Novel Vol. 1,Books,Comics & Graphic Novels,Pinnacle,2.97,5.99,SUP102,14,366,,True,2024-08-04,Seasonal,852.09,151,C,0,0,0
P04982,HOM-04982-1057,Norwell Max Cookware Set,Home & Kitchen,Cookware,Norwell,37.09,64.99,SUP148,27,93,,False,2025-01-27,Active,1242.96,21,C,0,1,1
P04983,ELE-04983-3823,Brightline Series 2 Screen Protector 2-Pack,Electronics,Mobile Accessories,Brightline,31.06,68.99,SUP274,20,111,,False,2024-04-21,Active,5707.86,90,B,0,0,0
P04984,ELE-04984-2251,Vaultis Max GPS Running Watch,Electronics,Wearable Tech,Vaultis,26.08,52.99,SUP028,53,159,,True,2024-06-24,Seasonal,917.44,20,C,0,1,0
P04985,ELE-04985-2654,Palisade Pro Fitness Tracker,Electronics,Wearable Tech,Palisade,13.78,26.99,SUP177,18,161,,False,2024-05-11,Active,4179.02,168,B,0,0,0
P04986,CLO-04986-3980,Copperfield Lite Toddler Joggers,Clothing,Kids' Apparel,Copperfield,18.49,38.99,SUP274,18,239,,False,2024-04-25,Active,10681.37,289,A,1,0,1
P04987,GRO-04987-3098,Novara Premium Sports Drink Case,Grocery,Beverages,Novara,3.13,4.99,SUP068,28,455,91.0,True,2024-12-14,Seasonal,231.64,51,C,0,0,0
P04988,HOM-04988-6482,Foundry Ultra Cast Iron Skillet,Home & Kitchen,Cookware,Foundry,53.39,98.99,SUP156,21,99,,False,2026-01-02,Discontinued,0.0,0,C,0,1,1
P04989,HOM-04989-2786,Willowbrook Deluxe Comforter,Home & Kitchen,Bedding & Linens,Willowbrook,10.23,16.99,SUP237,33,293,,False,2024-12-11,Active,5977.15,380,B,1,0,0
P04990,PER-04990-2322,Rockridge Series 2 Body Wipes,Personal Care,Personal Hygiene,Rockridge,4.43,6.99,SUP152,10,248,386.0,False,2024-09-24,Active,2454.44,380,B,1,0,0
P04991,ELE-04991-8747,Solstice Lite USB-C Hub,Electronics,Laptop Accessories,Solstice,10.9,18.99,SUP158,24,205,,False,2025-05-15,Active,5171.2,296,B,1,0,0
P04992,GRO-04992-5716,Harborlight Compact Coffee Pods Box,Grocery,Beverages,Harborlight,3.7,5.99,SUP220,55,512,87.0,True,2025-08-10,Seasonal,350.89,62,C,0,0,0
P04993,CLO-04993-3658,Vanture Pro School Uniform Set,Clothing,Kids' Apparel,Vanture,4.13,6.99,SUP032,45,374,,False,2024-11-14,Active,458.06,71,C,0,0,0
P04994,ELE-04994-8402,Fernwood Classic Over-Ear Headphones,Electronics,Headphones & Audio,Fernwood,18.61,38.99,SUP207,31,118,,False,2024-01-04,Active,3837.84,103,B,0,0,0
P04995,PER-04995-8314,Halcyon Advanced Blood Pressure Monitor,Personal Care,Health Monitoring,Halcyon,5.83,8.99,SUP274,20,341,229.0,False,2024-09-28,Active,912.95,108,C,0,0,0
P04996,ELE-04996-1082,Amberfield Ultra Bluetooth Speaker,Electronics,Headphones & Audio,Amberfield,11.82,23.99,SUP022,54,177,,True,2024-03-13,Seasonal,173.01,8,C,0,1,0
P04997,SPO-04997-3610,Willowbrook Elite Sleeping Bag,Sports,Outdoor Recreation,Willowbrook,37.89,65.99,SUP018,43,163,,True,2024-05-12,Seasonal,1821.36,31,C,0,1,1
P04998,BOO-04998-5858,Foundry Series 2 Reference Encyclopedia,Books,Educational & Reference,Foundry,10.64,18.99,SUP022,66,166,,False,2025-07-10,Active,7027.73,405,B,1,0,1
P04999,TOY-04999-1033,Norwell Premium Model Kit,Toys,Building Sets,Norwell,12.44,24.99,SUP211,24,144,,False,2024-06-12,Active,3594.45,154,B,0,0,0
P05000,SPO-05000-7078,Novara Essential Massage Roller,Sports,Yoga & Wellness,Novara,96.51,161.99,SUP109,34,77,,False,2024-12-03,Active,39949.86,266,A,1,0,1
